{
  "multipart": [
    {
      "apply": {
        "model": "minecraft:block/composter"
      }
    },
    {
      "when": {
        "level": "1"
      },
      "apply": {
        "model": "minecraft:block/composter_contents_1"
      }
    },
    {
      "when": {
        "level": "2"
      },
      "apply": {
        "model": "minecraft:block/composter_contents_2"
      }
    },
    {
      "when": {
        "level": "3"
      },
      "apply": {
        "model": "minecraft:block/composter_contents_3"
      }
    },
    {
      "when": {
        "level": "4"
      },
      "apply": {
        "model": "minecraft:block/composter_contents_4"
      }
    },
    {
      "when": {
        "level": "5"
      },
      "apply": {
        "model": "minecraft:block/composter_contents_5"
      }
    },
    {
      "when": {
        "level": "6"
      },
      "apply": {
        "model": "minecraft:block/composter_contents_6"
      }
    },
    {
      "when": {
        "level": "7"
      },
      "apply": {
        "model": "minecraft:block/composter_contents_7"
      }
    },
    {
      "when": {
        "level": "8"
      },
      "apply": {
        "model": "minecraft:block/composter_contents_ready"
      }
    }
  ]
}