{
	"credit": "by ZiYun",
	"ambientocclusion": false,
	"textures": {
		"particle": "block/redstone_dust_dot",
		"line": "block/redstone_dust_dot",
		"overlay": "block/redstone_dust_overlay"
	},
	"elements": [
		{
			"from": [5.5, 0, 5.5],
			"to": [10.5, 0.51, 10.5],
			"shade": false,
			"faces": {
				"north": {"uv": [5.5, 10, 10.5, 10.5], "texture": "#line", "tintindex": 0},
				"east": {"uv": [5.5, 10, 10.5, 10.5], "texture": "#line", "tintindex": 0},
				"south": {"uv": [5.5, 10, 10.5, 10.5], "texture": "#line", "tintindex": 0},
				"west": {"uv": [5.5, 10, 10.5, 10.5], "texture": "#line", "tintindex": 0},
				"up": {"uv": [5.5, 5.5, 10.5, 10.5], "texture": "#line", "tintindex": 0},
				"down": {"uv": [5.5, 5.5, 10.5, 10.5], "texture": "#line", "tintindex": 0}
			}
		},
		{
			"from": [5.5, 0, 5.5],
			"to": [10.5, 0.51, 10.5],
			"shade": false,
			"faces": {
				"north": {"uv": [5.5, 10, 10.5, 10.5], "texture": "#overlay"},
				"east": {"uv": [5.5, 10, 10.5, 10.5], "texture": "#overlay"},
				"south": {"uv": [5.5, 10, 10.5, 10.5], "texture": "#overlay"},
				"west": {"uv": [5.5, 10, 10.5, 10.5], "texture": "#overlay"},
				"up": {"uv": [5.5, 5.5, 10.5, 10.5], "texture": "#overlay"},
				"down": {"uv": [5.5, 5.5, 10.5, 10.5], "texture": "#overlay"}
			}
		}
	]
}