{
	"credit": "by ZiYun",
	"ambientocclusion": false,
	"textures": {
		"line": "block/redstone_dust_ev-1"
	},
	"elements": [
		{
			"from": [7.53, 0.5, 7.22],
			"to": [8.156, 1, 7.53],
			"faces": {
				"north": {"uv": [7, 7, 7.626, 7.5], "texture": "#line"},
				"east": {"uv": [7, 6, 7.31, 6.5], "texture": "#line"},
				"south": {"uv": [7, 6, 7.626, 6.5], "texture": "#line"},
				"west": {"uv": [6, 6, 6.31, 6.5], "texture": "#line"},
				"up": {"uv": [7, 7, 7.626, 7.31], "texture": "#line"},
				"down": {"uv": [7, 6, 7.626, 6.31], "texture": "#line"}
			}
		},
		{
			"from": [7.53, 0.5, 8.47],
			"to": [8.47, 1, 8.78],
			"faces": {
				"north": {"uv": [7, 7, 7.94, 7.5], "texture": "#line"},
				"east": {"uv": [7, 6, 7.31, 6.5], "texture": "#line"},
				"south": {"uv": [7, 6, 7.94, 6.5], "texture": "#line"},
				"west": {"uv": [6, 6, 6.31, 6.5], "texture": "#line"},
				"up": {"uv": [7, 7, 7.94, 7.31], "texture": "#line"},
				"down": {"uv": [7, 6, 7.94, 6.31], "texture": "#line"}
			}
		},
		{
			"from": [7.847, 0.5, 7.53],
			"to": [8.157, 1, 8.47],
			"faces": {
				"north": {"uv": [7, 7, 7.31, 7.5], "texture": "#line"},
				"east": {"uv": [7, 6, 7.93703, 6.5], "texture": "#line"},
				"south": {"uv": [7, 6, 7.31, 6.5], "texture": "#line"},
				"west": {"uv": [6, 6, 6.93703, 6.5], "texture": "#line"},
				"up": {"uv": [7, 7, 7.31, 7.93703], "texture": "#line"},
				"down": {"uv": [7, 6, 7.31, 6.93703], "texture": "#line"}
			}
		}
	],
	"groups": [0,
		{
			"name": "group",
			"origin": [0, 0, 0],
			"color": 0,
			"children": [0, 1, 2]
		}
	]
}