{
	"credit": "by ZiYun",
	"ambientocclusion": false,
	"textures": {
		"line": "block/redstone_dust_ev-4"
	},
	"elements": [
		{
			"from": [7.8445, 0.5, 7.53],
			"to": [8.157, 1, 7.843],
			"faces": {
				"north": {"uv": [8, 7, 8.3125, 7.5], "texture": "#line"},
				"east": {"uv": [8, 6, 8.313, 6.5], "texture": "#line"},
				"south": {"uv": [8, 7, 8.3125, 7.5], "texture": "#line"},
				"west": {"uv": [8, 6, 8.313, 6.5], "texture": "#line"},
				"up": {"uv": [8, 7, 8.3125, 7.313], "texture": "#line"},
				"down": {"uv": [8, 7, 8.3125, 7.313], "texture": "#line"}
			}
		},
		{
			"from": [8.157, 0.5, 7.218],
			"to": [8.4695, 1, 8.156],
			"faces": {
				"north": {"uv": [8, 7, 8.3125, 7.5], "texture": "#line"},
				"east": {"uv": [8, 6, 8.313, 6.5], "texture": "#line"},
				"south": {"uv": [8, 7, 8.3125, 7.5], "texture": "#line"},
				"west": {"uv": [8, 6, 8.313, 6.5], "texture": "#line"},
				"up": {"uv": [8, 7, 8.3125, 7.313], "texture": "#line"},
				"down": {"uv": [8, 7, 8.3125, 7.313], "texture": "#line"}
			}
		},
		{
			"from": [7.532, 0.5, 7.8424],
			"to": [7.8445, 1, 8.1554],
			"faces": {
				"north": {"uv": [8, 7, 8.3125, 7.5], "texture": "#line"},
				"east": {"uv": [8, 6, 8.313, 6.5], "texture": "#line"},
				"south": {"uv": [8, 7, 8.3125, 7.5], "texture": "#line"},
				"west": {"uv": [8, 6, 8.313, 6.5], "texture": "#line"},
				"up": {"uv": [8, 7, 8.3125, 7.313], "texture": "#line"},
				"down": {"uv": [8, 7, 8.3125, 7.313], "texture": "#line"}
			}
		},
		{
			"from": [8.1571, 0.5, 8.4685],
			"to": [8.4696, 1, 8.7815],
			"faces": {
				"north": {"uv": [8, 7, 8.3125, 7.5], "texture": "#line"},
				"east": {"uv": [8, 6, 8.313, 6.5], "texture": "#line"},
				"south": {"uv": [8, 7, 8.3125, 7.5], "texture": "#line"},
				"west": {"uv": [8, 6, 8.313, 6.5], "texture": "#line"},
				"up": {"uv": [8, 7, 8.3125, 7.313], "texture": "#line"},
				"down": {"uv": [8, 7, 8.3125, 7.313], "texture": "#line"}
			}
		},
		{
			"from": [7.532, 0.5, 8.1555],
			"to": [8.782, 1, 8.4685],
			"faces": {
				"north": {"uv": [8, 7, 8.9375, 7.5], "texture": "#line"},
				"east": {"uv": [8, 6, 8.313, 6.5], "texture": "#line"},
				"south": {"uv": [8, 7, 8.9375, 7.5], "texture": "#line"},
				"west": {"uv": [8, 6, 8.313, 6.5], "texture": "#line"},
				"up": {"uv": [8, 7, 8.9375, 7.313], "texture": "#line"},
				"down": {"uv": [8, 7, 8.9375, 7.313], "texture": "#line"}
			}
		}
	],
	"groups": [0,
		{
			"name": "group",
			"origin": [0, 0, 0],
			"color": 0,
			"children": [0, 1, 2, 3, 4]
		}
	]
}