{
	"credit": "by ZiYun",
	"ambientocclusion": false,
	"textures": {
		"particle": "block/comparator_on",
		"top": "block/comparator_on",
		"unlit": "block/redstone_torch"
	},
	"elements": [
		{
			"from": [4, 3, 7.75],
			"to": [6, 5, 11],
			"faces": {
				"north": {"uv": [7, 13, 9, 15], "rotation": 180, "texture": "#unlit"},
				"east": {"uv": [7, 8, 9, 11.25], "rotation": 270, "texture": "#unlit"},
				"south": {"uv": [7, 8, 9, 8.5], "texture": "#unlit"},
				"west": {"uv": [7, 8, 9, 11.25], "rotation": 90, "texture": "#unlit"},
				"up": {"uv": [7, 8, 9, 11.25], "rotation": 180, "texture": "#unlit"},
				"down": {"uv": [7, 8, 9, 11.25], "texture": "#unlit"}
			}
		},
		{
			"from": [10, 3, 7.75],
			"to": [12, 5, 11],
			"faces": {
				"north": {"uv": [7, 13, 9, 15], "rotation": 180, "texture": "#unlit"},
				"east": {"uv": [7, 8, 9, 11.25], "rotation": 270, "texture": "#unlit"},
				"south": {"uv": [7, 8, 9, 8.5], "texture": "#unlit"},
				"west": {"uv": [7, 8, 9, 11.25], "rotation": 90, "texture": "#unlit"},
				"up": {"uv": [7, 8, 9, 11.25], "rotation": 180, "texture": "#unlit"},
				"down": {"uv": [7, 8, 9, 11.25], "texture": "#unlit"}
			}
		},
		{
			"from": [7, 12, 8],
			"to": [9, 14, 9],
			"faces": {
				"north": {"uv": [7, 13, 9, 15], "rotation": 180, "texture": "#unlit"},
				"east": {"uv": [7, 8, 9, 8.5], "rotation": 270, "texture": "#unlit"},
				"south": {"uv": [7, 8, 9, 8.5], "texture": "#unlit"},
				"west": {"uv": [7, 8, 9, 8.5], "rotation": 90, "texture": "#unlit"},
				"up": {"uv": [7, 8, 9, 8.5], "rotation": 180, "texture": "#unlit"},
				"down": {"uv": [7, 8, 9, 8.5], "texture": "#unlit"}
			}
		},
		{
			"from": [0, 5, 6],
			"to": [16, 16, 8],
			"faces": {
				"north": {"uv": [0, 11, 16, 0], "rotation": 180, "texture": "#top"},
				"east": {"uv": [5, 14, 16, 16], "rotation": 270, "texture": "#top"},
				"south": {"uv": [0, 0, 16, 11], "texture": "#top"},
				"west": {"uv": [0, 14, 11, 16], "rotation": 90, "texture": "#top"},
				"up": {"uv": [0, 14, 16, 16], "rotation": 180, "texture": "#top"},
				"down": {"uv": [0, 7.5, 16, 9.5], "texture": "#top"}
			}
		},
		{
			"from": [0, 0, 6],
			"to": [16, 3, 8],
			"faces": {
				"north": {"uv": [0, 16, 16, 13], "rotation": 180, "texture": "#top"},
				"east": {"uv": [0, 14, 3, 16], "rotation": 270, "texture": "#top"},
				"south": {"uv": [0, 13, 16, 16], "texture": "#top"},
				"west": {"uv": [13, 14, 16, 16], "rotation": 90, "texture": "#top"},
				"up": {"uv": [0, 16, 16, 14], "rotation": 180, "texture": "#top"},
				"down": {"uv": [0, 14, 16, 16], "texture": "#top"}
			}
		},
		{
			"from": [4, 3, 6],
			"to": [12, 5, 7.75],
			"faces": {
				"north": {"uv": [4, 11, 12, 13], "rotation": 180, "texture": "#top"},
				"east": {"uv": [0, 0, 2, 1.75], "rotation": 270, "texture": "#missing"},
				"south": {"uv": [4, 11, 12, 13], "texture": "#top"},
				"west": {"uv": [0, 0, 2, 1.75], "rotation": 90, "texture": "#missing"},
				"up": {"uv": [4, 13.5, 12, 15.25], "rotation": 180, "texture": "#top"},
				"down": {"uv": [0, 0, 8, 1.75], "texture": "#missing"}
			}
		},
		{
			"from": [0, 3, 6],
			"to": [4, 5, 8],
			"faces": {
				"north": {"uv": [0, 11, 4, 13], "rotation": 180, "texture": "#top"},
				"east": {"uv": [0.5, 0, 2.5, 2], "rotation": 270, "texture": "#top"},
				"south": {"uv": [0, 11, 4, 13], "texture": "#top"},
				"west": {"uv": [10.5, 14, 12.5, 16], "rotation": 90, "texture": "#top"},
				"up": {"uv": [12, 14, 16, 16], "rotation": 180, "texture": "#top"},
				"down": {"uv": [0, 14, 4, 16], "texture": "#top"}
			}
		},
		{
			"from": [12, 3, 6],
			"to": [16, 5, 8],
			"faces": {
				"north": {"uv": [12, 11, 16, 13], "rotation": 180, "texture": "#top"},
				"east": {"uv": [3.5, 14, 5.5, 16], "rotation": 270, "texture": "#top"},
				"south": {"uv": [12, 11, 16, 13], "texture": "#top"},
				"west": {"uv": [13.5, 0, 15.5, 2], "rotation": 90, "texture": "#top"},
				"up": {"uv": [0, 14, 4, 16], "rotation": 180, "texture": "#top"},
				"down": {"uv": [12, 14, 16, 16], "texture": "#top"}
			}
		},
		{
			"from": [7.25, 13.75, 9.5],
			"to": [8.75, 14, 11],
			"faces": {
				"north": {"uv": [7.5, 6.5, 8.25, 6.75], "rotation": 180, "texture": "#unlit"},
				"east": {"uv": [8, 6.5, 8.25, 7.25], "rotation": 270, "texture": "#unlit"},
				"south": {"uv": [8, 6.5, 8.75, 6.75], "texture": "#unlit"},
				"west": {"uv": [8, 6.5, 8.25, 7.25], "rotation": 90, "texture": "#unlit"},
				"up": {"uv": [7.5, 6, 8.25, 6.75], "rotation": 180, "texture": "#unlit"},
				"down": {"uv": [7.5, 6, 8.25, 6.75], "texture": "#unlit"}
			}
		},
		{
			"from": [7.25, 12, 9.5],
			"to": [8.75, 12.25, 11],
			"faces": {
				"north": {"uv": [7.5, 6.5, 8.25, 6.75], "rotation": 180, "texture": "#unlit"},
				"east": {"uv": [8, 6.5, 8.25, 7.25], "rotation": 270, "texture": "#unlit"},
				"south": {"uv": [8, 6.5, 8.75, 6.75], "texture": "#unlit"},
				"west": {"uv": [8, 6.5, 8.25, 7.25], "rotation": 90, "texture": "#unlit"},
				"up": {"uv": [7.5, 6, 8.25, 6.75], "rotation": 180, "texture": "#unlit"},
				"down": {"uv": [7.5, 6, 8.25, 6.75], "texture": "#unlit"}
			}
		},
		{
			"from": [7, 12.25, 9.5],
			"to": [7.25, 13.75, 11],
			"faces": {
				"north": {"uv": [7.5, 6.5, 8.25, 6.75], "rotation": 180, "texture": "#unlit"},
				"east": {"uv": [8, 6.5, 8.25, 7.25], "rotation": 270, "texture": "#unlit"},
				"south": {"uv": [8, 6.5, 8.75, 6.75], "texture": "#unlit"},
				"west": {"uv": [8, 6.5, 8.25, 7.25], "rotation": 90, "texture": "#unlit"},
				"up": {"uv": [7.5, 6, 8.25, 6.75], "rotation": 180, "texture": "#unlit"},
				"down": {"uv": [7.5, 6, 8.25, 6.75], "texture": "#unlit"}
			}
		},
		{
			"from": [8.75, 12.25, 9.5],
			"to": [9, 13.75, 11],
			"faces": {
				"north": {"uv": [7.5, 6.5, 8.25, 6.75], "rotation": 180, "texture": "#unlit"},
				"east": {"uv": [8, 6.5, 8.25, 7.25], "rotation": 270, "texture": "#unlit"},
				"south": {"uv": [8, 6.5, 8.75, 6.75], "texture": "#unlit"},
				"west": {"uv": [8, 6.5, 8.25, 7.25], "rotation": 90, "texture": "#unlit"},
				"up": {"uv": [7.5, 6, 8.25, 6.75], "rotation": 180, "texture": "#unlit"},
				"down": {"uv": [7.5, 6, 8.25, 6.75], "texture": "#unlit"}
			}
		},
		{
			"from": [7.25, 12.25, 11],
			"to": [8.75, 13.75, 11.25],
			"faces": {
				"north": {"uv": [7.5, 6.5, 8.25, 6.75], "rotation": 180, "texture": "#unlit"},
				"east": {"uv": [8, 6.5, 8.25, 7.25], "rotation": 270, "texture": "#unlit"},
				"south": {"uv": [8, 6.5, 8.75, 6.75], "texture": "#unlit"},
				"west": {"uv": [8, 6.5, 8.25, 7.25], "rotation": 90, "texture": "#unlit"},
				"up": {"uv": [7.5, 6, 8.25, 6.75], "rotation": 180, "texture": "#unlit"},
				"down": {"uv": [7.5, 6, 8.25, 6.75], "texture": "#unlit"}
			}
		},
		{
			"from": [7.25, 12.25, 9.25],
			"to": [8.75, 13.75, 9.5],
			"faces": {
				"north": {"uv": [7.5, 6.5, 8.25, 6.75], "rotation": 180, "texture": "#unlit"},
				"east": {"uv": [8, 6.5, 8.25, 7.25], "rotation": 270, "texture": "#unlit"},
				"south": {"uv": [8, 6.5, 8.75, 6.75], "texture": "#unlit"},
				"west": {"uv": [8, 6.5, 8.25, 7.25], "rotation": 90, "texture": "#unlit"},
				"up": {"uv": [7.5, 6, 8.25, 6.75], "rotation": 180, "texture": "#unlit"},
				"down": {"uv": [7.5, 6, 8.25, 6.75], "texture": "#unlit"}
			}
		},
		{
			"from": [10.25, 4.75, 11.5],
			"to": [11.75, 5, 13],
			"faces": {
				"north": {"uv": [7.5, 6.5, 8.25, 6.75], "rotation": 180, "texture": "#unlit"},
				"east": {"uv": [8, 6.5, 8.25, 7.25], "rotation": 270, "texture": "#unlit"},
				"south": {"uv": [8, 6.5, 8.75, 6.75], "texture": "#unlit"},
				"west": {"uv": [8, 6.5, 8.25, 7.25], "rotation": 90, "texture": "#unlit"},
				"up": {"uv": [7.5, 6, 8.25, 6.75], "rotation": 180, "texture": "#unlit"},
				"down": {"uv": [7.5, 6, 8.25, 6.75], "texture": "#unlit"}
			}
		},
		{
			"from": [10.25, 3, 11.5],
			"to": [11.75, 3.25, 13],
			"faces": {
				"north": {"uv": [7.5, 6.5, 8.25, 6.75], "rotation": 180, "texture": "#unlit"},
				"east": {"uv": [8, 6.5, 8.25, 7.25], "rotation": 270, "texture": "#unlit"},
				"south": {"uv": [8, 6.5, 8.75, 6.75], "texture": "#unlit"},
				"west": {"uv": [8, 6.5, 8.25, 7.25], "rotation": 90, "texture": "#unlit"},
				"up": {"uv": [7.5, 6, 8.25, 6.75], "rotation": 180, "texture": "#unlit"},
				"down": {"uv": [7.5, 6, 8.25, 6.75], "texture": "#unlit"}
			}
		},
		{
			"from": [10, 3.25, 11.5],
			"to": [10.25, 4.75, 13],
			"faces": {
				"north": {"uv": [7.5, 6.5, 8.25, 6.75], "rotation": 180, "texture": "#unlit"},
				"east": {"uv": [8, 6.5, 8.25, 7.25], "rotation": 270, "texture": "#unlit"},
				"south": {"uv": [8, 6.5, 8.75, 6.75], "texture": "#unlit"},
				"west": {"uv": [8, 6.5, 8.25, 7.25], "rotation": 90, "texture": "#unlit"},
				"up": {"uv": [7.5, 6, 8.25, 6.75], "rotation": 180, "texture": "#unlit"},
				"down": {"uv": [7.5, 6, 8.25, 6.75], "texture": "#unlit"}
			}
		},
		{
			"from": [11.75, 3.25, 11.5],
			"to": [12, 4.75, 13],
			"faces": {
				"north": {"uv": [7.5, 6.5, 8.25, 6.75], "rotation": 180, "texture": "#unlit"},
				"east": {"uv": [8, 6.5, 8.25, 7.25], "rotation": 270, "texture": "#unlit"},
				"south": {"uv": [8, 6.5, 8.75, 6.75], "texture": "#unlit"},
				"west": {"uv": [8, 6.5, 8.25, 7.25], "rotation": 90, "texture": "#unlit"},
				"up": {"uv": [7.5, 6, 8.25, 6.75], "rotation": 180, "texture": "#unlit"},
				"down": {"uv": [7.5, 6, 8.25, 6.75], "texture": "#unlit"}
			}
		},
		{
			"from": [10.25, 3.25, 13],
			"to": [11.75, 4.75, 13.25],
			"faces": {
				"north": {"uv": [7.5, 6.5, 8.25, 6.75], "rotation": 180, "texture": "#unlit"},
				"east": {"uv": [8, 6.5, 8.25, 7.25], "rotation": 270, "texture": "#unlit"},
				"south": {"uv": [8, 6.5, 8.75, 6.75], "texture": "#unlit"},
				"west": {"uv": [8, 6.5, 8.25, 7.25], "rotation": 90, "texture": "#unlit"},
				"up": {"uv": [7.5, 6, 8.25, 6.75], "rotation": 180, "texture": "#unlit"},
				"down": {"uv": [7.5, 6, 8.25, 6.75], "texture": "#unlit"}
			}
		},
		{
			"from": [10.25, 3.25, 11.25],
			"to": [11.75, 4.75, 11.5],
			"faces": {
				"north": {"uv": [7.5, 6.5, 8.25, 6.75], "rotation": 180, "texture": "#unlit"},
				"east": {"uv": [8, 6.5, 8.25, 7.25], "rotation": 270, "texture": "#unlit"},
				"south": {"uv": [8, 6.5, 8.75, 6.75], "texture": "#unlit"},
				"west": {"uv": [8, 6.5, 8.25, 7.25], "rotation": 90, "texture": "#unlit"},
				"up": {"uv": [7.5, 6, 8.25, 6.75], "rotation": 180, "texture": "#unlit"},
				"down": {"uv": [7.5, 6, 8.25, 6.75], "texture": "#unlit"}
			}
		},
		{
			"from": [4.25, 4.75, 11.5],
			"to": [5.75, 5, 13],
			"faces": {
				"north": {"uv": [7.5, 6.5, 8.25, 6.75], "rotation": 180, "texture": "#unlit"},
				"east": {"uv": [8, 6.5, 8.25, 7.25], "rotation": 270, "texture": "#unlit"},
				"south": {"uv": [8, 6.5, 8.75, 6.75], "texture": "#unlit"},
				"west": {"uv": [8, 6.5, 8.25, 7.25], "rotation": 90, "texture": "#unlit"},
				"up": {"uv": [7.5, 6, 8.25, 6.75], "rotation": 180, "texture": "#unlit"},
				"down": {"uv": [7.5, 6, 8.25, 6.75], "texture": "#unlit"}
			}
		},
		{
			"from": [4.25, 3, 11.5],
			"to": [5.75, 3.25, 13],
			"faces": {
				"north": {"uv": [7.5, 6.5, 8.25, 6.75], "rotation": 180, "texture": "#unlit"},
				"east": {"uv": [8, 6.5, 8.25, 7.25], "rotation": 270, "texture": "#unlit"},
				"south": {"uv": [8, 6.5, 8.75, 6.75], "texture": "#unlit"},
				"west": {"uv": [8, 6.5, 8.25, 7.25], "rotation": 90, "texture": "#unlit"},
				"up": {"uv": [7.5, 6, 8.25, 6.75], "rotation": 180, "texture": "#unlit"},
				"down": {"uv": [7.5, 6, 8.25, 6.75], "texture": "#unlit"}
			}
		},
		{
			"from": [4, 3.25, 11.5],
			"to": [4.25, 4.75, 13],
			"faces": {
				"north": {"uv": [7.5, 6.5, 8.25, 6.75], "rotation": 180, "texture": "#unlit"},
				"east": {"uv": [8, 6.5, 8.25, 7.25], "rotation": 270, "texture": "#unlit"},
				"south": {"uv": [8, 6.5, 8.75, 6.75], "texture": "#unlit"},
				"west": {"uv": [8, 6.5, 8.25, 7.25], "rotation": 90, "texture": "#unlit"},
				"up": {"uv": [7.5, 6, 8.25, 6.75], "rotation": 180, "texture": "#unlit"},
				"down": {"uv": [7.5, 6, 8.25, 6.75], "texture": "#unlit"}
			}
		},
		{
			"from": [5.75, 3.25, 11.5],
			"to": [6, 4.75, 13],
			"faces": {
				"north": {"uv": [7.5, 6.5, 8.25, 6.75], "rotation": 180, "texture": "#unlit"},
				"east": {"uv": [8, 6.5, 8.25, 7.25], "rotation": 270, "texture": "#unlit"},
				"south": {"uv": [8, 6.5, 8.75, 6.75], "texture": "#unlit"},
				"west": {"uv": [8, 6.5, 8.25, 7.25], "rotation": 90, "texture": "#unlit"},
				"up": {"uv": [7.5, 6, 8.25, 6.75], "rotation": 180, "texture": "#unlit"},
				"down": {"uv": [7.5, 6, 8.25, 6.75], "texture": "#unlit"}
			}
		},
		{
			"from": [4.25, 3.25, 13],
			"to": [5.75, 4.75, 13.25],
			"faces": {
				"north": {"uv": [7.5, 6.5, 8.25, 6.75], "rotation": 180, "texture": "#unlit"},
				"east": {"uv": [8, 6.5, 8.25, 7.25], "rotation": 270, "texture": "#unlit"},
				"south": {"uv": [8, 6.5, 8.75, 6.75], "texture": "#unlit"},
				"west": {"uv": [8, 6.5, 8.25, 7.25], "rotation": 90, "texture": "#unlit"},
				"up": {"uv": [7.5, 6, 8.25, 6.75], "rotation": 180, "texture": "#unlit"},
				"down": {"uv": [7.5, 6, 8.25, 6.75], "texture": "#unlit"}
			}
		},
		{
			"from": [4.25, 3.25, 11.25],
			"to": [5.75, 4.75, 11.5],
			"faces": {
				"north": {"uv": [7.5, 6.5, 8.25, 6.75], "rotation": 180, "texture": "#unlit"},
				"east": {"uv": [8, 6.5, 8.25, 7.25], "rotation": 270, "texture": "#unlit"},
				"south": {"uv": [8, 6.5, 8.75, 6.75], "texture": "#unlit"},
				"west": {"uv": [8, 6.5, 8.25, 7.25], "rotation": 90, "texture": "#unlit"},
				"up": {"uv": [7.5, 6, 8.25, 6.75], "rotation": 180, "texture": "#unlit"},
				"down": {"uv": [7.5, 6, 8.25, 6.75], "texture": "#unlit"}
			}
		}
	],
	"display": {
		"thirdperson_righthand": {
			"rotation": [0, -35, 0],
			"translation": [0, 1.75, 1],
			"scale": [0.3, 0.3, 0.3]
		},
		"thirdperson_lefthand": {
			"rotation": [0, -35, 0],
			"translation": [0, 1.75, 1],
			"scale": [0.3, 0.3, 0.3]
		},
		"firstperson_righthand": {
			"rotation": [0, -90, 25],
			"translation": [0, 3, 1],
			"scale": [0.4, 0.4, 0.4]
		},
		"firstperson_lefthand": {
			"rotation": [0, -90, 25],
			"translation": [0, 3, 1],
			"scale": [0.4, 0.4, 0.4]
		},
		"ground": {
			"rotation": [90, -180, 0],
			"translation": [0, -1.75, 0],
			"scale": [0.5, 0.5, 0.5]
		},
		"gui": {
			"rotation": [0, -35, 0],
			"translation": [-0.25, 0, 0],
			"scale": [0.6, 0.6, 0.6]
		},
		"head": {
			"rotation": [0, 180, 0],
			"translation": [0, 13, 7]
		},
		"fixed": {
			"rotation": [0, -180, 0],
			"translation": [0, 0, -0.75],
			"scale": [0.8, 0.8, 0.8]
		}
	},
	"groups": [
		{
			"name": "group",
			"origin": [0, 0, 0],
			"color": 0,
			"children": [0, 1, 2, 3, 4, 5, 6, 7, 8, 9, 10, 11, 12, 13, 14, 15, 16, 17, 18, 19, 20, 21, 22, 23, 24, 25]
		}
	]
}