{
	"credit": "by ZiYun",
	"ambientocclusion": false,
	"textures": {
		"particle": "block/hopper_outside",
		"side": "block/hopper_outside"
	},
	"elements": [
		{
			"from": [6, 0, 7],
			"to": [10, 4, 9],
			"faces": {
				"north": {"uv": [4, 12, 8, 16], "texture": "#side"},
				"east": {"uv": [7, 7, 9, 11], "texture": "#side"},
				"south": {"uv": [4, 12, 8, 16], "texture": "#side"},
				"west": {"uv": [7, 7, 9, 11], "texture": "#side"},
				"up": {"uv": [2, 5, 6, 7], "texture": "#side"},
				"down": {"uv": [2, 5, 6, 7], "texture": "#side"}
			}
		},
		{
			"from": [4, 4, 7],
			"to": [12, 10, 9],
			"faces": {
				"north": {"uv": [0, 6, 8, 12], "texture": "#side"},
				"east": {"uv": [7, 7, 9, 13], "texture": "#side"},
				"south": {"uv": [0, 6, 8, 12], "texture": "#side"},
				"west": {"uv": [7, 7, 9, 13], "texture": "#side"},
				"up": {"uv": [0, 5, 8, 7], "texture": "#side"},
				"down": {"uv": [0, 5, 8, 7], "texture": "#side"}
			}
		},
		{
			"from": [0, 11, 7],
			"to": [16, 16, 9],
			"faces": {
				"north": {"uv": [0, 0, 16, 5], "texture": "#side"},
				"east": {"uv": [7, 7, 9, 12], "texture": "#side"},
				"south": {"uv": [0, 0, 16, 5], "texture": "#side"},
				"west": {"uv": [7, 7, 9, 12], "texture": "#side"},
				"up": {"uv": [0, 5, 16, 7], "texture": "#side"},
				"down": {"uv": [0, 5, 16, 7], "texture": "#side"}
			}
		},
		{
			"from": [0, 10, 7],
			"to": [16, 11, 9],
			"faces": {
				"north": {"uv": [0, 5.5, 16, 6.5], "texture": "#side"},
				"east": {"uv": [7, 7, 9, 12], "texture": "#side"},
				"south": {"uv": [0, 5.5, 16, 6.5], "texture": "#side"},
				"west": {"uv": [7, 7, 9, 12], "texture": "#side"},
				"up": {"uv": [0, 5, 16, 7], "texture": "#side"},
				"down": {"uv": [0, 5, 16, 7], "texture": "#side"}
			}
		}
	],
	"display": {
		"thirdperson_righthand": {
			"rotation": [0, -35, 0],
			"translation": [0, 1.75, 1],
			"scale": [0.3, 0.3, 0.3]
		},
		"thirdperson_lefthand": {
			"rotation": [0, -35, 0],
			"translation": [0, 1.75, 1],
			"scale": [0.3, 0.3, 0.3]
		},
		"firstperson_righthand": {
			"rotation": [0, -90, 25],
			"translation": [0, 3, 1],
			"scale": [0.4, 0.4, 0.4]
		},
		"firstperson_lefthand": {
			"rotation": [0, -90, 25],
			"translation": [0, 3, 1],
			"scale": [0.4, 0.4, 0.4]
		},
		"ground": {
			"rotation": [90, -180, 0],
			"translation": [0, -1.75, 0],
			"scale": [0.5, 0.5, 0.5]
		},
		"gui": {
			"rotation": [0, -35, 0],
			"translation": [-0.25, 0, 0],
			"scale": [0.6, 0.6, 0.6]
		},
		"head": {
			"rotation": [0, 180, 0],
			"translation": [0, 13, 7]
		},
		"fixed": {
			"rotation": [0, -180, 0],
			"translation": [0, 0, -0.75],
			"scale": [0.8, 0.8, 0.8]
		}
	}
}