{
	"credit": "by ZiYun",
	"parent": "minecraft:block/template_torch",
	"textures": {
		"torch": "block/redstone_torch"
	},
	"elements": [
		{
			"from": [7, 0, 7],
			"to": [9, 8, 9],
			"faces": {
				"north": {"uv": [7, 8, 9, 16], "texture": "#torch"},
				"east": {"uv": [7, 8, 9, 16], "texture": "#torch"},
				"south": {"uv": [7, 8, 9, 16], "texture": "#torch"},
				"west": {"uv": [7, 8, 9, 16], "texture": "#torch"},
				"up": {"uv": [7, 8, 9, 8.5], "texture": "#torch"},
				"down": {"uv": [7, 12, 9, 14], "texture": "#torch"}
			}
		},
		{
			"from": [8, 8.5, 7],
			"to": [8.75, 9.25, 7.25],
			"faces": {
				"north": {"uv": [7.5, 6, 8.25, 6.75], "texture": "#torch"},
				"east": {"uv": [8, 6.5, 8.25, 7.25], "texture": "#torch"},
				"south": {"uv": [7.5, 6, 8.25, 6.75], "texture": "#torch"},
				"west": {"uv": [8, 6.5, 8.25, 7.25], "texture": "#torch"},
				"up": {"uv": [8, 6.5, 8.75, 6.75], "texture": "#torch"},
				"down": {"uv": [7.5, 6.5, 8.25, 6.75], "texture": "#torch"}
			}
		},
		{
			"from": [7.25, 8.5, 7],
			"to": [8, 9.25, 7.25],
			"faces": {
				"north": {"uv": [7.5, 6, 8.25, 6.75], "texture": "#torch"},
				"east": {"uv": [8, 6.5, 8.25, 7.25], "texture": "#torch"},
				"south": {"uv": [7.5, 6, 8.25, 6.75], "texture": "#torch"},
				"west": {"uv": [8, 6.5, 8.25, 7.25], "texture": "#torch"},
				"up": {"uv": [8, 6.5, 8.75, 6.75], "texture": "#torch"},
				"down": {"uv": [7.5, 6.5, 8.25, 6.75], "texture": "#torch"}
			}
		},
		{
			"from": [8, 9.25, 7],
			"to": [8.75, 10, 7.25],
			"faces": {
				"north": {"uv": [7.5, 6, 8.25, 6.75], "texture": "#torch"},
				"east": {"uv": [8, 6.5, 8.25, 7.25], "texture": "#torch"},
				"south": {"uv": [7.5, 6, 8.25, 6.75], "texture": "#torch"},
				"west": {"uv": [8, 6.5, 8.25, 7.25], "texture": "#torch"},
				"up": {"uv": [8, 6.5, 8.75, 6.75], "texture": "#torch"},
				"down": {"uv": [7.5, 6.5, 8.25, 6.75], "texture": "#torch"}
			}
		},
		{
			"from": [7.25, 9.25, 7],
			"to": [8, 10, 7.25],
			"faces": {
				"north": {"uv": [7.5, 6, 8.25, 6.75], "texture": "#torch"},
				"east": {"uv": [8, 6.5, 8.25, 7.25], "texture": "#torch"},
				"south": {"uv": [7.5, 6, 8.25, 6.75], "texture": "#torch"},
				"west": {"uv": [8, 6.5, 8.25, 7.25], "texture": "#torch"},
				"up": {"uv": [8, 6.5, 8.75, 6.75], "texture": "#torch"},
				"down": {"uv": [7.5, 6.5, 8.25, 6.75], "texture": "#torch"}
			}
		},
		{
			"from": [8, 8.5, 8.75],
			"to": [8.75, 9.25, 9],
			"faces": {
				"north": {"uv": [7.5, 6.5, 8.25, 7.25], "texture": "#torch"},
				"east": {"uv": [7.5, 6.5, 9, 7.5], "texture": "#torch"},
				"south": {"uv": [7.5, 6, 8.25, 6.75], "texture": "#torch"},
				"west": {"uv": [8, 6.5, 8.25, 7.25], "texture": "#torch"},
				"up": {"uv": [7.5, 6.5, 8.25, 6.75], "texture": "#torch"},
				"down": {"uv": [7.5, 6.5, 8.25, 6.75], "texture": "#torch"}
			}
		},
		{
			"from": [7.25, 8.5, 8.75],
			"to": [8, 9.25, 9],
			"faces": {
				"north": {"uv": [7.5, 6.5, 8.25, 7.25], "texture": "#torch"},
				"east": {"uv": [7.5, 6.5, 9, 7.5], "texture": "#torch"},
				"south": {"uv": [7.5, 6, 8.25, 6.75], "texture": "#torch"},
				"west": {"uv": [8, 6.5, 8.25, 7.25], "texture": "#torch"},
				"up": {"uv": [7.5, 6.5, 8.25, 6.75], "texture": "#torch"},
				"down": {"uv": [7.5, 6.5, 8.25, 6.75], "texture": "#torch"}
			}
		},
		{
			"from": [8, 9.25, 8.75],
			"to": [8.75, 10, 9],
			"faces": {
				"north": {"uv": [7.5, 6.5, 8.25, 7.25], "texture": "#torch"},
				"east": {"uv": [7.5, 6.5, 9, 7.5], "texture": "#torch"},
				"south": {"uv": [7.5, 6, 8.25, 6.75], "texture": "#torch"},
				"west": {"uv": [8, 6.5, 8.25, 7.25], "texture": "#torch"},
				"up": {"uv": [7.5, 6.5, 8.25, 6.75], "texture": "#torch"},
				"down": {"uv": [7.5, 6.5, 8.25, 6.75], "texture": "#torch"}
			}
		},
		{
			"from": [7.25, 9.25, 8.75],
			"to": [8, 10, 9],
			"faces": {
				"north": {"uv": [7.5, 6.5, 8.25, 7.25], "texture": "#torch"},
				"east": {"uv": [7.5, 6.5, 9, 7.5], "texture": "#torch"},
				"south": {"uv": [7.5, 6, 8.25, 6.75], "texture": "#torch"},
				"west": {"uv": [8, 6.5, 8.25, 7.25], "texture": "#torch"},
				"up": {"uv": [7.5, 6.5, 8.25, 6.75], "texture": "#torch"},
				"down": {"uv": [7.5, 6.5, 8.25, 6.75], "texture": "#torch"}
			}
		},
		{
			"from": [7, 9.25, 7.25],
			"to": [7.25, 10, 8],
			"faces": {
				"north": {"uv": [8.5, 7, 8.75, 7.75], "texture": "#torch"},
				"east": {"uv": [8, 7, 8.75, 7.75], "texture": "#torch"},
				"south": {"uv": [7.5, 6.5, 7.75, 7.25], "texture": "#torch"},
				"west": {"uv": [7.5, 6.5, 8.25, 7.25], "texture": "#torch"},
				"up": {"uv": [8, 6.5, 8.25, 7.25], "texture": "#torch"},
				"down": {"uv": [8, 7, 8.25, 7.75], "texture": "#torch"}
			}
		},
		{
			"from": [7, 9.25, 8],
			"to": [7.25, 10, 8.75],
			"faces": {
				"north": {"uv": [8.5, 7, 8.75, 7.75], "texture": "#torch"},
				"east": {"uv": [8, 7, 8.75, 7.75], "texture": "#torch"},
				"south": {"uv": [7.5, 6.5, 7.75, 7.25], "texture": "#torch"},
				"west": {"uv": [7.5, 6.5, 8.25, 7.25], "texture": "#torch"},
				"up": {"uv": [8, 6.5, 8.25, 7.25], "texture": "#torch"},
				"down": {"uv": [8, 7, 8.25, 7.75], "texture": "#torch"}
			}
		},
		{
			"from": [7, 8.5, 8],
			"to": [7.25, 9.25, 8.75],
			"faces": {
				"north": {"uv": [8.5, 7, 8.75, 7.75], "texture": "#torch"},
				"east": {"uv": [8, 7, 8.75, 7.75], "texture": "#torch"},
				"south": {"uv": [7.5, 6.5, 7.75, 7.25], "texture": "#torch"},
				"west": {"uv": [7.5, 6.5, 8.25, 7.25], "texture": "#torch"},
				"up": {"uv": [8, 6.5, 8.25, 7.25], "texture": "#torch"},
				"down": {"uv": [8, 7, 8.25, 7.75], "texture": "#torch"}
			}
		},
		{
			"from": [7, 8.5, 7.25],
			"to": [7.25, 9.25, 8],
			"faces": {
				"north": {"uv": [8.5, 7, 8.75, 7.75], "texture": "#torch"},
				"east": {"uv": [8, 7, 8.75, 7.75], "texture": "#torch"},
				"south": {"uv": [7.5, 6.5, 7.75, 7.25], "texture": "#torch"},
				"west": {"uv": [7.5, 6.5, 8.25, 7.25], "texture": "#torch"},
				"up": {"uv": [8, 6.5, 8.25, 7.25], "texture": "#torch"},
				"down": {"uv": [8, 7, 8.25, 7.75], "texture": "#torch"}
			}
		},
		{
			"from": [8.75, 9.25, 7.25],
			"to": [9, 10, 8],
			"faces": {
				"north": {"uv": [8, 6.5, 8.25, 7.25], "texture": "#torch"},
				"east": {"uv": [7.5, 6.5, 8.25, 7.25], "texture": "#torch"},
				"south": {"uv": [7.5, 6.5, 7.75, 7.25], "texture": "#torch"},
				"west": {"uv": [7.5, 6, 8.25, 6.75], "texture": "#torch"},
				"up": {"uv": [8, 6.5, 8.25, 7.25], "texture": "#torch"},
				"down": {"uv": [8, 7, 8.25, 7.75], "texture": "#torch"}
			}
		},
		{
			"from": [8.75, 9.25, 8],
			"to": [9, 10, 8.75],
			"faces": {
				"north": {"uv": [8, 6.5, 8.25, 7.25], "texture": "#torch"},
				"east": {"uv": [7.5, 6.5, 8.25, 7.25], "texture": "#torch"},
				"south": {"uv": [7.5, 6.5, 7.75, 7.25], "texture": "#torch"},
				"west": {"uv": [7.5, 6, 8.25, 6.75], "texture": "#torch"},
				"up": {"uv": [8, 6.5, 8.25, 7.25], "texture": "#torch"},
				"down": {"uv": [8, 7, 8.25, 7.75], "texture": "#torch"}
			}
		},
		{
			"from": [8.75, 8.5, 8],
			"to": [9, 9.25, 8.75],
			"faces": {
				"north": {"uv": [8, 6.5, 8.25, 7.25], "texture": "#torch"},
				"east": {"uv": [7.5, 6.5, 8.25, 7.25], "texture": "#torch"},
				"south": {"uv": [7.5, 6.5, 7.75, 7.25], "texture": "#torch"},
				"west": {"uv": [7.5, 6, 8.25, 6.75], "texture": "#torch"},
				"up": {"uv": [8, 6.5, 8.25, 7.25], "texture": "#torch"},
				"down": {"uv": [8, 7, 8.25, 7.75], "texture": "#torch"}
			}
		},
		{
			"from": [8.75, 8.5, 7.25],
			"to": [9, 9.25, 8],
			"faces": {
				"north": {"uv": [8, 6.5, 8.25, 7.25], "texture": "#torch"},
				"east": {"uv": [7.5, 6.5, 8.25, 7.25], "texture": "#torch"},
				"south": {"uv": [7.5, 6.5, 7.75, 7.25], "texture": "#torch"},
				"west": {"uv": [7.5, 6, 8.25, 6.75], "texture": "#torch"},
				"up": {"uv": [8, 6.5, 8.25, 7.25], "texture": "#torch"},
				"down": {"uv": [8, 7, 8.25, 7.75], "texture": "#torch"}
			}
		},
		{
			"from": [7.25, 10, 7.25],
			"to": [8, 10.25, 8],
			"faces": {
				"north": {"uv": [7.5, 6.5, 8.25, 6.75], "texture": "#torch"},
				"east": {"uv": [8, 6.5, 8.75, 6.75], "texture": "#torch"},
				"south": {"uv": [8, 7, 8.75, 7.25], "texture": "#torch"},
				"west": {"uv": [8, 7, 8.75, 7.25], "texture": "#torch"},
				"up": {"uv": [7.5, 6, 8.25, 6.75], "texture": "#torch"},
				"down": {"uv": [8, 7, 8.75, 7.75], "texture": "#torch"}
			}
		},
		{
			"from": [8, 10, 7.25],
			"to": [8.75, 10.25, 8],
			"faces": {
				"north": {"uv": [7.5, 6.5, 8.25, 6.75], "texture": "#torch"},
				"east": {"uv": [8, 6.5, 8.75, 6.75], "texture": "#torch"},
				"south": {"uv": [8, 7, 8.75, 7.25], "texture": "#torch"},
				"west": {"uv": [8, 7, 8.75, 7.25], "texture": "#torch"},
				"up": {"uv": [7.5, 6, 8.25, 6.75], "texture": "#torch"},
				"down": {"uv": [8, 7, 8.75, 7.75], "texture": "#torch"}
			}
		},
		{
			"from": [8, 10, 8],
			"to": [8.75, 10.25, 8.75],
			"faces": {
				"north": {"uv": [7.5, 6.5, 8.25, 6.75], "texture": "#torch"},
				"east": {"uv": [8, 6.5, 8.75, 6.75], "texture": "#torch"},
				"south": {"uv": [8, 7, 8.75, 7.25], "texture": "#torch"},
				"west": {"uv": [8, 7, 8.75, 7.25], "texture": "#torch"},
				"up": {"uv": [7.5, 6, 8.25, 6.75], "texture": "#torch"},
				"down": {"uv": [8, 7, 8.75, 7.75], "texture": "#torch"}
			}
		},
		{
			"from": [7.25, 10, 8],
			"to": [8, 10.25, 8.75],
			"faces": {
				"north": {"uv": [7.5, 6.5, 8.25, 6.75], "texture": "#torch"},
				"east": {"uv": [8, 6.5, 8.75, 6.75], "texture": "#torch"},
				"south": {"uv": [8, 7, 8.75, 7.25], "texture": "#torch"},
				"west": {"uv": [8, 7, 8.75, 7.25], "texture": "#torch"},
				"up": {"uv": [7.5, 6, 8.25, 6.75], "texture": "#torch"},
				"down": {"uv": [8, 7, 8.75, 7.75], "texture": "#torch"}
			}
		},
		{
			"from": [7.25, 8.25, 7.25],
			"to": [8, 8.5, 8],
			"faces": {
				"north": {"uv": [8, 7, 8.75, 7.25], "texture": "#torch"},
				"east": {"uv": [7.5, 6.5, 8.25, 6.75], "texture": "#torch"},
				"south": {"uv": [7.5, 6.5, 8.25, 6.75], "texture": "#torch"},
				"west": {"uv": [7.5, 7, 8.25, 7.25], "texture": "#torch"},
				"up": {"uv": [8, 7, 8.75, 7.75], "texture": "#torch"},
				"down": {"uv": [7.5, 6.5, 8.25, 7.25], "texture": "#torch"}
			}
		},
		{
			"from": [8, 8.25, 7.25],
			"to": [8.75, 8.5, 8],
			"faces": {
				"north": {"uv": [8, 7, 8.75, 7.25], "texture": "#torch"},
				"east": {"uv": [7.5, 6.5, 8.25, 6.75], "texture": "#torch"},
				"south": {"uv": [7.5, 6.5, 8.25, 6.75], "texture": "#torch"},
				"west": {"uv": [7.5, 7, 8.25, 7.25], "texture": "#torch"},
				"up": {"uv": [8, 7, 8.75, 7.75], "texture": "#torch"},
				"down": {"uv": [7.5, 6.5, 8.25, 7.25], "texture": "#torch"}
			}
		},
		{
			"from": [8, 8.25, 8],
			"to": [8.75, 8.5, 8.75],
			"faces": {
				"north": {"uv": [8, 7, 8.75, 7.25], "texture": "#torch"},
				"east": {"uv": [7.5, 6.5, 8.25, 6.75], "texture": "#torch"},
				"south": {"uv": [7.5, 6.5, 8.25, 6.75], "texture": "#torch"},
				"west": {"uv": [7.5, 7, 8.25, 7.25], "texture": "#torch"},
				"up": {"uv": [8, 7, 8.75, 7.75], "texture": "#torch"},
				"down": {"uv": [7.5, 6.5, 8.25, 7.25], "texture": "#torch"}
			}
		},
		{
			"from": [7.25, 8.25, 8],
			"to": [8, 8.5, 8.75],
			"faces": {
				"north": {"uv": [8, 7, 8.75, 7.25], "texture": "#torch"},
				"east": {"uv": [7.5, 6.5, 8.25, 6.75], "texture": "#torch"},
				"south": {"uv": [7.5, 6.5, 8.25, 6.75], "texture": "#torch"},
				"west": {"uv": [7.5, 7, 8.25, 7.25], "texture": "#torch"},
				"up": {"uv": [8, 7, 8.75, 7.75], "texture": "#torch"},
				"down": {"uv": [7.5, 6.5, 8.25, 7.25], "texture": "#torch"}
			}
		}
	],
	"display": {
		"thirdperson_righthand": {
			"rotation": [25, -35, 0],
			"translation": [0, 3.25, 2.5],
			"scale": [0.5, 0.5, 0.5]
		},
		"thirdperson_lefthand": {
			"rotation": [25, -35, 0],
			"translation": [0, 3.75, 2.5],
			"scale": [0.5, 0.5, 0.5]
		},
		"firstperson_righthand": {
			"rotation": [0, -90, 25],
			"translation": [0, 4.5, 1],
			"scale": [0.7, 0.7, 0.7]
		},
		"firstperson_lefthand": {
			"rotation": [0, -90, 25],
			"translation": [0, 4.5, 1],
			"scale": [0.7, 0.7, 0.7]
		},
		"ground": {
			"rotation": [90, -180, 0],
			"translation": [0, -1.75, 2],
			"scale": [0.8, 0.8, 0.8]
		},
		"gui": {
			"rotation": [0, -35, 0],
			"translation": [-0.25, 0, 0],
			"scale": [0.6, 0.6, 0.6]
		},
		"head": {
			"rotation": [0, 180, 0],
			"translation": [0, 13, 7]
		},
		"fixed": {
			"rotation": [0, -180, 0],
			"translation": [0, 2, -0.75]
		}
	},
	"groups": [
		{
			"name": "group",
			"origin": [0, 0, 0],
			"color": 0,
			"children": [0, 1, 2, 3, 4, 5, 6, 7, 8, 9, 10, 11, 12, 13, 14, 15, 16, 17, 18, 19, 20, 21, 22, 23, 24]
		}
	]
}