{
	"credit": "by ZiYun",
	"ambientocclusion": false,
	"textures": {
		"particle": "block/repeater_on_4",
		"top": "block/repeater_on_4",
		"lit": "block/redstone_torch"
	},
	"elements": [
		{
			"from": [7, 2, 8.75],
			"to": [9, 4, 12],
			"faces": {
				"north": {"uv": [7, 13, 9, 15], "rotation": 180, "texture": "#lit"},
				"east": {"uv": [7, 8, 9, 13], "rotation": 270, "texture": "#lit"},
				"south": {"uv": [7, 8, 9, 8.5], "texture": "#lit"},
				"west": {"uv": [7, 8, 9, 13], "rotation": 90, "texture": "#lit"},
				"up": {"uv": [7, 8, 9, 13], "rotation": 180, "texture": "#lit"},
				"down": {"uv": [7, 8, 9, 13], "texture": "#lit"}
			}
		},
		{
			"from": [7, 12, 9],
			"to": [9, 14, 12],
			"faces": {
				"north": {"uv": [7, 13, 9, 15], "rotation": 180, "texture": "#lit"},
				"east": {"uv": [7, 8, 9, 13], "rotation": 270, "texture": "#lit"},
				"south": {"uv": [7, 8, 9, 8.5], "texture": "#lit"},
				"west": {"uv": [7, 8, 9, 13], "rotation": 90, "texture": "#lit"},
				"up": {"uv": [7, 8, 9, 13], "rotation": 180, "texture": "#lit"},
				"down": {"uv": [7, 8, 9, 13], "texture": "#lit"}
			}
		},
		{
			"from": [0, 10, 7],
			"to": [16, 16, 9],
			"faces": {
				"north": {"uv": [0, 6, 16, 0], "rotation": 180, "texture": "#top"},
				"east": {"uv": [10, 14, 16, 16], "rotation": 270, "texture": "#top"},
				"south": {"uv": [0, 0, 16, 6], "texture": "#top"},
				"west": {"uv": [0, 14, 6, 16], "rotation": 90, "texture": "#top"},
				"up": {"uv": [0, 14, 16, 16], "rotation": 180, "texture": "#top"},
				"down": {"uv": [0, 16, 16, 14], "texture": "#top"}
			}
		},
		{
			"from": [0, 2, 7],
			"to": [7, 10, 9],
			"faces": {
				"north": {"uv": [0, 14, 7, 6], "rotation": 180, "texture": "#top"},
				"east": {"uv": [4, 16, 12, 14], "rotation": 270, "texture": "#top"},
				"south": {"uv": [0, 6, 7, 14], "texture": "#top"},
				"west": {"uv": [6, 14, 14, 16], "rotation": 90, "texture": "#top"},
				"up": {"uv": [9, 14, 16, 16], "rotation": 180, "texture": "#top"},
				"down": {"uv": [0, 14, 7, 16], "texture": "#top"}
			}
		},
		{
			"from": [9, 2, 7],
			"to": [16, 10, 9],
			"faces": {
				"north": {"uv": [9, 14, 16, 6], "rotation": 180, "texture": "#top"},
				"east": {"uv": [2, 14, 10, 16], "rotation": 270, "texture": "#top"},
				"south": {"uv": [9, 6, 16, 14], "texture": "#top"},
				"west": {"uv": [4, 16, 12, 14], "rotation": 90, "texture": "#top"},
				"up": {"uv": [0, 14, 7, 16], "rotation": 180, "texture": "#top"},
				"down": {"uv": [9, 14, 16, 16], "texture": "#top"}
			}
		},
		{
			"from": [0, 0, 7],
			"to": [16, 2, 9],
			"faces": {
				"north": {"uv": [0, 16, 16, 14], "rotation": 180, "texture": "#top"},
				"east": {"uv": [0, 14, 2, 16], "rotation": 270, "texture": "#top"},
				"south": {"uv": [0, 14, 16, 16], "texture": "#top"},
				"west": {"uv": [14, 14, 16, 16], "rotation": 90, "texture": "#top"},
				"up": {"uv": [0, 16, 16, 14], "rotation": 180, "texture": "#top"},
				"down": {"uv": [0, 14, 16, 16], "texture": "#top"}
			}
		},
		{
			"from": [7, 2, 7],
			"to": [9, 10, 8.75],
			"faces": {
				"north": {"uv": [7, 6, 9, 14], "rotation": 180, "texture": "#top"},
				"east": {"uv": [7, 6, 9, 14], "rotation": 270, "texture": "#top"},
				"south": {"uv": [7, 6, 9, 14], "texture": "#top"},
				"west": {"uv": [7, 6, 9, 14], "rotation": 90, "texture": "#top"},
				"up": {"uv": [7, 6, 9, 7.75], "rotation": 180, "texture": "#top"},
				"down": {"uv": [7, 6, 9, 7.75], "texture": "#top"}
			}
		},
		{
			"from": [7.25, 13.75, 12.5],
			"to": [8.75, 14, 14],
			"faces": {
				"north": {"uv": [7.5, 6.5, 8.25, 6.75], "rotation": 180, "texture": "#lit"},
				"east": {"uv": [8, 6.5, 8.25, 7.25], "rotation": 270, "texture": "#lit"},
				"south": {"uv": [8, 6.5, 8.75, 6.75], "texture": "#lit"},
				"west": {"uv": [8, 6.5, 8.25, 7.25], "rotation": 90, "texture": "#lit"},
				"up": {"uv": [7.5, 6, 8.25, 6.75], "rotation": 180, "texture": "#lit"},
				"down": {"uv": [7.5, 6, 8.25, 6.75], "texture": "#lit"}
			}
		},
		{
			"from": [7.25, 12, 12.5],
			"to": [8.75, 12.25, 14],
			"faces": {
				"north": {"uv": [7.5, 6.5, 8.25, 6.75], "rotation": 180, "texture": "#lit"},
				"east": {"uv": [8, 6.5, 8.25, 7.25], "rotation": 270, "texture": "#lit"},
				"south": {"uv": [8, 6.5, 8.75, 6.75], "texture": "#lit"},
				"west": {"uv": [8, 6.5, 8.25, 7.25], "rotation": 90, "texture": "#lit"},
				"up": {"uv": [7.5, 6, 8.25, 6.75], "rotation": 180, "texture": "#lit"},
				"down": {"uv": [7.5, 6, 8.25, 6.75], "texture": "#lit"}
			}
		},
		{
			"from": [7, 12.25, 12.5],
			"to": [7.25, 13.75, 14],
			"faces": {
				"north": {"uv": [7.5, 6.5, 8.25, 6.75], "rotation": 180, "texture": "#lit"},
				"east": {"uv": [8, 6.5, 8.25, 7.25], "rotation": 270, "texture": "#lit"},
				"south": {"uv": [8, 6.5, 8.75, 6.75], "texture": "#lit"},
				"west": {"uv": [8, 6.5, 8.25, 7.25], "rotation": 90, "texture": "#lit"},
				"up": {"uv": [7.5, 6, 8.25, 6.75], "rotation": 180, "texture": "#lit"},
				"down": {"uv": [7.5, 6, 8.25, 6.75], "texture": "#lit"}
			}
		},
		{
			"from": [8.75, 12.25, 12.5],
			"to": [9, 13.75, 14],
			"faces": {
				"north": {"uv": [7.5, 6.5, 8.25, 6.75], "rotation": 180, "texture": "#lit"},
				"east": {"uv": [8, 6.5, 8.25, 7.25], "rotation": 270, "texture": "#lit"},
				"south": {"uv": [8, 6.5, 8.75, 6.75], "texture": "#lit"},
				"west": {"uv": [8, 6.5, 8.25, 7.25], "rotation": 90, "texture": "#lit"},
				"up": {"uv": [7.5, 6, 8.25, 6.75], "rotation": 180, "texture": "#lit"},
				"down": {"uv": [7.5, 6, 8.25, 6.75], "texture": "#lit"}
			}
		},
		{
			"from": [7.25, 12.25, 14],
			"to": [8.75, 13.75, 14.25],
			"faces": {
				"north": {"uv": [7.5, 6.5, 8.25, 6.75], "rotation": 180, "texture": "#lit"},
				"east": {"uv": [8, 6.5, 8.25, 7.25], "rotation": 270, "texture": "#lit"},
				"south": {"uv": [8, 6.5, 8.75, 6.75], "texture": "#lit"},
				"west": {"uv": [8, 6.5, 8.25, 7.25], "rotation": 90, "texture": "#lit"},
				"up": {"uv": [7.5, 6, 8.25, 6.75], "rotation": 180, "texture": "#lit"},
				"down": {"uv": [7.5, 6, 8.25, 6.75], "texture": "#lit"}
			}
		},
		{
			"from": [7.25, 12.25, 12.25],
			"to": [8.75, 13.75, 12.5],
			"faces": {
				"north": {"uv": [7.5, 6.5, 8.25, 6.75], "rotation": 180, "texture": "#lit"},
				"east": {"uv": [8, 6.5, 8.25, 7.25], "rotation": 270, "texture": "#lit"},
				"south": {"uv": [8, 6.5, 8.75, 6.75], "texture": "#lit"},
				"west": {"uv": [8, 6.5, 8.25, 7.25], "rotation": 90, "texture": "#lit"},
				"up": {"uv": [7.5, 6, 8.25, 6.75], "rotation": 180, "texture": "#lit"},
				"down": {"uv": [7.5, 6, 8.25, 6.75], "texture": "#lit"}
			}
		},
		{
			"from": [7.25, 3.75, 12.5],
			"to": [8.75, 4, 14],
			"faces": {
				"north": {"uv": [7.5, 6.5, 8.25, 6.75], "rotation": 180, "texture": "#lit"},
				"east": {"uv": [8, 6.5, 8.25, 7.25], "rotation": 270, "texture": "#lit"},
				"south": {"uv": [8, 6.5, 8.75, 6.75], "texture": "#lit"},
				"west": {"uv": [8, 6.5, 8.25, 7.25], "rotation": 90, "texture": "#lit"},
				"up": {"uv": [7.5, 6, 8.25, 6.75], "rotation": 180, "texture": "#lit"},
				"down": {"uv": [7.5, 6, 8.25, 6.75], "texture": "#lit"}
			}
		},
		{
			"from": [7.25, 2, 12.5],
			"to": [8.75, 2.25, 14],
			"faces": {
				"north": {"uv": [7.5, 6.5, 8.25, 6.75], "rotation": 180, "texture": "#lit"},
				"east": {"uv": [8, 6.5, 8.25, 7.25], "rotation": 270, "texture": "#lit"},
				"south": {"uv": [8, 6.5, 8.75, 6.75], "texture": "#lit"},
				"west": {"uv": [8, 6.5, 8.25, 7.25], "rotation": 90, "texture": "#lit"},
				"up": {"uv": [7.5, 6, 8.25, 6.75], "rotation": 180, "texture": "#lit"},
				"down": {"uv": [7.5, 6, 8.25, 6.75], "texture": "#lit"}
			}
		},
		{
			"from": [7, 2.25, 12.5],
			"to": [7.25, 3.75, 14],
			"faces": {
				"north": {"uv": [7.5, 6.5, 8.25, 6.75], "rotation": 180, "texture": "#lit"},
				"east": {"uv": [8, 6.5, 8.25, 7.25], "rotation": 270, "texture": "#lit"},
				"south": {"uv": [8, 6.5, 8.75, 6.75], "texture": "#lit"},
				"west": {"uv": [8, 6.5, 8.25, 7.25], "rotation": 90, "texture": "#lit"},
				"up": {"uv": [7.5, 6, 8.25, 6.75], "rotation": 180, "texture": "#lit"},
				"down": {"uv": [7.5, 6, 8.25, 6.75], "texture": "#lit"}
			}
		},
		{
			"from": [8.75, 2.25, 12.5],
			"to": [9, 3.75, 14],
			"faces": {
				"north": {"uv": [7.5, 6.5, 8.25, 6.75], "rotation": 180, "texture": "#lit"},
				"east": {"uv": [8, 6.5, 8.25, 7.25], "rotation": 270, "texture": "#lit"},
				"south": {"uv": [8, 6.5, 8.75, 6.75], "texture": "#lit"},
				"west": {"uv": [8, 6.5, 8.25, 7.25], "rotation": 90, "texture": "#lit"},
				"up": {"uv": [7.5, 6, 8.25, 6.75], "rotation": 180, "texture": "#lit"},
				"down": {"uv": [7.5, 6, 8.25, 6.75], "texture": "#lit"}
			}
		},
		{
			"from": [7.25, 2.25, 14],
			"to": [8.75, 3.75, 14.25],
			"faces": {
				"north": {"uv": [7.5, 6.5, 8.25, 6.75], "rotation": 180, "texture": "#lit"},
				"east": {"uv": [8, 6.5, 8.25, 7.25], "rotation": 270, "texture": "#lit"},
				"south": {"uv": [8, 6.5, 8.75, 6.75], "texture": "#lit"},
				"west": {"uv": [8, 6.5, 8.25, 7.25], "rotation": 90, "texture": "#lit"},
				"up": {"uv": [7.5, 6, 8.25, 6.75], "rotation": 180, "texture": "#lit"},
				"down": {"uv": [7.5, 6, 8.25, 6.75], "texture": "#lit"}
			}
		},
		{
			"from": [7.25, 2.25, 12.25],
			"to": [8.75, 3.75, 12.5],
			"faces": {
				"north": {"uv": [7.5, 6.5, 8.25, 6.75], "rotation": 180, "texture": "#lit"},
				"east": {"uv": [8, 6.5, 8.25, 7.25], "rotation": 270, "texture": "#lit"},
				"south": {"uv": [8, 6.5, 8.75, 6.75], "texture": "#lit"},
				"west": {"uv": [8, 6.5, 8.25, 7.25], "rotation": 90, "texture": "#lit"},
				"up": {"uv": [7.5, 6, 8.25, 6.75], "rotation": 180, "texture": "#lit"},
				"down": {"uv": [7.5, 6, 8.25, 6.75], "texture": "#lit"}
			}
		},
		{
			"from": [9, 8.5, 9],
			"to": [11, 9.5, 9.35],
			"faces": {
				"north": {"uv": [9, 8.5, 12, 9.5], "rotation": 180, "texture": "#top"},
				"east": {"uv": [5, 6.5, 6, 6.75], "rotation": 270, "texture": "#top"},
				"south": {"uv": [9, 8.5, 12, 9.5], "texture": "#top"},
				"west": {"uv": [5.5, 6.5, 6.5, 6.75], "rotation": 90, "texture": "#top"},
				"up": {"uv": [5, 6.5, 7, 6.75], "rotation": 180, "texture": "#top"},
				"down": {"uv": [5, 6.5, 7, 6.75], "texture": "#top"}
			}
		},
		{
			"from": [5, 8.5, 9],
			"to": [7, 9.5, 9.35],
			"faces": {
				"north": {"uv": [4, 8.5, 7, 9.5], "rotation": 180, "texture": "#top"},
				"east": {"uv": [5, 6.5, 6, 6.75], "rotation": 270, "texture": "#top"},
				"south": {"uv": [4, 8.5, 7, 9.5], "texture": "#top"},
				"west": {"uv": [5.5, 6.5, 6.5, 6.75], "rotation": 90, "texture": "#top"},
				"up": {"uv": [5, 6.5, 7, 6.75], "rotation": 180, "texture": "#top"},
				"down": {"uv": [5, 6.5, 7, 6.75], "texture": "#top"}
			}
		},
		{
			"from": [9, 6.5, 9],
			"to": [12, 7.5, 9.35],
			"faces": {
				"north": {"uv": [9, 8.5, 12, 9.5], "rotation": 180, "texture": "#top"},
				"east": {"uv": [5, 6.5, 6, 6.75], "rotation": 270, "texture": "#top"},
				"south": {"uv": [9, 8.5, 12, 9.5], "texture": "#top"},
				"west": {"uv": [5.5, 6.5, 6.5, 6.75], "rotation": 90, "texture": "#top"},
				"up": {"uv": [5, 6.5, 7, 6.75], "rotation": 180, "texture": "#top"},
				"down": {"uv": [5, 6.5, 7, 6.75], "texture": "#top"}
			}
		},
		{
			"from": [4, 6.5, 9],
			"to": [7, 7.5, 9.35],
			"faces": {
				"north": {"uv": [4, 8.5, 7, 9.5], "rotation": 180, "texture": "#top"},
				"east": {"uv": [5, 6.5, 6, 6.75], "rotation": 270, "texture": "#top"},
				"south": {"uv": [4, 8.5, 7, 9.5], "texture": "#top"},
				"west": {"uv": [5.5, 6.5, 6.5, 6.75], "rotation": 90, "texture": "#top"},
				"up": {"uv": [5, 6.5, 7, 6.75], "rotation": 180, "texture": "#top"},
				"down": {"uv": [5, 6.5, 7, 6.75], "texture": "#top"}
			}
		},
		{
			"from": [3, 4.5, 9],
			"to": [7, 5.5, 9.35],
			"faces": {
				"north": {"uv": [3, 10.5, 7, 11.5], "rotation": 180, "texture": "#top"},
				"east": {"uv": [5, 6.5, 6, 6.75], "rotation": 270, "texture": "#top"},
				"south": {"uv": [3, 10.5, 7, 11.5], "texture": "#top"},
				"west": {"uv": [5.5, 6.5, 6.5, 6.75], "rotation": 90, "texture": "#top"},
				"up": {"uv": [5, 6.5, 7, 6.75], "rotation": 180, "texture": "#top"},
				"down": {"uv": [5, 6.5, 7, 6.75], "texture": "#top"}
			}
		},
		{
			"from": [9, 4.5, 9],
			"to": [13, 5.5, 9.35],
			"faces": {
				"north": {"uv": [9, 10.5, 13, 11.5], "rotation": 180, "texture": "#top"},
				"east": {"uv": [5, 6.5, 6, 6.75], "rotation": 270, "texture": "#top"},
				"south": {"uv": [9, 10.5, 13, 11.5], "texture": "#top"},
				"west": {"uv": [5.5, 6.5, 6.5, 6.75], "rotation": 90, "texture": "#top"},
				"up": {"uv": [5, 6.5, 7, 6.75], "rotation": 180, "texture": "#top"},
				"down": {"uv": [5, 6.5, 7, 6.75], "texture": "#top"}
			}
		},
		{
			"from": [9, 2.5, 9],
			"to": [14, 3.5, 9.35],
			"faces": {
				"north": {"uv": [9, 12.5, 14, 13.5], "rotation": 180, "texture": "#top"},
				"east": {"uv": [5, 6.5, 6, 6.75], "rotation": 270, "texture": "#top"},
				"south": {"uv": [9, 12.5, 14, 13.5], "texture": "#top"},
				"west": {"uv": [5.5, 6.5, 6.5, 6.75], "rotation": 90, "texture": "#top"},
				"up": {"uv": [5, 6.5, 7, 6.75], "rotation": 180, "texture": "#top"},
				"down": {"uv": [5, 6.5, 7, 6.75], "texture": "#top"}
			}
		},
		{
			"from": [2, 2.5, 9],
			"to": [7, 3.5, 9.35],
			"faces": {
				"north": {"uv": [9, 12.5, 14, 13.5], "rotation": 180, "texture": "#top"},
				"east": {"uv": [5, 6.5, 6, 6.75], "rotation": 270, "texture": "#top"},
				"south": {"uv": [9, 12.5, 14, 13.5], "texture": "#top"},
				"west": {"uv": [5.5, 6.5, 6.5, 6.75], "rotation": 90, "texture": "#top"},
				"up": {"uv": [5, 6.5, 7, 6.75], "rotation": 180, "texture": "#top"},
				"down": {"uv": [5, 6.5, 7, 6.75], "texture": "#top"}
			}
		},
		{
			"from": [2, 12.5, 9],
			"to": [4.5, 13, 9.5],
			"faces": {
				"north": {"uv": [2.5, 3, 4.5, 3.5], "rotation": 180, "texture": "#top"},
				"east": {"uv": [3, 3, 3.5, 3.5], "rotation": 270, "texture": "#top"},
				"south": {"uv": [2.5, 3, 4.5, 3.5], "texture": "#top"},
				"west": {"uv": [3, 3, 3.5, 3.5], "rotation": 90, "texture": "#top"},
				"up": {"uv": [2.5, 3, 4.5, 3.5], "rotation": 180, "texture": "#top"},
				"down": {"uv": [2.5, 3, 4.5, 3.5], "texture": "#top"}
			}
		},
		{
			"from": [3, 11, 9],
			"to": [3.5, 12.5, 9.5],
			"faces": {
				"north": {"uv": [3, 3.5, 3.5, 4.5], "rotation": 180, "texture": "#top"},
				"east": {"uv": [2.5, 3, 3.5, 3.5], "rotation": 270, "texture": "#top"},
				"south": {"uv": [3, 3.5, 3.5, 4.5], "texture": "#top"},
				"west": {"uv": [2.5, 3, 3.5, 3.5], "rotation": 90, "texture": "#top"},
				"up": {"uv": [3, 4, 3.5, 4.5], "rotation": 180, "texture": "#top"},
				"down": {"uv": [3, 3.5, 3.5, 4], "texture": "#top"}
			}
		},
		{
			"from": [3, 13, 9],
			"to": [3.5, 14.5, 9.5],
			"faces": {
				"north": {"uv": [3, 2, 3.5, 3], "rotation": 180, "texture": "#top"},
				"east": {"uv": [3, 3, 4, 3.5], "rotation": 270, "texture": "#top"},
				"south": {"uv": [3, 2, 3.5, 3], "texture": "#top"},
				"west": {"uv": [3, 3, 4, 3.5], "rotation": 90, "texture": "#top"},
				"up": {"uv": [3, 2.5, 3.5, 3], "rotation": 180, "texture": "#top"},
				"down": {"uv": [3, 2, 3.5, 2.5], "texture": "#top"}
			}
		},
		{
			"from": [2, 13, 9],
			"to": [2.5, 14, 9.5],
			"faces": {
				"north": {"uv": [2, 2, 2.5, 3], "rotation": 180, "texture": "#top"},
				"east": {"uv": [3.5, 3, 4.5, 3.5], "rotation": 270, "texture": "#top"},
				"south": {"uv": [2, 2, 2.5, 3], "texture": "#top"},
				"west": {"uv": [2, 3, 3, 3.5], "rotation": 90, "texture": "#top"},
				"up": {"uv": [2, 3, 2.5, 3.5], "rotation": 180, "texture": "#top"},
				"down": {"uv": [3, 4.5, 3.5, 5], "texture": "#top"}
			}
		},
		{
			"from": [11.5, 12.5, 9],
			"to": [14, 13, 9.5],
			"faces": {
				"north": {"uv": [2.5, 3, 4.5, 3.5], "rotation": 180, "texture": "#top"},
				"east": {"uv": [3, 3, 3.5, 3.5], "rotation": 270, "texture": "#top"},
				"south": {"uv": [2.5, 3, 4.5, 3.5], "texture": "#top"},
				"west": {"uv": [3, 3, 3.5, 3.5], "rotation": 90, "texture": "#top"},
				"up": {"uv": [2.5, 3, 4.5, 3.5], "rotation": 180, "texture": "#top"},
				"down": {"uv": [2.5, 3, 4.5, 3.5], "texture": "#top"}
			}
		},
		{
			"from": [12.5, 11, 9],
			"to": [13, 12.5, 9.5],
			"faces": {
				"north": {"uv": [3, 3.5, 3.5, 4.5], "rotation": 180, "texture": "#top"},
				"east": {"uv": [2.5, 3, 3.5, 3.5], "rotation": 270, "texture": "#top"},
				"south": {"uv": [3, 3.5, 3.5, 4.5], "texture": "#top"},
				"west": {"uv": [2.5, 3, 3.5, 3.5], "rotation": 90, "texture": "#top"},
				"up": {"uv": [3, 4, 3.5, 4.5], "rotation": 180, "texture": "#top"},
				"down": {"uv": [3, 3.5, 3.5, 4], "texture": "#top"}
			}
		},
		{
			"from": [12.5, 13, 9],
			"to": [13, 14.5, 9.5],
			"faces": {
				"north": {"uv": [3, 2, 3.5, 3], "rotation": 180, "texture": "#top"},
				"east": {"uv": [3, 3, 4, 3.5], "rotation": 270, "texture": "#top"},
				"south": {"uv": [3, 2, 3.5, 3], "texture": "#top"},
				"west": {"uv": [3, 3, 4, 3.5], "rotation": 90, "texture": "#top"},
				"up": {"uv": [3, 2.5, 3.5, 3], "rotation": 180, "texture": "#top"},
				"down": {"uv": [3, 2, 3.5, 2.5], "texture": "#top"}
			}
		},
		{
			"from": [11.5, 13, 9],
			"to": [12, 14, 9.5],
			"faces": {
				"north": {"uv": [2, 2, 2.5, 3], "rotation": 180, "texture": "#top"},
				"east": {"uv": [3.5, 3, 4.5, 3.5], "rotation": 270, "texture": "#top"},
				"south": {"uv": [2, 2, 2.5, 3], "texture": "#top"},
				"west": {"uv": [2, 3, 3, 3.5], "rotation": 90, "texture": "#top"},
				"up": {"uv": [2, 3, 2.5, 3.5], "rotation": 180, "texture": "#top"},
				"down": {"uv": [3, 4.5, 3.5, 5], "texture": "#top"}
			}
		}
	],
	"display": {
		"thirdperson_righthand": {
			"rotation": [0, -35, 0],
			"translation": [0, 1.75, 1],
			"scale": [0.3, 0.3, 0.3]
		},
		"thirdperson_lefthand": {
			"rotation": [0, -35, 0],
			"translation": [0, 1.75, 1],
			"scale": [0.3, 0.3, 0.3]
		},
		"firstperson_righthand": {
			"rotation": [0, -90, 25],
			"translation": [0, 3, 1],
			"scale": [0.4, 0.4, 0.4]
		},
		"firstperson_lefthand": {
			"rotation": [0, -90, 25],
			"translation": [0, 3, 1],
			"scale": [0.4, 0.4, 0.4]
		},
		"ground": {
			"rotation": [90, -180, 0],
			"translation": [0, -1.75, 0],
			"scale": [0.5, 0.5, 0.5]
		},
		"gui": {
			"rotation": [0, -35, 0],
			"translation": [-0.25, 0, 0],
			"scale": [0.6, 0.6, 0.6]
		},
		"head": {
			"rotation": [0, 180, 0],
			"translation": [0, 13, 7]
		},
		"fixed": {
			"rotation": [0, -180, 0],
			"translation": [0, 0, -0.75],
			"scale": [0.8, 0.8, 0.8]
		}
	},
	"groups": [
		{
			"name": "group",
			"origin": [0, 0, 0],
			"color": 0,
			"children": [0, 1, 2, 3, 4, 5, 6, 7, 8, 9, 10, 11, 12, 13, 14, 15, 16, 17, 18, 19, 20, 21, 22, 23, 24, 25, 26, 27, 28, 29, 30, 31, 32, 33, 34]
		}
	]
}