{
	"credit": "by ZiYun",
	"parent": "minecraft:block/cross",
	"textures": {
		"cross": "block/brown_mushroom"
	},
	"elements": [
		{
			"from": [4.5, 0, 10.5],
			"to": [5, 2, 11],
			"faces": {
				"north": {"uv": [8, 12, 8.5, 14], "texture": "#cross"},
				"east": {"uv": [8, 12, 8.5, 14], "texture": "#cross"},
				"south": {"uv": [7.5, 12, 8, 14], "texture": "#cross"},
				"west": {"uv": [7.5, 12, 8, 14], "texture": "#cross"},
				"up": {"uv": [7.5, 12, 8, 12.5], "texture": "#cross"},
				"down": {"uv": [7.5, 12, 8, 12.5], "texture": "#cross"}
			}
		},
		{
			"from": [4.5, 0, 11],
			"to": [5, 2, 11.5],
			"faces": {
				"north": {"uv": [7.5, 12, 8, 14], "texture": "#cross"},
				"east": {"uv": [8, 12, 8.5, 14], "texture": "#cross"},
				"south": {"uv": [7.5, 12, 8, 14], "texture": "#cross"},
				"west": {"uv": [8, 12, 8.5, 14], "texture": "#cross"},
				"up": {"uv": [7.5, 12, 8, 12.5], "texture": "#cross"},
				"down": {"uv": [7.5, 12, 8, 12.5], "texture": "#cross"}
			}
		},
		{
			"from": [5, 0, 10.5],
			"to": [5.5, 2, 11],
			"faces": {
				"north": {"uv": [7.5, 12, 8, 14], "texture": "#cross"},
				"east": {"uv": [8, 12, 8.5, 14], "texture": "#cross"},
				"south": {"uv": [7.5, 12, 8, 14], "texture": "#cross"},
				"west": {"uv": [8, 12, 8.5, 14], "texture": "#cross"},
				"up": {"uv": [7.5, 12, 8, 12.5], "texture": "#cross"},
				"down": {"uv": [8, 12, 8.5, 12.5], "texture": "#cross"}
			}
		},
		{
			"from": [5, 0, 11],
			"to": [5.5, 2, 11.5],
			"faces": {
				"north": {"uv": [7.5, 12, 8, 14], "texture": "#cross"},
				"east": {"uv": [7.5, 12, 8, 14], "texture": "#cross"},
				"south": {"uv": [8, 12, 8.5, 14], "texture": "#cross"},
				"west": {"uv": [8, 12, 8.5, 14], "texture": "#cross"},
				"up": {"uv": [7.5, 12, 8, 12.5], "texture": "#cross"},
				"down": {"uv": [8, 12, 8.5, 12.5], "texture": "#cross"}
			}
		},
		{
			"from": [2, 2, 8],
			"to": [8, 3, 14],
			"faces": {
				"north": {"uv": [5, 11, 11, 12], "texture": "#cross"},
				"east": {"uv": [5, 11, 11, 12], "texture": "#cross"},
				"south": {"uv": [5, 11, 11, 12], "texture": "#cross"},
				"west": {"uv": [5, 11, 11, 12], "texture": "#cross"},
				"up": {"uv": [0, 0, 6, 6], "texture": "#cross"},
				"down": {"uv": [0, 0, 6, 6], "rotation": 270, "texture": "#cross"}
			}
		},
		{
			"from": [3, 3, 9],
			"to": [7, 3.5, 13],
			"faces": {
				"north": {"uv": [6, 10.5, 10, 11], "texture": "#cross"},
				"east": {"uv": [6, 10.5, 10, 11], "texture": "#cross"},
				"south": {"uv": [6, 10.5, 10, 11], "texture": "#cross"},
				"west": {"uv": [6, 10.5, 10, 11], "texture": "#cross"},
				"up": {"uv": [1, 1, 5, 5], "texture": "#cross"},
				"down": {"uv": [1, 1, 5, 5], "texture": "#cross"}
			}
		}
	]
}