{
	"credit": "by ZiYun",
	"parent": "minecraft:block/cross",
	"textures": {
		"cross": "block/brown_mushroom"
	},
	"elements": [
		{
			"from": [3.5, 0, 6.5],
			"to": [4, 4, 7],
			"faces": {
				"north": {"uv": [8, 12, 8.5, 16], "texture": "#cross"},
				"east": {"uv": [8, 12, 8.5, 16], "texture": "#cross"},
				"south": {"uv": [7.5, 12, 8, 16], "texture": "#cross"},
				"west": {"uv": [7.5, 12, 8, 16], "texture": "#cross"},
				"up": {"uv": [7.5, 12, 8, 12.5], "texture": "#cross"},
				"down": {"uv": [7.5, 12, 8, 12.5], "texture": "#cross"}
			}
		},
		{
			"from": [3.5, 0, 7],
			"to": [4, 4, 7.5],
			"faces": {
				"north": {"uv": [7.5, 12, 8, 16], "texture": "#cross"},
				"east": {"uv": [8, 12, 8.5, 16], "texture": "#cross"},
				"south": {"uv": [7.5, 12, 8, 16], "texture": "#cross"},
				"west": {"uv": [8, 12, 8.5, 16], "texture": "#cross"},
				"up": {"uv": [7.5, 12, 8, 12.5], "texture": "#cross"},
				"down": {"uv": [7.5, 12, 8, 12.5], "texture": "#cross"}
			}
		},
		{
			"from": [4, 0, 6.5],
			"to": [4.5, 4, 7],
			"faces": {
				"north": {"uv": [7.5, 12, 8, 16], "texture": "#cross"},
				"east": {"uv": [8, 12, 8.5, 16], "texture": "#cross"},
				"south": {"uv": [7.5, 12, 8, 16], "texture": "#cross"},
				"west": {"uv": [8, 12, 8.5, 16], "texture": "#cross"},
				"up": {"uv": [7.5, 12, 8, 12.5], "texture": "#cross"},
				"down": {"uv": [8, 12, 8.5, 12.5], "texture": "#cross"}
			}
		},
		{
			"from": [4, 0, 7],
			"to": [4.5, 4, 7.5],
			"faces": {
				"north": {"uv": [7.5, 12, 8, 16], "texture": "#cross"},
				"east": {"uv": [7.5, 12, 8, 16], "texture": "#cross"},
				"south": {"uv": [8, 12, 8.5, 16], "texture": "#cross"},
				"west": {"uv": [8, 12, 8.5, 16], "texture": "#cross"},
				"up": {"uv": [7.5, 12, 8, 12.5], "texture": "#cross"},
				"down": {"uv": [8, 12, 8.5, 12.5], "texture": "#cross"}
			}
		},
		{
			"from": [2, 4, 5],
			"to": [6, 5, 9],
			"faces": {
				"north": {"uv": [5, 11, 11, 12], "texture": "#cross"},
				"east": {"uv": [5, 11, 11, 12], "texture": "#cross"},
				"south": {"uv": [5, 11, 11, 12], "texture": "#cross"},
				"west": {"uv": [5, 11, 11, 12], "texture": "#cross"},
				"up": {"uv": [0, 0, 6, 6], "texture": "#cross"},
				"down": {"uv": [0, 0, 6, 6], "rotation": 270, "texture": "#cross"}
			}
		},
		{
			"from": [3, 5, 6],
			"to": [5, 5.5, 8],
			"faces": {
				"north": {"uv": [6, 10.5, 10, 11], "texture": "#cross"},
				"east": {"uv": [6, 10.5, 10, 11], "texture": "#cross"},
				"south": {"uv": [6, 10.5, 10, 11], "texture": "#cross"},
				"west": {"uv": [6, 10.5, 10, 11], "texture": "#cross"},
				"up": {"uv": [1, 1, 5, 5], "texture": "#cross"},
				"down": {"uv": [1, 1, 5, 5], "texture": "#cross"}
			}
		}
	]
}