{
	"credit": "by ZiYun",
	"parent": "minecraft:block/cross",
	"textures": {
		"cross": "block/brown_mushroom"
	},
	"elements": [
		{
			"from": [10.5, 0, 4.5],
			"to": [11, 3, 5],
			"faces": {
				"north": {"uv": [8, 12, 8.5, 15], "texture": "#cross"},
				"east": {"uv": [8, 12, 8.5, 15], "texture": "#cross"},
				"south": {"uv": [7.5, 12, 8, 15], "texture": "#cross"},
				"west": {"uv": [7.5, 12, 8, 15], "texture": "#cross"},
				"up": {"uv": [7.5, 12, 8, 12.5], "texture": "#cross"},
				"down": {"uv": [7.5, 12, 8, 12.5], "texture": "#cross"}
			}
		},
		{
			"from": [10.5, 0, 5],
			"to": [11, 3, 5.5],
			"faces": {
				"north": {"uv": [7.5, 12, 8, 15], "texture": "#cross"},
				"east": {"uv": [8, 12, 8.5, 15], "texture": "#cross"},
				"south": {"uv": [7.5, 12, 8, 15], "texture": "#cross"},
				"west": {"uv": [8, 12, 8.5, 15], "texture": "#cross"},
				"up": {"uv": [7.5, 12, 8, 12.5], "texture": "#cross"},
				"down": {"uv": [7.5, 12, 8, 12.5], "texture": "#cross"}
			}
		},
		{
			"from": [11, 0, 4.5],
			"to": [11.5, 3, 5],
			"faces": {
				"north": {"uv": [7.5, 12, 8, 15], "texture": "#cross"},
				"east": {"uv": [8, 12, 8.5, 15], "texture": "#cross"},
				"south": {"uv": [7.5, 12, 8, 15], "texture": "#cross"},
				"west": {"uv": [8, 12, 8.5, 15], "texture": "#cross"},
				"up": {"uv": [7.5, 12, 8, 12.5], "texture": "#cross"},
				"down": {"uv": [8, 12, 8.5, 12.5], "texture": "#cross"}
			}
		},
		{
			"from": [11, 0, 5],
			"to": [11.5, 3, 5.5],
			"faces": {
				"north": {"uv": [7.5, 12, 8, 15], "texture": "#cross"},
				"east": {"uv": [7.5, 12, 8, 15], "texture": "#cross"},
				"south": {"uv": [8, 12, 8.5, 15], "texture": "#cross"},
				"west": {"uv": [8, 12, 8.5, 15], "texture": "#cross"},
				"up": {"uv": [7.5, 12, 8, 12.5], "texture": "#cross"},
				"down": {"uv": [8, 12, 8.5, 12.5], "texture": "#cross"}
			}
		},
		{
			"from": [8, 3, 2],
			"to": [14, 4, 8],
			"faces": {
				"north": {"uv": [0, 0.5, 6, 1.5], "texture": "#cross"},
				"east": {"uv": [5, 11, 11, 12], "texture": "#cross"},
				"south": {"uv": [0, 4.5, 6, 5.5], "texture": "#cross"},
				"west": {"uv": [5, 11, 11, 12], "texture": "#cross"},
				"up": {"uv": [0, 0, 6, 6], "texture": "#cross"},
				"down": {"uv": [0, 0, 6, 6], "rotation": 270, "texture": "#cross"}
			}
		},
		{
			"from": [9, 4, 3],
			"to": [13, 4.5, 7],
			"faces": {
				"north": {"uv": [6, 10.5, 10, 11], "texture": "#cross"},
				"east": {"uv": [6, 10.5, 10, 11], "texture": "#cross"},
				"south": {"uv": [6, 10.5, 10, 11], "texture": "#cross"},
				"west": {"uv": [6, 10.5, 10, 11], "texture": "#cross"},
				"up": {"uv": [1, 1, 5, 5], "texture": "#cross"},
				"down": {"uv": [1, 1, 5, 5], "texture": "#cross"}
			}
		}
	]
}