{
	"credit": "by ZiYun",
	"parent": "minecraft:block/cross",
	"textures": {
		"cross": "block/brown_mushroom"
	},
	"elements": [
		{
			"from": [9.5, 0, 9.5],
			"to": [10, 4, 10],
			"faces": {
				"north": {"uv": [8, 12, 8.5, 16], "texture": "#cross"},
				"east": {"uv": [8, 12, 8.5, 16], "texture": "#cross"},
				"south": {"uv": [7.5, 12, 8, 16], "texture": "#cross"},
				"west": {"uv": [7.5, 12, 8, 16], "texture": "#cross"},
				"up": {"uv": [7.5, 12, 8, 12.5], "texture": "#cross"},
				"down": {"uv": [7.5, 12, 8, 12.5], "texture": "#cross"}
			}
		},
		{
			"from": [9.5, 0, 10],
			"to": [10, 4, 10.5],
			"faces": {
				"north": {"uv": [7.5, 12, 8, 16], "texture": "#cross"},
				"east": {"uv": [8, 12, 8.5, 16], "texture": "#cross"},
				"south": {"uv": [7.5, 12, 8, 16], "texture": "#cross"},
				"west": {"uv": [8, 12, 8.5, 16], "texture": "#cross"},
				"up": {"uv": [7.5, 12, 8, 12.5], "texture": "#cross"},
				"down": {"uv": [7.5, 12, 8, 12.5], "texture": "#cross"}
			}
		},
		{
			"from": [10, 0, 9.5],
			"to": [10.5, 4, 10],
			"faces": {
				"north": {"uv": [7.5, 12, 8, 16], "texture": "#cross"},
				"east": {"uv": [8, 12, 8.5, 16], "texture": "#cross"},
				"south": {"uv": [7.5, 12, 8, 16], "texture": "#cross"},
				"west": {"uv": [8, 12, 8.5, 16], "texture": "#cross"},
				"up": {"uv": [7.5, 12, 8, 12.5], "texture": "#cross"},
				"down": {"uv": [8, 12, 8.5, 12.5], "texture": "#cross"}
			}
		},
		{
			"from": [10, 0, 10],
			"to": [10.5, 4, 10.5],
			"faces": {
				"north": {"uv": [7.5, 12, 8, 16], "texture": "#cross"},
				"east": {"uv": [7.5, 12, 8, 16], "texture": "#cross"},
				"south": {"uv": [8, 12, 8.5, 16], "texture": "#cross"},
				"west": {"uv": [8, 12, 8.5, 16], "texture": "#cross"},
				"up": {"uv": [7.5, 12, 8, 12.5], "texture": "#cross"},
				"down": {"uv": [8, 12, 8.5, 12.5], "texture": "#cross"}
			}
		},
		{
			"from": [7, 4, 7],
			"to": [13, 5, 13],
			"faces": {
				"north": {"uv": [0, 0, 6, 1], "texture": "#cross"},
				"east": {"uv": [0, 4.5, 6, 5.5], "texture": "#cross"},
				"south": {"uv": [0, 2.5, 6, 3.5], "texture": "#cross"},
				"west": {"uv": [0, 1.5, 6, 2.5], "texture": "#cross"},
				"up": {"uv": [0, 0, 6, 6], "texture": "#cross"},
				"down": {"uv": [0, 0, 6, 6], "rotation": 270, "texture": "#cross"}
			}
		},
		{
			"from": [8, 5, 8],
			"to": [12, 5.5, 12],
			"faces": {
				"north": {"uv": [6, 10.5, 10, 11], "texture": "#cross"},
				"east": {"uv": [6, 10.5, 10, 11], "texture": "#cross"},
				"south": {"uv": [6, 10.5, 10, 11], "texture": "#cross"},
				"west": {"uv": [6, 10.5, 10, 11], "texture": "#cross"},
				"up": {"uv": [1, 1, 5, 5], "texture": "#cross"},
				"down": {"uv": [1, 1, 5, 5], "texture": "#cross"}
			}
		}
	]
}