{
	"credit": "by ZiYun",
	"textures": {
		"1": "block/on",
		"particle": "#texture"
	},
	"elements": [
		{
			"from": [7, 0, 9],
			"to": [9, 1, 10],
			"faces": {
				"north": {"uv": [5, 14, 11, 15], "texture": "#texture"},
				"east": {"uv": [6, 14, 10, 15], "texture": "#texture"},
				"south": {"uv": [7, 14, 9, 15], "texture": "#texture"},
				"west": {"uv": [6, 14, 10, 15], "texture": "#texture"},
				"up": {"uv": [7, 7, 9, 6], "texture": "#texture"},
				"down": {"uv": [7, 6, 9, 7], "texture": "#texture", "cullface": "down"}
			}
		},
		{
			"from": [7, 0, 7],
			"to": [9, 0.75, 9],
			"faces": {
				"north": {"uv": [7, 6, 9, 7], "texture": "#1"},
				"east": {"uv": [7, 6, 9, 7], "texture": "#1"},
				"south": {"uv": [7, 6, 9, 7], "texture": "#1"},
				"west": {"uv": [7, 6, 9, 7], "texture": "#1"},
				"up": {"uv": [7, 5, 9, 7], "texture": "#1"},
				"down": {"uv": [7, 5, 9, 7], "texture": "#1"}
			}
		},
		{
			"from": [7, 0, 6],
			"to": [9, 1, 7],
			"faces": {
				"north": {"uv": [7, 14, 9, 15], "texture": "#texture"},
				"east": {"uv": [6, 14, 10, 15], "texture": "#texture"},
				"south": {"uv": [5, 14, 11, 15], "texture": "#texture"},
				"west": {"uv": [6, 14, 10, 15], "texture": "#texture"},
				"up": {"uv": [7, 10, 9, 9], "texture": "#texture"},
				"down": {"uv": [7, 6, 9, 7], "texture": "#texture", "cullface": "down"}
			}
		},
		{
			"from": [9, 0, 6],
			"to": [11, 1, 10],
			"faces": {
				"north": {"uv": [7, 14, 9, 15], "texture": "#texture"},
				"east": {"uv": [6, 14, 10, 15], "texture": "#texture"},
				"south": {"uv": [7, 14, 9, 15], "texture": "#texture"},
				"west": {"uv": [6, 14, 10, 15], "texture": "#texture"},
				"up": {"uv": [5, 10, 7, 6], "texture": "#texture"},
				"down": {"uv": [5, 6, 7, 10], "texture": "#texture", "cullface": "down"}
			}
		},
		{
			"from": [5, 0, 6],
			"to": [7, 1, 10],
			"faces": {
				"north": {"uv": [7, 14, 9, 15], "texture": "#texture"},
				"east": {"uv": [6, 14, 10, 15], "texture": "#texture"},
				"south": {"uv": [7, 14, 9, 15], "texture": "#texture"},
				"west": {"uv": [6, 14, 10, 15], "texture": "#texture"},
				"up": {"uv": [9, 10, 11, 6], "texture": "#texture"},
				"down": {"uv": [9, 6, 11, 10], "texture": "#texture", "cullface": "down"}
			}
		}
	]
}