{
	"credit": "by ZiYun",
	"ambientocclusion": false,
	"textures": {
		"top": "block/cauldron_top",
		"bottom": "block/cauldron_bottom",
		"particle": "block/cauldron_side",
		"side": "block/cauldron_side",
		"inside": "block/cauldron_inner"
	},
	"elements": [
		{
			"from": [2, 3, 2],
			"to": [14, 4, 14],
			"faces": {
				"north": {"uv": [0, 0, 16, 2], "texture": "#inside"},
				"east": {"uv": [0, 0, 16, 2], "texture": "#inside"},
				"south": {"uv": [0, 0, 16, 2], "texture": "#inside"},
				"west": {"uv": [0, 0, 16, 2], "texture": "#inside"},
				"up": {"uv": [2, 2, 14, 14], "texture": "#inside", "cullface": "up"},
				"down": {"uv": [2, 2, 14, 14], "texture": "#inside"}
			}
		},
		{
			"from": [0, 0, 0],
			"to": [4, 3, 2],
			"faces": {
				"north": {"uv": [12, 13, 16, 16], "texture": "#side", "cullface": "north"},
				"east": {"uv": [14, 13, 16, 16], "texture": "#side"},
				"south": {"uv": [0, 13, 4, 16], "texture": "#side"},
				"west": {"uv": [0, 13, 2, 16], "texture": "#side", "cullface": "west"},
				"down": {"uv": [0, 14, 4, 16], "texture": "#bottom", "cullface": "down"}
			}
		},
		{
			"from": [0, 0, 2],
			"to": [2, 3, 4],
			"faces": {
				"east": {"uv": [12, 13, 14, 16], "texture": "#side"},
				"south": {"uv": [0, 13, 2, 16], "texture": "#side"},
				"west": {"uv": [2, 13, 4, 16], "texture": "#side", "cullface": "west"},
				"down": {"uv": [0, 12, 2, 14], "texture": "#bottom", "cullface": "down"}
			}
		},
		{
			"from": [12, 0, 0],
			"to": [16, 3, 2],
			"faces": {
				"north": {"uv": [0, 13, 4, 16], "texture": "#side", "cullface": "north"},
				"east": {"uv": [14, 13, 16, 16], "texture": "#side", "cullface": "east"},
				"south": {"uv": [12, 13, 16, 16], "texture": "#side"},
				"west": {"uv": [0, 13, 2, 16], "texture": "#side"},
				"down": {"uv": [12, 14, 16, 16], "texture": "#bottom", "cullface": "down"}
			}
		},
		{
			"from": [14, 0, 2],
			"to": [16, 3, 4],
			"faces": {
				"east": {"uv": [12, 13, 14, 16], "texture": "#side", "cullface": "east"},
				"south": {"uv": [14, 13, 16, 16], "texture": "#side"},
				"west": {"uv": [2, 13, 4, 16], "texture": "#side"},
				"down": {"uv": [14, 12, 16, 14], "texture": "#bottom", "cullface": "down"}
			}
		},
		{
			"from": [0, 0, 14],
			"to": [4, 3, 16],
			"faces": {
				"north": {"uv": [12, 13, 16, 16], "texture": "#side"},
				"east": {"uv": [0, 13, 2, 16], "texture": "#side"},
				"south": {"uv": [0, 13, 4, 16], "texture": "#side", "cullface": "south"},
				"west": {"uv": [14, 13, 16, 16], "texture": "#side", "cullface": "west"},
				"down": {"uv": [0, 0, 4, 2], "texture": "#bottom", "cullface": "down"}
			}
		},
		{
			"from": [0, 0, 12],
			"to": [2, 3, 14],
			"faces": {
				"north": {"uv": [14, 13, 16, 16], "texture": "#side"},
				"east": {"uv": [2, 13, 4, 16], "texture": "#side"},
				"west": {"uv": [12, 13, 14, 16], "texture": "#side", "cullface": "west"},
				"down": {"uv": [0, 2, 2, 4], "texture": "#bottom", "cullface": "down"}
			}
		},
		{
			"from": [12, 0, 14],
			"to": [16, 3, 16],
			"faces": {
				"north": {"uv": [0, 13, 4, 16], "texture": "#side"},
				"east": {"uv": [0, 13, 2, 16], "texture": "#side", "cullface": "east"},
				"south": {"uv": [12, 13, 16, 16], "texture": "#side", "cullface": "south"},
				"west": {"uv": [14, 13, 16, 16], "texture": "#side"},
				"down": {"uv": [12, 0, 16, 2], "texture": "#bottom", "cullface": "down"}
			}
		},
		{
			"from": [14, 0, 12],
			"to": [16, 3, 14],
			"faces": {
				"north": {"uv": [0, 13, 2, 16], "texture": "#side"},
				"east": {"uv": [2, 13, 4, 16], "texture": "#side", "cullface": "east"},
				"west": {"uv": [12, 13, 14, 16], "texture": "#side"},
				"down": {"uv": [14, 2, 16, 4], "texture": "#bottom", "cullface": "down"}
			}
		},
		{
			"from": [9, 3, 0],
			"to": [14, 16, 2],
			"faces": {
				"north": {"uv": [0, 1, 5, 14], "texture": "#side"},
				"east": {"uv": [0, 1, 2, 14], "texture": "#side"},
				"south": {"uv": [0, 1, 5, 14], "texture": "#side"},
				"west": {"uv": [0, 1, 2, 14], "texture": "#side"},
				"up": {"uv": [0, 1, 5, 3], "rotation": 180, "texture": "#side"},
				"down": {"uv": [0, 1, 5, 3], "texture": "#inside"}
			}
		},
		{
			"from": [2, 3, 0],
			"to": [7, 16, 2],
			"faces": {
				"north": {"uv": [0, 1, 5, 14], "texture": "#side"},
				"east": {"uv": [0, 1, 2, 14], "texture": "#side"},
				"south": {"uv": [0, 1, 5, 14], "texture": "#side"},
				"west": {"uv": [0, 1, 2, 14], "texture": "#side"},
				"up": {"uv": [0, 1, 5, 3], "rotation": 180, "texture": "#side"},
				"down": {"uv": [0, 1, 5, 3], "texture": "#inside"}
			}
		},
		{
			"from": [7, 8, 0],
			"to": [9, 9, 2],
			"faces": {
				"north": {"uv": [0, 0, 2, 1], "texture": "#side"},
				"east": {"uv": [0, 0, 2, 1], "texture": "#side"},
				"south": {"uv": [0, 0, 2, 1], "texture": "#side"},
				"west": {"uv": [0, 0, 2, 1], "texture": "#side"},
				"up": {"uv": [0, 0, 2, 2], "texture": "#side"},
				"down": {"uv": [0, 0, 2, 2], "texture": "#side"}
			}
		},
		{
			"from": [7, 11, 0],
			"to": [9, 12, 2],
			"faces": {
				"north": {"uv": [0, 0, 2, 2], "texture": "#side"},
				"east": {"uv": [0, 0, 2, 2], "texture": "#side"},
				"south": {"uv": [0, 0, 2, 2], "texture": "#side"},
				"west": {"uv": [0, 0, 2, 2], "texture": "#side"},
				"up": {"uv": [0, 0, 2, 2], "texture": "#side"},
				"down": {"uv": [0, 0, 2, 2], "texture": "#side"}
			}
		},
		{
			"from": [7, 14, 0],
			"to": [9, 16, 2],
			"faces": {
				"north": {"uv": [0, 1, 2, 3], "texture": "#side"},
				"east": {"uv": [0, 1, 2, 3], "texture": "#side"},
				"south": {"uv": [0, 1, 2, 3], "texture": "#side"},
				"west": {"uv": [0, 1, 2, 3], "texture": "#side"},
				"up": {"uv": [0, 1, 2, 3], "rotation": 180, "texture": "#side"},
				"down": {"uv": [0, 0, 2, 2], "texture": "#side"}
			}
		},
		{
			"from": [7, 3, 0],
			"to": [9, 6, 2],
			"faces": {
				"north": {"uv": [0, 11, 2, 14], "texture": "#side"},
				"east": {"uv": [0, 11, 2, 14], "texture": "#side"},
				"south": {"uv": [0, 11, 2, 14], "texture": "#side"},
				"west": {"uv": [0, 11, 2, 14], "texture": "#side"},
				"up": {"uv": [0, 0, 2, 2], "texture": "#side"},
				"down": {"uv": [0, 13, 2, 15], "texture": "#side"}
			}
		},
		{
			"from": [0, 3, 7],
			"to": [2, 6, 9],
			"faces": {
				"north": {"uv": [0, 11, 2, 14], "texture": "#side"},
				"east": {"uv": [0, 11, 2, 14], "texture": "#side"},
				"south": {"uv": [0, 11, 2, 14], "texture": "#side"},
				"west": {"uv": [0, 11, 2, 14], "texture": "#side"},
				"up": {"uv": [0, 0, 2, 2], "rotation": 270, "texture": "#side"},
				"down": {"uv": [0, 13, 2, 15], "rotation": 90, "texture": "#side"}
			}
		},
		{
			"from": [0, 3, 9],
			"to": [2, 16, 14],
			"faces": {
				"north": {"uv": [0, 1, 2, 14], "texture": "#side"},
				"east": {"uv": [0, 1, 5, 14], "texture": "#side"},
				"south": {"uv": [0, 1, 2, 14], "texture": "#side"},
				"west": {"uv": [0, 1, 5, 14], "texture": "#side"},
				"up": {"uv": [0, 1, 5, 3], "rotation": 90, "texture": "#side"},
				"down": {"uv": [0, 1, 5, 3], "rotation": 90, "texture": "#inside"}
			}
		},
		{
			"from": [0, 8, 7],
			"to": [2, 9, 9],
			"faces": {
				"north": {"uv": [0, 0, 2, 1], "texture": "#side"},
				"east": {"uv": [0, 0, 2, 1], "texture": "#side"},
				"south": {"uv": [0, 0, 2, 1], "texture": "#side"},
				"west": {"uv": [0, 0, 2, 1], "texture": "#side"},
				"up": {"uv": [0, 0, 2, 2], "rotation": 270, "texture": "#side"},
				"down": {"uv": [0, 0, 2, 2], "rotation": 90, "texture": "#side"}
			}
		},
		{
			"from": [0, 11, 7],
			"to": [2, 12, 9],
			"faces": {
				"north": {"uv": [0, 0, 2, 2], "texture": "#side"},
				"east": {"uv": [0, 0, 2, 2], "texture": "#side"},
				"south": {"uv": [0, 0, 2, 2], "texture": "#side"},
				"west": {"uv": [0, 0, 2, 2], "texture": "#side"},
				"up": {"uv": [0, 0, 2, 2], "rotation": 270, "texture": "#side"},
				"down": {"uv": [0, 0, 2, 2], "rotation": 90, "texture": "#side"}
			}
		},
		{
			"from": [0, 14, 7],
			"to": [2, 16, 9],
			"faces": {
				"north": {"uv": [0, 1, 2, 3], "texture": "#side"},
				"east": {"uv": [0, 1, 2, 3], "texture": "#side"},
				"south": {"uv": [0, 1, 2, 3], "texture": "#side"},
				"west": {"uv": [0, 1, 2, 3], "texture": "#side"},
				"up": {"uv": [0, 1, 2, 3], "rotation": 90, "texture": "#side"},
				"down": {"uv": [0, 0, 2, 2], "rotation": 90, "texture": "#side"}
			}
		},
		{
			"from": [0, 3, 2],
			"to": [2, 16, 7],
			"faces": {
				"north": {"uv": [0, 1, 2, 14], "texture": "#side"},
				"east": {"uv": [0, 1, 5, 14], "texture": "#side"},
				"south": {"uv": [0, 1, 2, 14], "texture": "#side"},
				"west": {"uv": [0, 1, 5, 14], "texture": "#side"},
				"up": {"uv": [0, 1, 5, 3], "rotation": 90, "texture": "#side"},
				"down": {"uv": [0, 1, 5, 3], "rotation": 90, "texture": "#inside"}
			}
		},
		{
			"from": [7, 3, 14],
			"to": [9, 6, 16],
			"faces": {
				"north": {"uv": [0, 11, 2, 14], "texture": "#side"},
				"east": {"uv": [0, 11, 2, 14], "texture": "#side"},
				"south": {"uv": [0, 11, 2, 14], "texture": "#side"},
				"west": {"uv": [0, 11, 2, 14], "texture": "#side"},
				"up": {"uv": [0, 0, 2, 2], "rotation": 180, "texture": "#side"},
				"down": {"uv": [0, 13, 2, 15], "rotation": 180, "texture": "#side"}
			}
		},
		{
			"from": [9, 3, 14],
			"to": [14, 16, 16],
			"faces": {
				"north": {"uv": [0, 1, 5, 14], "texture": "#side"},
				"east": {"uv": [0, 1, 2, 14], "texture": "#side"},
				"south": {"uv": [0, 1, 5, 14], "texture": "#side"},
				"west": {"uv": [0, 1, 2, 14], "texture": "#side"},
				"up": {"uv": [0, 1, 5, 3], "texture": "#side"},
				"down": {"uv": [0, 1, 5, 3], "rotation": 180, "texture": "#inside"}
			}
		},
		{
			"from": [7, 8, 14],
			"to": [9, 9, 16],
			"faces": {
				"north": {"uv": [0, 0, 2, 1], "texture": "#side"},
				"east": {"uv": [0, 0, 2, 1], "texture": "#side"},
				"south": {"uv": [0, 0, 2, 1], "texture": "#side"},
				"west": {"uv": [0, 0, 2, 1], "texture": "#side"},
				"up": {"uv": [0, 0, 2, 2], "rotation": 180, "texture": "#side"},
				"down": {"uv": [0, 0, 2, 2], "rotation": 180, "texture": "#side"}
			}
		},
		{
			"from": [7, 11, 14],
			"to": [9, 12, 16],
			"faces": {
				"north": {"uv": [0, 0, 2, 2], "texture": "#side"},
				"east": {"uv": [0, 0, 2, 2], "texture": "#side"},
				"south": {"uv": [0, 0, 2, 2], "texture": "#side"},
				"west": {"uv": [0, 0, 2, 2], "texture": "#side"},
				"up": {"uv": [0, 0, 2, 2], "rotation": 180, "texture": "#side"},
				"down": {"uv": [0, 0, 2, 2], "rotation": 180, "texture": "#side"}
			}
		},
		{
			"from": [7, 14, 14],
			"to": [9, 16, 16],
			"faces": {
				"north": {"uv": [0, 1, 2, 3], "texture": "#side"},
				"east": {"uv": [0, 1, 2, 3], "texture": "#side"},
				"south": {"uv": [0, 1, 2, 3], "texture": "#side"},
				"west": {"uv": [0, 1, 2, 3], "texture": "#side"},
				"up": {"uv": [0, 1, 2, 3], "texture": "#side"},
				"down": {"uv": [0, 0, 2, 2], "rotation": 180, "texture": "#side"}
			}
		},
		{
			"from": [2, 3, 14],
			"to": [7, 16, 16],
			"faces": {
				"north": {"uv": [0, 1, 5, 14], "texture": "#side"},
				"east": {"uv": [0, 1, 2, 14], "texture": "#side"},
				"south": {"uv": [0, 1, 5, 14], "texture": "#side"},
				"west": {"uv": [0, 1, 2, 14], "texture": "#side"},
				"up": {"uv": [0, 1, 5, 3], "texture": "#side"},
				"down": {"uv": [0, 1, 5, 3], "rotation": 180, "texture": "#inside"}
			}
		},
		{
			"from": [14, 3, 7],
			"to": [16, 6, 9],
			"faces": {
				"north": {"uv": [0, 11, 2, 14], "texture": "#side"},
				"east": {"uv": [0, 11, 2, 14], "texture": "#side"},
				"south": {"uv": [0, 11, 2, 14], "texture": "#side"},
				"west": {"uv": [0, 11, 2, 14], "texture": "#side"},
				"up": {"uv": [0, 0, 2, 2], "rotation": 90, "texture": "#side"},
				"down": {"uv": [0, 13, 2, 15], "rotation": 270, "texture": "#side"}
			}
		},
		{
			"from": [14, 3, 2],
			"to": [16, 16, 7],
			"faces": {
				"north": {"uv": [0, 1, 2, 14], "texture": "#side"},
				"east": {"uv": [0, 1, 5, 14], "texture": "#side"},
				"south": {"uv": [0, 1, 2, 14], "texture": "#side"},
				"west": {"uv": [0, 1, 5, 14], "texture": "#side"},
				"up": {"uv": [0, 1, 5, 3], "rotation": 270, "texture": "#side"},
				"down": {"uv": [0, 1, 5, 3], "rotation": 270, "texture": "#inside"}
			}
		},
		{
			"from": [14, 8, 7],
			"to": [16, 9, 9],
			"faces": {
				"north": {"uv": [0, 0, 2, 1], "texture": "#side"},
				"east": {"uv": [0, 0, 2, 1], "texture": "#side"},
				"south": {"uv": [0, 0, 2, 1], "texture": "#side"},
				"west": {"uv": [0, 0, 2, 1], "texture": "#side"},
				"up": {"uv": [0, 0, 2, 2], "rotation": 90, "texture": "#side"},
				"down": {"uv": [0, 0, 2, 2], "rotation": 270, "texture": "#side"}
			}
		},
		{
			"from": [14, 11, 7],
			"to": [16, 12, 9],
			"faces": {
				"north": {"uv": [0, 0, 2, 2], "texture": "#side"},
				"east": {"uv": [0, 0, 2, 2], "texture": "#side"},
				"south": {"uv": [0, 0, 2, 2], "texture": "#side"},
				"west": {"uv": [0, 0, 2, 2], "texture": "#side"},
				"up": {"uv": [0, 0, 2, 2], "rotation": 90, "texture": "#side"},
				"down": {"uv": [0, 0, 2, 2], "rotation": 270, "texture": "#side"}
			}
		},
		{
			"from": [14, 14, 7],
			"to": [16, 16, 9],
			"faces": {
				"north": {"uv": [0, 1, 2, 3], "texture": "#side"},
				"east": {"uv": [0, 1, 2, 3], "texture": "#side"},
				"south": {"uv": [0, 1, 2, 3], "texture": "#side"},
				"west": {"uv": [0, 1, 2, 3], "texture": "#side"},
				"up": {"uv": [0, 1, 2, 3], "rotation": 270, "texture": "#side"},
				"down": {"uv": [0, 0, 2, 2], "rotation": 270, "texture": "#side"}
			}
		},
		{
			"from": [14, 3, 9],
			"to": [16, 16, 14],
			"faces": {
				"north": {"uv": [0, 1, 2, 14], "texture": "#side"},
				"east": {"uv": [0, 1, 5, 14], "texture": "#side"},
				"south": {"uv": [0, 1, 2, 14], "texture": "#side"},
				"west": {"uv": [0, 1, 5, 14], "texture": "#side"},
				"up": {"uv": [0, 1, 5, 3], "rotation": 270, "texture": "#side"},
				"down": {"uv": [0, 1, 5, 3], "rotation": 270, "texture": "#inside"}
			}
		},
		{
			"from": [0, 3, 0],
			"to": [2, 16, 2],
			"faces": {
				"north": {"uv": [0, 1, 2, 14], "texture": "#side"},
				"east": {"uv": [0, 1, 2, 14], "texture": "#side"},
				"south": {"uv": [0, 1, 2, 14], "texture": "#side"},
				"west": {"uv": [0, 1, 2, 14], "texture": "#side"},
				"up": {"uv": [0, 0, 2, 2], "texture": "#top"},
				"down": {"uv": [0, 0, 2, 2], "texture": "#side"}
			}
		},
		{
			"from": [14, 3, 0],
			"to": [16, 16, 2],
			"faces": {
				"north": {"uv": [0, 1, 2, 14], "texture": "#side"},
				"east": {"uv": [0, 1, 2, 14], "texture": "#side"},
				"south": {"uv": [0, 1, 2, 14], "texture": "#side"},
				"west": {"uv": [0, 1, 2, 14], "texture": "#side"},
				"up": {"uv": [14, 0, 16, 2], "texture": "#top"},
				"down": {"uv": [0, 0, 2, 2], "texture": "#side"}
			}
		},
		{
			"from": [14, 3, 14],
			"to": [16, 16, 16],
			"faces": {
				"north": {"uv": [0, 1, 2, 14], "texture": "#side"},
				"east": {"uv": [0, 1, 2, 14], "texture": "#side"},
				"south": {"uv": [0, 1, 2, 14], "texture": "#side"},
				"west": {"uv": [0, 1, 2, 14], "texture": "#side"},
				"up": {"uv": [14, 14, 16, 16], "texture": "#top"},
				"down": {"uv": [0, 0, 2, 2], "texture": "#side"}
			}
		},
		{
			"from": [0, 3, 14],
			"to": [2, 16, 16],
			"faces": {
				"north": {"uv": [0, 1, 2, 14], "texture": "#side"},
				"east": {"uv": [0, 1, 2, 14], "texture": "#side"},
				"south": {"uv": [0, 1, 2, 14], "texture": "#side"},
				"west": {"uv": [0, 1, 2, 14], "texture": "#side"},
				"up": {"uv": [0, 14, 2, 16], "texture": "#top"},
				"down": {"uv": [0, 0, 2, 2], "texture": "#side"}
			}
		}
	],
	"groups": [0, 1, 2, 3, 4, 5, 6, 7, 8, 9, 10, 11, 12, 13, 14, 15, 16, 17, 18, 19, 20, 21, 22, 23, 24, 25, 26, 27, 28, 29, 30, 31, 32,
		{
			"name": "group",
			"origin": [0, 0, 0],
			"color": 0,
			"children": [33, 34, 35, 36]
		}
	]
}