{
	"credit": "by ZiYun",
	"ambientocclusion": false,
	"textures": {
		"particle": "block/comparator_on",
		"top": "block/comparator_on",
		"lit": "block/redstone_torch"
	},
	"elements": [
		{
			"from": [4, 1.75, 11],
			"to": [6, 5, 13],
			"faces": {
				"north": {"uv": [7, 8, 9, 11.25], "texture": "#lit"},
				"east": {"uv": [7, 8, 9, 11.25], "texture": "#lit"},
				"south": {"uv": [7, 8, 9, 11.25], "texture": "#lit"},
				"west": {"uv": [7, 8, 9, 11.25], "texture": "#lit"},
				"up": {"uv": [7, 8, 9, 8.5], "texture": "#lit"},
				"down": {"uv": [7, 13, 9, 15], "texture": "#lit"}
			}
		},
		{
			"from": [10, 1.75, 11],
			"to": [12, 5, 13],
			"faces": {
				"north": {"uv": [7, 8, 9, 11.25], "texture": "#lit"},
				"east": {"uv": [7, 8, 9, 11.25], "texture": "#lit"},
				"south": {"uv": [7, 8, 9, 11.25], "texture": "#lit"},
				"west": {"uv": [7, 8, 9, 11.25], "texture": "#lit"},
				"up": {"uv": [7, 8, 9, 8.5], "texture": "#lit"},
				"down": {"uv": [7, 13, 9, 15], "texture": "#lit"}
			}
		},
		{
			"from": [7, 2, 2],
			"to": [9, 3, 4],
			"faces": {
				"north": {"uv": [7, 8, 9, 8.5], "texture": "#lit"},
				"east": {"uv": [7, 8, 9, 8.5], "texture": "#lit"},
				"south": {"uv": [7, 8, 9, 8.5], "texture": "#lit"},
				"west": {"uv": [7, 8, 9, 8.5], "texture": "#lit"},
				"up": {"uv": [7, 8, 9, 8.5], "texture": "#lit"},
				"down": {"uv": [7, 13, 9, 15], "texture": "#lit"}
			}
		},
		{
			"from": [0, 0, 0],
			"to": [16, 2, 11],
			"faces": {
				"north": {"uv": [0, 14, 16, 16], "texture": "#top"},
				"east": {"uv": [5, 14, 16, 16], "texture": "#top"},
				"south": {"uv": [0, 14, 16, 16], "texture": "#top"},
				"west": {"uv": [0, 14, 11, 16], "texture": "#top"},
				"up": {"uv": [0, 0, 16, 11], "texture": "#top"},
				"down": {"uv": [0, 11, 16, 0], "texture": "#top"}
			}
		},
		{
			"from": [0, 0, 13],
			"to": [16, 2, 16],
			"faces": {
				"north": {"uv": [0, 16, 16, 14], "texture": "#top"},
				"east": {"uv": [0, 14, 3, 16], "texture": "#top"},
				"south": {"uv": [0, 14, 16, 16], "texture": "#top"},
				"west": {"uv": [13, 14, 16, 16], "texture": "#top"},
				"up": {"uv": [0, 13, 16, 16], "texture": "#top"},
				"down": {"uv": [0, 16, 16, 13], "texture": "#top"}
			}
		},
		{
			"from": [4, 0, 11],
			"to": [12, 1.75, 13],
			"faces": {
				"north": {"uv": [4, 13.5, 12, 15.25], "texture": "#top"},
				"east": {"uv": [0, 0, 2, 1.75], "texture": "#top"},
				"south": {"uv": [0, 0, 8, 1.75], "texture": "#top"},
				"west": {"uv": [0, 0, 2, 1.75], "texture": "#top"},
				"up": {"uv": [4, 11, 12, 13], "texture": "#top"},
				"down": {"uv": [4, 11, 12, 13], "texture": "#top"}
			}
		},
		{
			"from": [0, 0, 11],
			"to": [4, 2, 13],
			"faces": {
				"north": {"uv": [12, 14, 16, 16], "texture": "#top"},
				"east": {"uv": [0.5, 0, 2.5, 2], "texture": "#top"},
				"south": {"uv": [0, 14, 4, 16], "texture": "#top"},
				"west": {"uv": [10.5, 14, 12.5, 16], "texture": "#top"},
				"up": {"uv": [0, 11, 4, 13], "texture": "#top"},
				"down": {"uv": [0, 11, 4, 13], "texture": "#top"}
			}
		},
		{
			"from": [12, 0, 11],
			"to": [16, 2, 13],
			"faces": {
				"north": {"uv": [0, 14, 4, 16], "texture": "#top"},
				"east": {"uv": [3.5, 14, 5.5, 16], "texture": "#top"},
				"south": {"uv": [12, 14, 16, 16], "texture": "#top"},
				"west": {"uv": [13.5, 0, 15.5, 2], "texture": "#top"},
				"up": {"uv": [12, 11, 16, 13], "texture": "#top"},
				"down": {"uv": [12, 11, 16, 13], "texture": "#top"}
			}
		},
		{
			"from": [7.25, 3.5, 2],
			"to": [8.75, 5, 2.25],
			"faces": {
				"north": {"uv": [7.5, 6, 8.25, 6.75], "texture": "#lit"},
				"east": {"uv": [8, 6.5, 8.25, 7.25], "texture": "#lit"},
				"south": {"uv": [7.5, 6, 8.25, 6.75], "texture": "#lit"},
				"west": {"uv": [8, 6.5, 8.25, 7.25], "texture": "#lit"},
				"up": {"uv": [8, 6.5, 8.75, 6.75], "texture": "#lit"},
				"down": {"uv": [7.5, 6.5, 8.25, 6.75], "texture": "#lit"}
			}
		},
		{
			"from": [7.25, 3.5, 3.75],
			"to": [8.75, 5, 4],
			"faces": {
				"north": {"uv": [7.5, 6, 8.25, 6.75], "texture": "#lit"},
				"east": {"uv": [8, 6.5, 8.25, 7.25], "texture": "#lit"},
				"south": {"uv": [7.5, 6, 8.25, 6.75], "texture": "#lit"},
				"west": {"uv": [8, 6.5, 8.25, 7.25], "texture": "#lit"},
				"up": {"uv": [8, 6.5, 8.75, 6.75], "texture": "#lit"},
				"down": {"uv": [7.5, 6.5, 8.25, 6.75], "texture": "#lit"}
			}
		},
		{
			"from": [7, 3.5, 2.25],
			"to": [7.25, 5, 3.75],
			"faces": {
				"north": {"uv": [7.5, 6, 8.25, 6.75], "texture": "#lit"},
				"east": {"uv": [8, 6.5, 8.25, 7.25], "texture": "#lit"},
				"south": {"uv": [7.5, 6, 8.25, 6.75], "texture": "#lit"},
				"west": {"uv": [8, 6.5, 8.25, 7.25], "texture": "#lit"},
				"up": {"uv": [8, 6.5, 8.75, 6.75], "texture": "#lit"},
				"down": {"uv": [7.5, 6.5, 8.25, 6.75], "texture": "#lit"}
			}
		},
		{
			"from": [8.75, 3.5, 2.25],
			"to": [9, 5, 3.75],
			"faces": {
				"north": {"uv": [7.5, 6, 8.25, 6.75], "texture": "#lit"},
				"east": {"uv": [8, 6.5, 8.25, 7.25], "texture": "#lit"},
				"south": {"uv": [7.5, 6, 8.25, 6.75], "texture": "#lit"},
				"west": {"uv": [8, 6.5, 8.25, 7.25], "texture": "#lit"},
				"up": {"uv": [8, 6.5, 8.75, 6.75], "texture": "#lit"},
				"down": {"uv": [7.5, 6.5, 8.25, 6.75], "texture": "#lit"}
			}
		},
		{
			"from": [7.25, 5, 2.25],
			"to": [8.75, 5.25, 3.75],
			"faces": {
				"north": {"uv": [7.5, 6, 8.25, 6.75], "texture": "#lit"},
				"east": {"uv": [8, 6.5, 8.25, 7.25], "texture": "#lit"},
				"south": {"uv": [7.5, 6, 8.25, 6.75], "texture": "#lit"},
				"west": {"uv": [8, 6.5, 8.25, 7.25], "texture": "#lit"},
				"up": {"uv": [8, 6.5, 8.75, 6.75], "texture": "#lit"},
				"down": {"uv": [7.5, 6.5, 8.25, 6.75], "texture": "#lit"}
			}
		},
		{
			"from": [7.25, 3.25, 2.25],
			"to": [8.75, 3.5, 3.75],
			"faces": {
				"north": {"uv": [7.5, 6, 8.25, 6.75], "texture": "#lit"},
				"east": {"uv": [8, 6.5, 8.25, 7.25], "texture": "#lit"},
				"south": {"uv": [7.5, 6, 8.25, 6.75], "texture": "#lit"},
				"west": {"uv": [8, 6.5, 8.25, 7.25], "texture": "#lit"},
				"up": {"uv": [8, 6.5, 8.75, 6.75], "texture": "#lit"},
				"down": {"uv": [7.5, 6.5, 8.25, 6.75], "texture": "#lit"}
			}
		},
		{
			"from": [10.25, 5.5, 11],
			"to": [11.75, 7, 11.25],
			"faces": {
				"north": {"uv": [7.5, 6, 8.25, 6.75], "texture": "#lit"},
				"east": {"uv": [8, 6.5, 8.25, 7.25], "texture": "#lit"},
				"south": {"uv": [7.5, 6, 8.25, 6.75], "texture": "#lit"},
				"west": {"uv": [8, 6.5, 8.25, 7.25], "texture": "#lit"},
				"up": {"uv": [8, 6.5, 8.75, 6.75], "texture": "#lit"},
				"down": {"uv": [7.5, 6.5, 8.25, 6.75], "texture": "#lit"}
			}
		},
		{
			"from": [10.25, 5.5, 12.75],
			"to": [11.75, 7, 13],
			"faces": {
				"north": {"uv": [7.5, 6, 8.25, 6.75], "texture": "#lit"},
				"east": {"uv": [8, 6.5, 8.25, 7.25], "texture": "#lit"},
				"south": {"uv": [7.5, 6, 8.25, 6.75], "texture": "#lit"},
				"west": {"uv": [8, 6.5, 8.25, 7.25], "texture": "#lit"},
				"up": {"uv": [8, 6.5, 8.75, 6.75], "texture": "#lit"},
				"down": {"uv": [7.5, 6.5, 8.25, 6.75], "texture": "#lit"}
			}
		},
		{
			"from": [10, 5.5, 11.25],
			"to": [10.25, 7, 12.75],
			"faces": {
				"north": {"uv": [7.5, 6, 8.25, 6.75], "texture": "#lit"},
				"east": {"uv": [8, 6.5, 8.25, 7.25], "texture": "#lit"},
				"south": {"uv": [7.5, 6, 8.25, 6.75], "texture": "#lit"},
				"west": {"uv": [8, 6.5, 8.25, 7.25], "texture": "#lit"},
				"up": {"uv": [8, 6.5, 8.75, 6.75], "texture": "#lit"},
				"down": {"uv": [7.5, 6.5, 8.25, 6.75], "texture": "#lit"}
			}
		},
		{
			"from": [11.75, 5.5, 11.25],
			"to": [12, 7, 12.75],
			"faces": {
				"north": {"uv": [7.5, 6, 8.25, 6.75], "texture": "#lit"},
				"east": {"uv": [8, 6.5, 8.25, 7.25], "texture": "#lit"},
				"south": {"uv": [7.5, 6, 8.25, 6.75], "texture": "#lit"},
				"west": {"uv": [8, 6.5, 8.25, 7.25], "texture": "#lit"},
				"up": {"uv": [8, 6.5, 8.75, 6.75], "texture": "#lit"},
				"down": {"uv": [7.5, 6.5, 8.25, 6.75], "texture": "#lit"}
			}
		},
		{
			"from": [10.25, 7, 11.25],
			"to": [11.75, 7.25, 12.75],
			"faces": {
				"north": {"uv": [7.5, 6, 8.25, 6.75], "texture": "#lit"},
				"east": {"uv": [8, 6.5, 8.25, 7.25], "texture": "#lit"},
				"south": {"uv": [7.5, 6, 8.25, 6.75], "texture": "#lit"},
				"west": {"uv": [8, 6.5, 8.25, 7.25], "texture": "#lit"},
				"up": {"uv": [8, 6.5, 8.75, 6.75], "texture": "#lit"},
				"down": {"uv": [7.5, 6.5, 8.25, 6.75], "texture": "#lit"}
			}
		},
		{
			"from": [10.25, 5.25, 11.25],
			"to": [11.75, 5.5, 12.75],
			"faces": {
				"north": {"uv": [7.5, 6, 8.25, 6.75], "texture": "#lit"},
				"east": {"uv": [8, 6.5, 8.25, 7.25], "texture": "#lit"},
				"south": {"uv": [7.5, 6, 8.25, 6.75], "texture": "#lit"},
				"west": {"uv": [8, 6.5, 8.25, 7.25], "texture": "#lit"},
				"up": {"uv": [8, 6.5, 8.75, 6.75], "texture": "#lit"},
				"down": {"uv": [7.5, 6.5, 8.25, 6.75], "texture": "#lit"}
			}
		},
		{
			"from": [4.25, 5.5, 11],
			"to": [5.75, 7, 11.25],
			"faces": {
				"north": {"uv": [7.5, 6, 8.25, 6.75], "texture": "#lit"},
				"east": {"uv": [8, 6.5, 8.25, 7.25], "texture": "#lit"},
				"south": {"uv": [7.5, 6, 8.25, 6.75], "texture": "#lit"},
				"west": {"uv": [8, 6.5, 8.25, 7.25], "texture": "#lit"},
				"up": {"uv": [8, 6.5, 8.75, 6.75], "texture": "#lit"},
				"down": {"uv": [7.5, 6.5, 8.25, 6.75], "texture": "#lit"}
			}
		},
		{
			"from": [4.25, 5.5, 12.75],
			"to": [5.75, 7, 13],
			"faces": {
				"north": {"uv": [7.5, 6, 8.25, 6.75], "texture": "#lit"},
				"east": {"uv": [8, 6.5, 8.25, 7.25], "texture": "#lit"},
				"south": {"uv": [7.5, 6, 8.25, 6.75], "texture": "#lit"},
				"west": {"uv": [8, 6.5, 8.25, 7.25], "texture": "#lit"},
				"up": {"uv": [8, 6.5, 8.75, 6.75], "texture": "#lit"},
				"down": {"uv": [7.5, 6.5, 8.25, 6.75], "texture": "#lit"}
			}
		},
		{
			"from": [4, 5.5, 11.25],
			"to": [4.25, 7, 12.75],
			"faces": {
				"north": {"uv": [7.5, 6, 8.25, 6.75], "texture": "#lit"},
				"east": {"uv": [8, 6.5, 8.25, 7.25], "texture": "#lit"},
				"south": {"uv": [7.5, 6, 8.25, 6.75], "texture": "#lit"},
				"west": {"uv": [8, 6.5, 8.25, 7.25], "texture": "#lit"},
				"up": {"uv": [8, 6.5, 8.75, 6.75], "texture": "#lit"},
				"down": {"uv": [7.5, 6.5, 8.25, 6.75], "texture": "#lit"}
			}
		},
		{
			"from": [5.75, 5.5, 11.25],
			"to": [6, 7, 12.75],
			"faces": {
				"north": {"uv": [7.5, 6, 8.25, 6.75], "texture": "#lit"},
				"east": {"uv": [8, 6.5, 8.25, 7.25], "texture": "#lit"},
				"south": {"uv": [7.5, 6, 8.25, 6.75], "texture": "#lit"},
				"west": {"uv": [8, 6.5, 8.25, 7.25], "texture": "#lit"},
				"up": {"uv": [8, 6.5, 8.75, 6.75], "texture": "#lit"},
				"down": {"uv": [7.5, 6.5, 8.25, 6.75], "texture": "#lit"}
			}
		},
		{
			"from": [4.25, 7, 11.25],
			"to": [5.75, 7.25, 12.75],
			"faces": {
				"north": {"uv": [7.5, 6, 8.25, 6.75], "texture": "#lit"},
				"east": {"uv": [8, 6.5, 8.25, 7.25], "texture": "#lit"},
				"south": {"uv": [7.5, 6, 8.25, 6.75], "texture": "#lit"},
				"west": {"uv": [8, 6.5, 8.25, 7.25], "texture": "#lit"},
				"up": {"uv": [8, 6.5, 8.75, 6.75], "texture": "#lit"},
				"down": {"uv": [7.5, 6.5, 8.25, 6.75], "texture": "#lit"}
			}
		},
		{
			"from": [4.25, 5.25, 11.25],
			"to": [5.75, 5.5, 12.75],
			"faces": {
				"north": {"uv": [7.5, 6, 8.25, 6.75], "texture": "#lit"},
				"east": {"uv": [8, 6.5, 8.25, 7.25], "texture": "#lit"},
				"south": {"uv": [7.5, 6, 8.25, 6.75], "texture": "#lit"},
				"west": {"uv": [8, 6.5, 8.25, 7.25], "texture": "#lit"},
				"up": {"uv": [8, 6.5, 8.75, 6.75], "texture": "#lit"},
				"down": {"uv": [7.5, 6.5, 8.25, 6.75], "texture": "#lit"}
			}
		}
	],
	"groups": [0, 1, 2, 3, 4, 5, 6, 7,
		{
			"name": "group",
			"origin": [0, 0, 0],
			"color": 0,
			"children": [8, 9, 10, 11, 12, 13]
		},
		{
			"name": "group",
			"origin": [0, 0, 0],
			"color": 0,
			"children": [14, 15, 16, 17, 18, 19]
		},
		{
			"name": "group",
			"origin": [0, 0, 0],
			"color": 0,
			"children": [20, 21, 22, 23, 24, 25]
		}
	]
}