{
	"credit": "by ZiYun",
	"parent": "minecraft:block/cross",
	"textures": {
		"cross": "block/crimson_fungus"
	},
	"elements": [
		{
			"from": [4, 0, 5],
			"to": [6, 4, 7],
			"faces": {
				"north": {"uv": [7.5, 13.5, 8.5, 15.5], "texture": "#cross"},
				"east": {"uv": [7.5, 13.5, 8.5, 15.5], "texture": "#cross"},
				"south": {"uv": [7.5, 13.5, 8.5, 15.5], "texture": "#cross"},
				"west": {"uv": [7.5, 13.5, 8.5, 15.5], "texture": "#cross"},
				"down": {"uv": [7.5, 15, 8.5, 16], "texture": "#cross", "cullface": "down"}
			}
		},
		{
			"from": [2, 4, 3],
			"to": [8, 8, 9],
			"faces": {
				"north": {"uv": [5, 6, 11, 9], "texture": "#cross"},
				"east": {"uv": [5, 6, 11, 9], "texture": "#cross"},
				"south": {"uv": [5, 6, 11, 9], "texture": "#cross"},
				"west": {"uv": [5, 6, 11, 9], "texture": "#cross"},
				"up": {"uv": [6, 9.5, 10, 13.5], "texture": "#cross"},
				"down": {"uv": [6, 9.5, 10, 13.5], "texture": "#cross"}
			}
		},
		{
			"from": [3, 8, 4],
			"to": [7, 11, 8],
			"faces": {
				"north": {"uv": [5, 6, 11, 9], "texture": "#cross"},
				"east": {"uv": [5, 6, 11, 9], "texture": "#cross"},
				"south": {"uv": [5, 6, 11, 9], "texture": "#cross"},
				"west": {"uv": [5, 6, 11, 9], "texture": "#cross"},
				"up": {"uv": [6, 13.5, 10, 9.5], "texture": "#cross"}
			}
		}
	]
}