{
	"credit": "by ZiYun",
	"parent": "minecraft:block/cross",
	"textures": {
		"cross": "block/crimson_fungus"
	},
	"elements": [
		{
			"from": [9, 0, 5],
			"to": [11, 3, 7],
			"faces": {
				"north": {"uv": [7.5, 13.5, 8.5, 15], "texture": "#cross"},
				"east": {"uv": [7.5, 13.5, 8.5, 15], "texture": "#cross"},
				"south": {"uv": [7.5, 13.5, 8.5, 15], "texture": "#cross"},
				"west": {"uv": [7.5, 13.5, 8.5, 15], "texture": "#cross"},
				"down": {"uv": [7.5, 15, 8.5, 16], "texture": "#cross", "cullface": "down"}
			}
		},
		{
			"from": [6, 3, 2],
			"to": [14, 7, 10],
			"faces": {
				"north": {"uv": [5, 6, 11, 9], "texture": "#cross"},
				"east": {"uv": [5, 6, 11, 9], "texture": "#cross"},
				"south": {"uv": [5, 6, 11, 9], "texture": "#cross"},
				"west": {"uv": [5, 6, 11, 9], "texture": "#cross"},
				"up": {"uv": [6, 9.5, 10, 13.5], "texture": "#cross"},
				"down": {"uv": [6, 9.5, 10, 13.5], "texture": "#cross"}
			}
		},
		{
			"from": [7, 7, 3],
			"to": [13, 10, 9],
			"faces": {
				"north": {"uv": [5, 6, 11, 9], "texture": "#cross"},
				"east": {"uv": [5, 6, 11, 9], "texture": "#cross"},
				"south": {"uv": [5, 6, 11, 9], "texture": "#cross"},
				"west": {"uv": [5, 6, 11, 9], "texture": "#cross"},
				"up": {"uv": [6, 13.5, 10, 9.5], "texture": "#cross"}
			}
		}
	]
}