{
	"credit": "by ZiYun",
	"parent": "minecraft:block/orientable_vertical",
	"textures": {
		"2": "block/dropper_front_hind",
		"front": "block/dropper_front_vertical",
		"side": "block/dropper_front_top_2",
		"particle": "block/dropper_front_hind"
	},
	"elements": [
		{
			"from": [0, 0, 0],
			"to": [16, 16, 16],
			"faces": {
				"north": {"uv": [0, 0, 16, 16], "texture": "#side"},
				"east": {"uv": [0, 0, 16, 16], "texture": "#side"},
				"south": {"uv": [0, 0, 16, 16], "texture": "#side"},
				"west": {"uv": [0, 0, 16, 16], "texture": "#side"},
				"up": {"uv": [0, 0, 16, 16], "rotation": 180, "texture": "#front"},
				"down": {"uv": [0, 0, 16, 16], "texture": "#2"}
			}
		}
	]
}