{
	"credit": "by ZiYun",
	"parent": "item/lantern_display",
	"textures": {
		"1": "block/torch",
		"particle": "block/lantern",
		"main": "block/lantern"
	},
	"elements": [
		{
			"from": [5, 0.5, 5],
			"to": [11, 1, 11],
			"faces": {
				"north": {"uv": [0.01, 9.01, 5.99, 9.99], "texture": "#main"},
				"east": {"uv": [5.01, 9.01, 5.99, 14.99], "rotation": 90, "texture": "#main"},
				"south": {"uv": [0.01, 14.01, 5.99, 14.99], "rotation": 180, "texture": "#main"},
				"west": {"uv": [0.01, 9.01, 0.99, 14.99], "rotation": 270, "texture": "#main"},
				"up": {"uv": [0.01, 9.01, 5.99, 14.99], "texture": "#main"},
				"down": {"uv": [0.01, 9.01, 5.99, 14.99], "texture": "#main"}
			}
		},
		{
			"from": [5, 0, 5],
			"to": [7, 1, 6],
			"faces": {
				"north": {"uv": [0.01, 9.01, 1.99, 9.99], "rotation": 180, "texture": "#main"},
				"east": {"uv": [1.01, 9.01, 1.99, 9.99], "texture": "#main"},
				"south": {"uv": [0.01, 9.01, 1.99, 9.99], "texture": "#main"},
				"west": {"uv": [0.01, 9.01, 0.99, 9.99], "texture": "#main"},
				"down": {"uv": [0.01, 9.01, 1.99, 9.99], "texture": "#main"}
			}
		},
		{
			"from": [9, 0, 5],
			"to": [11, 1, 6],
			"faces": {
				"north": {"uv": [4.01, 9.01, 5.99, 9.99], "rotation": 180, "texture": "#main"},
				"east": {"uv": [5.01, 9.01, 5.99, 9.99], "texture": "#main"},
				"south": {"uv": [4.01, 9.01, 5.99, 9.99], "texture": "#main"},
				"west": {"uv": [4.01, 9.01, 4.99, 9.99], "texture": "#main"},
				"down": {"uv": [4.01, 9.01, 5.99, 9.99], "texture": "#main"}
			}
		},
		{
			"from": [10, 0, 6],
			"to": [11, 1, 7],
			"faces": {
				"east": {"uv": [5.01, 10.01, 5.99, 10.99], "texture": "#main"},
				"south": {"uv": [5.01, 10.01, 5.99, 10.99], "texture": "#main"},
				"west": {"uv": [5.01, 10.01, 5.99, 10.99], "texture": "#main"},
				"down": {"uv": [5.01, 10.01, 5.99, 10.99], "texture": "#main"}
			}
		},
		{
			"from": [10, 0, 9],
			"to": [11, 1, 10],
			"faces": {
				"north": {"uv": [5.01, 13.01, 5.99, 13.99], "texture": "#main"},
				"east": {"uv": [5.01, 13.01, 5.99, 13.99], "texture": "#main"},
				"west": {"uv": [5.01, 13.01, 5.99, 13.99], "texture": "#main"},
				"down": {"uv": [5.01, 13.01, 5.99, 13.99], "texture": "#main"}
			}
		},
		{
			"from": [9, 0, 10],
			"to": [11, 1, 11],
			"faces": {
				"north": {"uv": [4.01, 14.01, 5.99, 14.99], "rotation": 180, "texture": "#main"},
				"east": {"uv": [5.01, 14.01, 5.99, 14.99], "texture": "#main"},
				"south": {"uv": [4.01, 14.01, 5.99, 14.99], "texture": "#main"},
				"west": {"uv": [4.01, 14.01, 4.99, 14.99], "texture": "#main"},
				"down": {"uv": [4.01, 14.01, 5.99, 14.99], "texture": "#main"}
			}
		},
		{
			"from": [5, 0, 10],
			"to": [7, 1, 11],
			"faces": {
				"north": {"uv": [0.01, 14.01, 1.99, 14.99], "rotation": 180, "texture": "#main"},
				"east": {"uv": [1.01, 14.01, 1.99, 14.99], "texture": "#main"},
				"south": {"uv": [0.01, 14.01, 1.99, 14.99], "texture": "#main"},
				"west": {"uv": [0.01, 14.01, 0.99, 14.99], "texture": "#main"},
				"down": {"uv": [0.01, 14.01, 1.99, 14.99], "texture": "#main"}
			}
		},
		{
			"from": [5, 0, 9],
			"to": [6, 1, 10],
			"faces": {
				"north": {"uv": [0.01, 13.01, 0.99, 13.99], "texture": "#main"},
				"east": {"uv": [0.01, 13.01, 0.99, 13.99], "texture": "#main"},
				"west": {"uv": [0.01, 13.01, 0.99, 13.99], "texture": "#main"},
				"down": {"uv": [0.01, 13.01, 0.99, 13.99], "texture": "#main"}
			}
		},
		{
			"from": [5, 0, 6],
			"to": [6, 1, 7],
			"faces": {
				"east": {"uv": [0.01, 10.01, 0.99, 10.99], "texture": "#main"},
				"south": {"uv": [0.01, 10.01, 0.99, 10.99], "texture": "#main"},
				"west": {"uv": [0.01, 10.01, 0.99, 10.99], "texture": "#main"},
				"down": {"uv": [0.01, 10.01, 0.99, 10.99], "texture": "#main"}
			}
		},
		{
			"from": [5, 1, 5],
			"to": [6, 6, 6],
			"faces": {
				"north": {"uv": [0.01, 3.01, 0.99, 7.99], "texture": "#main"},
				"east": {"uv": [0.01, 3.01, 0.99, 7.99], "texture": "#main"},
				"south": {"uv": [0.01, 3.01, 0.99, 7.99], "texture": "#main"},
				"west": {"uv": [0.01, 3.01, 0.99, 7.99], "texture": "#main"}
			}
		},
		{
			"from": [10, 1, 5],
			"to": [11, 6, 6],
			"faces": {
				"north": {"uv": [0.01, 3.01, 0.99, 7.99], "texture": "#main"},
				"east": {"uv": [0.01, 3.01, 0.99, 7.99], "texture": "#main"},
				"south": {"uv": [0.01, 3.01, 0.99, 7.99], "texture": "#main"},
				"west": {"uv": [0.01, 3.01, 0.99, 7.99], "texture": "#main"}
			}
		},
		{
			"from": [5, 1, 10],
			"to": [6, 6, 11],
			"faces": {
				"north": {"uv": [0.01, 3.01, 0.99, 7.99], "texture": "#main"},
				"east": {"uv": [0.01, 3.01, 0.99, 7.99], "texture": "#main"},
				"south": {"uv": [0.01, 3.01, 0.99, 7.99], "texture": "#main"},
				"west": {"uv": [0.01, 3.01, 0.99, 7.99], "texture": "#main"}
			}
		},
		{
			"from": [10, 1, 10],
			"to": [11, 6, 11],
			"faces": {
				"north": {"uv": [0.01, 3.01, 0.99, 7.99], "texture": "#main"},
				"east": {"uv": [0.01, 3.01, 0.99, 7.99], "texture": "#main"},
				"south": {"uv": [0.01, 3.01, 0.99, 7.99], "texture": "#main"},
				"west": {"uv": [0.01, 3.01, 0.99, 7.99], "texture": "#main"}
			}
		},
		{
			"from": [6.5, 10, 7.75],
			"to": [9.5, 11, 8.25],
			"rotation": {"angle": 45, "axis": "y", "origin": [8, 8, 8]},
			"faces": {
				"north": {"uv": [11, 1, 13.98, 1.98], "rotation": 180, "texture": "#main"},
				"east": {"uv": [13, 1, 13.98, 1.98], "texture": "#main"},
				"south": {"uv": [11, 1, 13.98, 1.98], "texture": "#main"},
				"west": {"uv": [13, 1, 13.98, 1.98], "texture": "#main"},
				"up": {"uv": [11, 1, 13.98, 1.98], "texture": "#main"},
				"down": {"uv": [11, 1, 13.98, 1.98], "texture": "#main"}
			}
		},
		{
			"from": [8.5, 9, 7.75],
			"to": [9.5, 10, 8.25],
			"rotation": {"angle": 45, "axis": "y", "origin": [8, 8, 8]},
			"faces": {
				"north": {"uv": [11, 2, 11.98, 2.98], "rotation": 180, "texture": "#main"},
				"east": {"uv": [11, 2, 11.98, 2.98], "texture": "#main"},
				"south": {"uv": [11, 2, 11.98, 2.98], "texture": "#main"},
				"west": {"uv": [11, 2, 11.98, 2.98], "texture": "#main"}
			}
		},
		{
			"from": [6.5, 9, 7.75],
			"to": [7.5, 10, 8.25],
			"rotation": {"angle": 45, "axis": "y", "origin": [8, 8, 8]},
			"faces": {
				"north": {"uv": [13.01, 1.01, 13.99, 1.99], "rotation": 180, "texture": "#main"},
				"east": {"uv": [13.01, 1.01, 13.99, 1.99], "texture": "#main"},
				"south": {"uv": [13.01, 1.01, 13.99, 1.99], "texture": "#main"},
				"west": {"uv": [13.01, 1.01, 13.99, 1.99], "texture": "#main"}
			}
		},
		{
			"from": [5, 6, 5],
			"to": [11, 7, 11],
			"faces": {
				"north": {"uv": [0, 2, 5.98, 2.98], "texture": "#main"},
				"east": {"uv": [0, 2, 6, 3], "rotation": 90, "texture": "#main"},
				"south": {"uv": [0, 2, 5.98, 2.98], "rotation": 180, "texture": "#main"},
				"west": {"uv": [0, 2, 6, 3], "rotation": 270, "texture": "#main"},
				"up": {"uv": [0, 9, 5.98, 14.98], "texture": "#main"},
				"down": {"uv": [0, 9, 5.98, 14.98], "texture": "#main"}
			}
		},
		{
			"from": [6, 7, 6],
			"to": [10, 8, 10],
			"faces": {
				"north": {"uv": [1.01, 9.01, 4.99, 9.99], "texture": "#main"},
				"east": {"uv": [4.01, 10.01, 4.99, 13.99], "rotation": 90, "texture": "#main"},
				"south": {"uv": [1.01, 14.01, 4.99, 14.99], "rotation": 180, "texture": "#main"},
				"west": {"uv": [1.01, 10.01, 1.99, 13.99], "rotation": 270, "texture": "#main"},
				"up": {"uv": [1.01, 10.01, 4.99, 13.99], "texture": "#main"}
			}
		},
		{
			"from": [7, 7, 5],
			"to": [9, 8, 11],
			"faces": {
				"north": {"uv": [2.01, 9.01, 3.99, 9.99], "texture": "#main"},
				"east": {"uv": [3.01, 9.01, 3.99, 14.99], "rotation": 90, "texture": "#main"},
				"south": {"uv": [2.01, 14.01, 3.99, 14.99], "rotation": 180, "texture": "#main"},
				"west": {"uv": [2.01, 9.01, 2.99, 14.99], "rotation": 270, "texture": "#main"},
				"up": {"uv": [2.01, 9.01, 3.99, 14.99], "texture": "#main"}
			}
		},
		{
			"from": [5, 7, 7],
			"to": [11, 8, 9],
			"faces": {
				"north": {"uv": [0.01, 11.01, 5.99, 11.99], "texture": "#main"},
				"east": {"uv": [5.01, 11.01, 5.99, 12.99], "rotation": 90, "texture": "#main"},
				"south": {"uv": [0.01, 12.01, 5.99, 12.99], "rotation": 180, "texture": "#main"},
				"west": {"uv": [0.01, 11.01, 0.99, 12.99], "rotation": 270, "texture": "#main"},
				"up": {"uv": [0.01, 11.01, 5.99, 12.99], "texture": "#main"}
			}
		},
		{
			"from": [7, 8, 6],
			"to": [9, 9, 10],
			"faces": {
				"north": {"uv": [2.01, 10.01, 3.99, 10.99], "texture": "#main"},
				"east": {"uv": [3.01, 10.01, 3.99, 13.99], "rotation": 90, "texture": "#main"},
				"south": {"uv": [2.01, 13.01, 3.99, 13.99], "rotation": 180, "texture": "#main"},
				"west": {"uv": [2.01, 10.01, 2.99, 13.99], "rotation": 270, "texture": "#main"},
				"up": {"uv": [2.01, 10.01, 3.99, 13.99], "texture": "#main"}
			}
		},
		{
			"from": [6, 8, 7],
			"to": [10, 9, 9],
			"faces": {
				"north": {"uv": [1.01, 11.01, 4.99, 11.99], "texture": "#main"},
				"east": {"uv": [4.01, 11.01, 4.99, 12.99], "rotation": 90, "texture": "#main"},
				"south": {"uv": [1.01, 12.01, 4.99, 12.99], "rotation": 180, "texture": "#main"},
				"west": {"uv": [1.01, 11.01, 1.99, 12.99], "rotation": 270, "texture": "#main"},
				"up": {"uv": [1.01, 11.01, 4.99, 12.99], "texture": "#main"}
			}
		},
		{
			"from": [7.25, 3.25, 7.25],
			"to": [8.75, 3.5, 8.75],
			"faces": {
				"north": {"uv": [8, 6, 8.25, 8], "rotation": 90, "texture": "#1"},
				"east": {"uv": [7, 6.5, 9, 6.75], "texture": "#1"},
				"south": {"uv": [8, 6, 8.25, 8], "rotation": 270, "texture": "#1"},
				"west": {"uv": [7, 6.5, 9, 6.75], "rotation": 180, "texture": "#1"},
				"up": {"uv": [7, 6, 9, 8], "rotation": 270, "texture": "#1"},
				"down": {"uv": [7, 6, 9, 8], "rotation": 270, "texture": "#1"}
			}
		},
		{
			"from": [7, 1, 7],
			"to": [9, 3, 9],
			"faces": {
				"north": {"uv": [7, 8, 9, 10], "texture": "#1"},
				"east": {"uv": [7, 8, 9, 10], "texture": "#1"},
				"south": {"uv": [7, 8, 9, 10], "texture": "#1"},
				"west": {"uv": [7, 8, 9, 10], "texture": "#1"},
				"up": {"uv": [7, 8, 9, 8.5], "texture": "#1"},
				"down": {"uv": [7, 12, 9, 14], "texture": "#1"}
			}
		},
		{
			"from": [7.25, 3.5, 7],
			"to": [8.75, 5, 7.25],
			"faces": {
				"north": {"uv": [7, 6, 9, 8], "texture": "#1"},
				"east": {"uv": [8, 6, 8.25, 8], "texture": "#1"},
				"south": {"uv": [7, 6, 9, 8], "texture": "#1"},
				"west": {"uv": [8, 6, 8.25, 8], "texture": "#1"},
				"up": {"uv": [7, 6.5, 9, 6.75], "texture": "#1"},
				"down": {"uv": [7, 6.5, 9, 6.75], "texture": "#1"}
			}
		},
		{
			"from": [7.25, 3.5, 8.75],
			"to": [8.75, 5, 9],
			"faces": {
				"north": {"uv": [7, 6, 9, 8], "texture": "#1"},
				"east": {"uv": [8, 6, 8.25, 8], "texture": "#1"},
				"south": {"uv": [7, 6, 9, 8], "texture": "#1"},
				"west": {"uv": [8, 6, 8.25, 8], "texture": "#1"},
				"up": {"uv": [7, 6.5, 9, 6.75], "texture": "#1"},
				"down": {"uv": [7, 6.5, 9, 6.75], "texture": "#1"}
			}
		},
		{
			"from": [8.75, 3.5, 7.25],
			"to": [9, 5, 8.75],
			"faces": {
				"north": {"uv": [8, 6, 8.25, 8], "texture": "#1"},
				"east": {"uv": [7, 6, 9, 8], "texture": "#1"},
				"south": {"uv": [8, 6, 8.25, 8], "texture": "#1"},
				"west": {"uv": [7, 6, 9, 8], "texture": "#1"},
				"up": {"uv": [7, 6.5, 9, 6.75], "rotation": 270, "texture": "#1"},
				"down": {"uv": [7, 6.5, 9, 6.75], "rotation": 90, "texture": "#1"}
			}
		},
		{
			"from": [7, 3.5, 7.25],
			"to": [7.25, 5, 8.75],
			"faces": {
				"north": {"uv": [8, 6, 8.25, 8], "texture": "#1"},
				"east": {"uv": [7, 6, 9, 8], "texture": "#1"},
				"south": {"uv": [8, 6, 8.25, 8], "texture": "#1"},
				"west": {"uv": [7, 6, 9, 8], "texture": "#1"},
				"up": {"uv": [7, 6.5, 9, 6.75], "rotation": 270, "texture": "#1"},
				"down": {"uv": [7, 6.5, 9, 6.75], "rotation": 90, "texture": "#1"}
			}
		},
		{
			"from": [7.25, 5, 7.25],
			"to": [8.75, 5.25, 8.75],
			"faces": {
				"north": {"uv": [8, 6, 8.25, 8], "rotation": 90, "texture": "#1"},
				"east": {"uv": [7, 6.5, 9, 6.75], "texture": "#1"},
				"south": {"uv": [8, 6, 8.25, 8], "rotation": 270, "texture": "#1"},
				"west": {"uv": [7, 6.5, 9, 6.75], "rotation": 180, "texture": "#1"},
				"up": {"uv": [7, 6, 9, 8], "rotation": 270, "texture": "#1"},
				"down": {"uv": [7, 6, 9, 8], "rotation": 270, "texture": "#1"}
			}
		}
	],
	"groups": [
		{
			"name": "group",
			"origin": [0, 0, 0],
			"color": 0,
			"children": [0, 1, 2, 3, 4, 5, 6, 7, 8]
		},
		{
			"name": "group",
			"origin": [0, 0, 0],
			"color": 0,
			"children": [9, 10, 11, 12]
		},
		{
			"name": "group",
			"origin": [8, 8, 8],
			"color": 0,
			"children": [13, 14, 15]
		},
		{
			"name": "group",
			"origin": [0, 0, 0],
			"color": 0,
			"children": [16, 17, 18, 19, 20, 21]
		}, 22, 23, 24, 25, 26, 27, 28]
}