{
	"credit": "by ZiYun",
	"ambientocclusion": false,
	"textures": {
		"2": "block/on",
		"particle": "block/cobblestone",
		"base": "block/cobblestone",
		"lever": "block/lever"
	},
	"elements": [
		{
			"from": [5, 0, 4],
			"to": [11, 3, 12],
			"faces": {
				"north": {"uv": [5, 6.5, 11, 9.5], "texture": "#base"},
				"east": {"uv": [4.5, 6.5, 11.5, 9.5], "texture": "#base"},
				"south": {"uv": [5, 6.5, 11, 9.5], "texture": "#base"},
				"west": {"uv": [4.5, 6.5, 11.5, 9.5], "texture": "#base"},
				"up": {"uv": [5, 4, 11, 12], "texture": "#base"},
				"down": {"uv": [5, 4, 11, 12], "texture": "#base", "cullface": "down"}
			}
		},
		{
			"from": [7, 1, 7],
			"to": [9, 9, 9],
			"rotation": {"angle": -45, "axis": "x", "origin": [8, 1, 8]},
			"faces": {
				"north": {"uv": [7, 8, 9, 16], "texture": "#lever"},
				"east": {"uv": [7, 8, 9, 16], "texture": "#lever"},
				"south": {"uv": [7, 8, 9, 16], "texture": "#lever"},
				"west": {"uv": [7, 8, 9, 16], "texture": "#lever"},
				"up": {"uv": [7, 6, 9, 8], "texture": "#2"}
			}
		},
		{
			"from": [7, 9, 7],
			"to": [9, 11, 9],
			"rotation": {"angle": -45, "axis": "x", "origin": [8, 1, 8]},
			"faces": {
				"north": {"uv": [7, 8, 9, 16], "texture": "#2"},
				"east": {"uv": [7, 8, 9, 16], "texture": "#2"},
				"south": {"uv": [7, 8, 9, 16], "texture": "#2"},
				"west": {"uv": [7, 8, 9, 16], "texture": "#2"},
				"up": {"uv": [7, 6, 9, 8], "texture": "#2"},
				"down": {"uv": [0, 0, 0, 0], "texture": "#2"}
			}
		}
	]
}