{
	"credit": "by ZiYun",
	"parent": "minecraft:block/cross",
	"textures": {
		"cross": "block/pink_tulip"
	},
	"elements": [
		{
			"from": [7.5, 0, 7.5],
			"to": [8.5, 9, 8.5],
			"faces": {
				"north": {"uv": [7, 7, 8, 16], "texture": "#cross"},
				"east": {"uv": [7, 7, 8, 16], "texture": "#cross"},
				"south": {"uv": [7, 7, 8, 16], "texture": "#cross"},
				"west": {"uv": [7, 7, 8, 16], "texture": "#cross"},
				"up": {"uv": [7, 7, 8, 8], "texture": "#cross"},
				"down": {"uv": [7, 15, 8, 16], "texture": "#cross"}
			}
		},
		{
			"from": [7.5, 10, 7.5],
			"to": [8.5, 11, 8.5],
			"faces": {
				"north": {"uv": [7, 4, 8, 5], "texture": "#cross"},
				"east": {"uv": [7, 4, 8, 5], "texture": "#cross"},
				"south": {"uv": [7, 4, 8, 5], "texture": "#cross"},
				"west": {"uv": [7, 4, 8, 5], "texture": "#cross"},
				"up": {"uv": [7, 4, 8, 5], "texture": "#cross"},
				"down": {"uv": [7, 4, 8, 5], "texture": "#cross"}
			}
		},
		{
			"from": [7, 9, 7.5],
			"to": [7.5, 10, 8.5],
			"faces": {
				"north": {"uv": [7, 5, 8, 6], "texture": "#cross"},
				"east": {"uv": [7, 5, 8, 6], "texture": "#cross"},
				"south": {"uv": [7, 5, 8, 6], "texture": "#cross"},
				"west": {"uv": [7, 5, 8, 6], "texture": "#cross"},
				"up": {"uv": [7, 5, 8, 6], "texture": "#cross"},
				"down": {"uv": [7, 5, 8, 6], "texture": "#cross"}
			}
		},
		{
			"from": [8.5, 9, 7.5],
			"to": [9, 10, 8.5],
			"faces": {
				"north": {"uv": [7, 5, 8, 6], "texture": "#cross"},
				"east": {"uv": [7, 5, 8, 6], "texture": "#cross"},
				"south": {"uv": [7, 5, 8, 6], "texture": "#cross"},
				"west": {"uv": [7, 5, 8, 6], "texture": "#cross"},
				"up": {"uv": [7, 5, 8, 6], "texture": "#cross"},
				"down": {"uv": [7, 5, 8, 6], "texture": "#cross"}
			}
		},
		{
			"from": [7.5, 9, 8.5],
			"to": [8.5, 10, 9],
			"faces": {
				"north": {"uv": [7, 5, 8, 6], "texture": "#cross"},
				"east": {"uv": [7, 5, 8, 6], "texture": "#cross"},
				"south": {"uv": [7, 5, 8, 6], "texture": "#cross"},
				"west": {"uv": [7, 5, 8, 6], "texture": "#cross"},
				"up": {"uv": [7, 5, 8, 6], "texture": "#cross"},
				"down": {"uv": [7, 5, 8, 6], "texture": "#cross"}
			}
		},
		{
			"from": [7.5, 9, 7],
			"to": [8.5, 10, 7.5],
			"faces": {
				"north": {"uv": [7, 5, 8, 6], "texture": "#cross"},
				"east": {"uv": [7, 5, 8, 6], "texture": "#cross"},
				"south": {"uv": [7, 5, 8, 6], "texture": "#cross"},
				"west": {"uv": [7, 5, 8, 6], "texture": "#cross"},
				"up": {"uv": [7, 5, 8, 6], "texture": "#cross"},
				"down": {"uv": [7, 5, 8, 6], "texture": "#cross"}
			}
		},
		{
			"from": [7.5, 10, 6.5],
			"to": [8.5, 11, 7],
			"faces": {
				"north": {"uv": [8, 4, 9, 5], "texture": "#cross"},
				"east": {"uv": [8, 4, 9, 5], "texture": "#cross"},
				"south": {"uv": [8, 4, 9, 5], "texture": "#cross"},
				"west": {"uv": [8, 4, 9, 5], "texture": "#cross"},
				"up": {"uv": [8, 4, 9, 5], "texture": "#cross"},
				"down": {"uv": [8, 4, 9, 5], "texture": "#cross"}
			}
		},
		{
			"from": [6.5, 10, 6.5],
			"to": [7.5, 11, 7],
			"faces": {
				"north": {"uv": [8, 4, 9, 5], "texture": "#cross"},
				"east": {"uv": [8, 4, 9, 5], "texture": "#cross"},
				"south": {"uv": [8, 4, 9, 5], "texture": "#cross"},
				"west": {"uv": [8, 4, 9, 5], "texture": "#cross"},
				"up": {"uv": [8, 4, 9, 5], "texture": "#cross"},
				"down": {"uv": [8, 4, 9, 5], "texture": "#cross"}
			}
		},
		{
			"from": [6.5, 11, 6.5],
			"to": [7.5, 12, 7],
			"faces": {
				"north": {"uv": [7, 5, 8, 6], "texture": "#cross"},
				"east": {"uv": [7, 5, 8, 6], "texture": "#cross"},
				"south": {"uv": [7, 5, 8, 6], "texture": "#cross"},
				"west": {"uv": [7, 5, 8, 6], "texture": "#cross"},
				"up": {"uv": [7, 5, 8, 6], "texture": "#cross"},
				"down": {"uv": [7, 5, 8, 6], "texture": "#cross"}
			}
		},
		{
			"from": [6.5, 11, 7],
			"to": [7, 12, 7.5],
			"faces": {
				"north": {"uv": [7, 5, 8, 6], "texture": "#cross"},
				"east": {"uv": [7, 5, 8, 6], "texture": "#cross"},
				"south": {"uv": [7, 5, 8, 6], "texture": "#cross"},
				"west": {"uv": [7, 5, 8, 6], "texture": "#cross"},
				"up": {"uv": [7, 5, 8, 6], "texture": "#cross"},
				"down": {"uv": [7, 5, 8, 6], "texture": "#cross"}
			}
		},
		{
			"from": [6.5, 11, 8.5],
			"to": [7, 12, 9],
			"faces": {
				"north": {"uv": [7, 5, 8, 6], "texture": "#cross"},
				"east": {"uv": [7, 5, 8, 6], "texture": "#cross"},
				"south": {"uv": [7, 5, 8, 6], "texture": "#cross"},
				"west": {"uv": [7, 5, 8, 6], "texture": "#cross"},
				"up": {"uv": [7, 5, 8, 6], "texture": "#cross"},
				"down": {"uv": [7, 5, 8, 6], "texture": "#cross"}
			}
		},
		{
			"from": [9, 11, 8.5],
			"to": [9.5, 12, 9],
			"faces": {
				"north": {"uv": [7, 5, 8, 6], "texture": "#cross"},
				"east": {"uv": [7, 5, 8, 6], "texture": "#cross"},
				"south": {"uv": [7, 5, 8, 6], "texture": "#cross"},
				"west": {"uv": [7, 5, 8, 6], "texture": "#cross"},
				"up": {"uv": [7, 5, 8, 6], "texture": "#cross"},
				"down": {"uv": [7, 5, 8, 6], "texture": "#cross"}
			}
		},
		{
			"from": [9, 11, 7],
			"to": [9.5, 12, 7.5],
			"faces": {
				"north": {"uv": [7, 5, 8, 6], "texture": "#cross"},
				"east": {"uv": [7, 5, 8, 6], "texture": "#cross"},
				"south": {"uv": [7, 5, 8, 6], "texture": "#cross"},
				"west": {"uv": [7, 5, 8, 6], "texture": "#cross"},
				"up": {"uv": [7, 5, 8, 6], "texture": "#cross"},
				"down": {"uv": [7, 5, 8, 6], "texture": "#cross"}
			}
		},
		{
			"from": [8.5, 10, 6.5],
			"to": [9.5, 11, 7],
			"faces": {
				"north": {"uv": [7, 5, 8, 6], "texture": "#cross"},
				"east": {"uv": [7, 5, 8, 6], "texture": "#cross"},
				"south": {"uv": [7, 5, 8, 6], "texture": "#cross"},
				"west": {"uv": [7, 5, 8, 6], "texture": "#cross"},
				"up": {"uv": [7, 5, 8, 6], "texture": "#cross"},
				"down": {"uv": [7, 5, 8, 6], "texture": "#cross"}
			}
		},
		{
			"from": [8.5, 11, 6.5],
			"to": [9.5, 12, 7],
			"faces": {
				"north": {"uv": [7, 5, 8, 6], "texture": "#cross"},
				"east": {"uv": [7, 5, 8, 6], "texture": "#cross"},
				"south": {"uv": [7, 5, 8, 6], "texture": "#cross"},
				"west": {"uv": [7, 5, 8, 6], "texture": "#cross"},
				"up": {"uv": [7, 5, 8, 6], "texture": "#cross"},
				"down": {"uv": [7, 5, 8, 6], "texture": "#cross"}
			}
		},
		{
			"from": [8.5, 10, 9],
			"to": [9.5, 11, 9.5],
			"faces": {
				"north": {"uv": [7, 5, 8, 6], "texture": "#cross"},
				"east": {"uv": [7, 5, 8, 6], "texture": "#cross"},
				"south": {"uv": [7, 5, 8, 6], "texture": "#cross"},
				"west": {"uv": [7, 5, 8, 6], "texture": "#cross"},
				"up": {"uv": [7, 5, 8, 6], "texture": "#cross"},
				"down": {"uv": [7, 5, 8, 6], "texture": "#cross"}
			}
		},
		{
			"from": [8.5, 11, 9],
			"to": [9.5, 12, 9.5],
			"faces": {
				"north": {"uv": [7, 5, 8, 6], "texture": "#cross"},
				"east": {"uv": [7, 5, 8, 6], "texture": "#cross"},
				"south": {"uv": [7, 5, 8, 6], "texture": "#cross"},
				"west": {"uv": [7, 5, 8, 6], "texture": "#cross"},
				"up": {"uv": [7, 5, 8, 6], "texture": "#cross"},
				"down": {"uv": [7, 5, 8, 6], "texture": "#cross"}
			}
		},
		{
			"from": [7.5, 10, 9],
			"to": [8.5, 11, 9.5],
			"faces": {
				"north": {"uv": [8, 4, 9, 5], "texture": "#cross"},
				"east": {"uv": [8, 4, 9, 5], "texture": "#cross"},
				"south": {"uv": [8, 4, 9, 5], "texture": "#cross"},
				"west": {"uv": [8, 4, 9, 5], "texture": "#cross"},
				"up": {"uv": [8, 4, 9, 5], "texture": "#cross"},
				"down": {"uv": [8, 4, 9, 5], "texture": "#cross"}
			}
		},
		{
			"from": [6.5, 10, 9],
			"to": [7.5, 11, 9.5],
			"faces": {
				"north": {"uv": [8, 4, 9, 5], "texture": "#cross"},
				"east": {"uv": [8, 4, 9, 5], "texture": "#cross"},
				"south": {"uv": [8, 4, 9, 5], "texture": "#cross"},
				"west": {"uv": [8, 4, 9, 5], "texture": "#cross"},
				"up": {"uv": [8, 4, 9, 5], "texture": "#cross"},
				"down": {"uv": [8, 4, 9, 5], "texture": "#cross"}
			}
		},
		{
			"from": [6.5, 11, 9],
			"to": [7.5, 12, 9.5],
			"faces": {
				"north": {"uv": [7, 5, 8, 6], "texture": "#cross"},
				"east": {"uv": [7, 5, 8, 6], "texture": "#cross"},
				"south": {"uv": [7, 5, 8, 6], "texture": "#cross"},
				"west": {"uv": [7, 5, 8, 6], "texture": "#cross"},
				"up": {"uv": [7, 5, 8, 6], "texture": "#cross"},
				"down": {"uv": [7, 5, 8, 6], "texture": "#cross"}
			}
		},
		{
			"from": [6.5, 10, 8],
			"to": [7, 11, 9],
			"faces": {
				"north": {"uv": [7, 5, 8, 6], "texture": "#cross"},
				"east": {"uv": [7, 5, 8, 6], "texture": "#cross"},
				"south": {"uv": [7, 5, 8, 6], "texture": "#cross"},
				"west": {"uv": [7, 5, 8, 6], "texture": "#cross"},
				"up": {"uv": [7, 5, 8, 6], "texture": "#cross"},
				"down": {"uv": [7, 5, 8, 6], "texture": "#cross"}
			}
		},
		{
			"from": [6.5, 10, 7],
			"to": [7, 11, 8],
			"faces": {
				"north": {"uv": [7, 5, 8, 6], "texture": "#cross"},
				"east": {"uv": [7, 5, 8, 6], "texture": "#cross"},
				"south": {"uv": [7, 5, 8, 6], "texture": "#cross"},
				"west": {"uv": [7, 5, 8, 6], "texture": "#cross"},
				"up": {"uv": [7, 5, 8, 6], "texture": "#cross"},
				"down": {"uv": [7, 5, 8, 6], "texture": "#cross"}
			}
		},
		{
			"from": [9, 10, 7],
			"to": [9.5, 11, 8],
			"faces": {
				"north": {"uv": [7, 5, 8, 6], "texture": "#cross"},
				"east": {"uv": [7, 5, 8, 6], "texture": "#cross"},
				"south": {"uv": [7, 5, 8, 6], "texture": "#cross"},
				"west": {"uv": [7, 5, 8, 6], "texture": "#cross"},
				"up": {"uv": [7, 5, 8, 6], "texture": "#cross"},
				"down": {"uv": [7, 5, 8, 6], "texture": "#cross"}
			}
		},
		{
			"from": [9, 10, 8],
			"to": [9.5, 11, 9],
			"faces": {
				"north": {"uv": [8, 4, 9, 5], "texture": "#cross"},
				"east": {"uv": [8, 4, 9, 5], "texture": "#cross"},
				"south": {"uv": [8, 4, 9, 5], "texture": "#cross"},
				"west": {"uv": [8, 4, 9, 5], "texture": "#cross"},
				"up": {"uv": [8, 4, 9, 5], "texture": "#cross"},
				"down": {"uv": [8, 4, 9, 5], "texture": "#cross"}
			}
		},
		{
			"from": [8.5, 9.5, 7],
			"to": [9, 10, 7.5],
			"faces": {
				"north": {"uv": [7, 5, 8, 6], "texture": "#cross"},
				"east": {"uv": [7, 5, 8, 6], "texture": "#cross"},
				"south": {"uv": [7, 5, 8, 6], "texture": "#cross"},
				"west": {"uv": [7, 5, 8, 6], "texture": "#cross"},
				"up": {"uv": [7, 5, 8, 6], "texture": "#cross"},
				"down": {"uv": [7, 5, 8, 6], "texture": "#cross"}
			}
		},
		{
			"from": [7, 9.5, 7],
			"to": [7.5, 10, 7.5],
			"faces": {
				"north": {"uv": [7, 5, 8, 6], "texture": "#cross"},
				"east": {"uv": [7, 5, 8, 6], "texture": "#cross"},
				"south": {"uv": [7, 5, 8, 6], "texture": "#cross"},
				"west": {"uv": [7, 5, 8, 6], "texture": "#cross"},
				"up": {"uv": [7, 5, 8, 6], "texture": "#cross"},
				"down": {"uv": [7, 5, 8, 6], "texture": "#cross"}
			}
		},
		{
			"from": [7, 9.5, 8.5],
			"to": [7.5, 10, 9],
			"faces": {
				"north": {"uv": [7, 5, 8, 6], "texture": "#cross"},
				"east": {"uv": [7, 5, 8, 6], "texture": "#cross"},
				"south": {"uv": [7, 5, 8, 6], "texture": "#cross"},
				"west": {"uv": [7, 5, 8, 6], "texture": "#cross"},
				"up": {"uv": [7, 5, 8, 6], "texture": "#cross"},
				"down": {"uv": [7, 5, 8, 6], "texture": "#cross"}
			}
		},
		{
			"from": [8.5, 9.5, 8.5],
			"to": [9, 10, 9],
			"faces": {
				"north": {"uv": [7, 5, 8, 6], "texture": "#cross"},
				"east": {"uv": [7, 5, 8, 6], "texture": "#cross"},
				"south": {"uv": [7, 5, 8, 6], "texture": "#cross"},
				"west": {"uv": [7, 5, 8, 6], "texture": "#cross"},
				"up": {"uv": [7, 5, 8, 6], "texture": "#cross"},
				"down": {"uv": [7, 5, 8, 6], "texture": "#cross"}
			}
		},
		{
			"from": [7.5, 1, 6.5],
			"to": [8.5, 6, 7.5],
			"faces": {
				"north": {"uv": [8, 10, 9, 15], "texture": "#cross"},
				"east": {"uv": [8, 10, 9, 15], "texture": "#cross"},
				"south": {"uv": [8, 10, 9, 15], "texture": "#cross"},
				"west": {"uv": [8, 10, 9, 15], "texture": "#cross"},
				"up": {"uv": [8, 10, 9, 11], "texture": "#cross"},
				"down": {"uv": [8, 14, 9, 15], "texture": "#cross"}
			}
		},
		{
			"from": [8, 3, 5.5],
			"to": [9, 8, 6.5],
			"faces": {
				"north": {"uv": [9, 8, 10, 13], "texture": "#cross"},
				"east": {"uv": [9, 8, 10, 13], "texture": "#cross"},
				"south": {"uv": [9, 8, 10, 13], "texture": "#cross"},
				"west": {"uv": [9, 8, 10, 13], "texture": "#cross"},
				"up": {"uv": [9, 8, 10, 9], "texture": "#cross"},
				"down": {"uv": [9, 12, 10, 13], "texture": "#cross"}
			}
		},
		{
			"from": [7.5, 1.5, 8.5],
			"to": [8.5, 6.5, 9.5],
			"faces": {
				"north": {"uv": [8, 10, 9, 15], "texture": "#cross"},
				"east": {"uv": [8, 10, 9, 15], "texture": "#cross"},
				"south": {"uv": [8, 10, 9, 15], "texture": "#cross"},
				"west": {"uv": [8, 10, 9, 15], "texture": "#cross"},
				"up": {"uv": [8, 10, 9, 11], "rotation": 180, "texture": "#cross"},
				"down": {"uv": [8, 14, 9, 15], "rotation": 180, "texture": "#cross"}
			}
		},
		{
			"from": [7, 3, 9.5],
			"to": [8, 7, 10.5],
			"faces": {
				"north": {"uv": [9, 8, 10, 12], "texture": "#cross"},
				"east": {"uv": [9, 8, 10, 12], "texture": "#cross"},
				"south": {"uv": [9, 8, 10, 12], "texture": "#cross"},
				"west": {"uv": [9, 8, 10, 12], "texture": "#cross"},
				"up": {"uv": [9, 8, 10, 9], "rotation": 180, "texture": "#cross"},
				"down": {"uv": [9, 12, 10, 13], "rotation": 180, "texture": "#cross"}
			}
		},
		{
			"from": [6.5, 1, 7.5],
			"to": [7.5, 6, 8.5],
			"faces": {
				"north": {"uv": [6, 10, 7, 15], "texture": "#cross"},
				"east": {"uv": [6, 10, 7, 15], "texture": "#cross"},
				"south": {"uv": [6, 10, 7, 15], "texture": "#cross"},
				"west": {"uv": [6, 10, 7, 15], "texture": "#cross"},
				"up": {"uv": [6, 10, 7, 11], "texture": "#cross"},
				"down": {"uv": [6, 14, 7, 15], "texture": "#cross"}
			}
		},
		{
			"from": [5.5, 2, 7],
			"to": [6.5, 7, 8],
			"faces": {
				"north": {"uv": [5, 8, 6, 13], "texture": "#cross"},
				"east": {"uv": [5, 8, 6, 13], "texture": "#cross"},
				"south": {"uv": [5, 8, 6, 13], "texture": "#cross"},
				"west": {"uv": [5, 8, 6, 13], "texture": "#cross"},
				"up": {"uv": [5, 8, 6, 9], "texture": "#cross"},
				"down": {"uv": [5, 12, 6, 13], "texture": "#cross"}
			}
		},
		{
			"from": [8.5, 0.5, 7.5],
			"to": [9.5, 7.5, 8.5],
			"faces": {
				"north": {"uv": [6, 8, 7, 15], "texture": "#cross"},
				"east": {"uv": [6, 8, 7, 15], "texture": "#cross"},
				"south": {"uv": [6, 8, 7, 15], "texture": "#cross"},
				"west": {"uv": [6, 8, 7, 15], "texture": "#cross"},
				"up": {"uv": [6, 8, 7, 9], "rotation": 180, "texture": "#cross"},
				"down": {"uv": [6, 14, 7, 15], "rotation": 180, "texture": "#cross"}
			}
		},
		{
			"from": [9.5, 2, 8],
			"to": [10.5, 8, 9],
			"faces": {
				"north": {"uv": [5, 7, 6, 13], "texture": "#cross"},
				"east": {"uv": [5, 7, 6, 13], "texture": "#cross"},
				"south": {"uv": [5, 7, 6, 13], "texture": "#cross"},
				"west": {"uv": [5, 7, 6, 13], "texture": "#cross"},
				"up": {"uv": [5, 7, 6, 8], "rotation": 180, "texture": "#cross"},
				"down": {"uv": [5, 12, 6, 13], "rotation": 180, "texture": "#cross"}
			}
		}
	]
}