{
	"credit": "by ZiYun",
	"textures": {
		"0": "block/piston_side_sticky_on",
		"1": "block/piston_top_sticky_on",
		"2": "block/piston_side_sticky_on",
		"3": "block/piston_top_sticky_on",
		"particle": "block/piston_side_sticky_on"
	},
	"elements": [
		{
			"from": [0, 0, 0],
			"to": [16, 16, 4],
			"faces": {
				"north": {"uv": [0, 0, 16, 16], "texture": "#1", "cullface": "north"},
				"east": {"uv": [0, 0, 16, 4], "rotation": 90, "texture": "#2", "cullface": "east"},
				"south": {"uv": [0, 0, 16, 16], "texture": "#3"},
				"west": {"uv": [0, 0, 16, 4], "rotation": 270, "texture": "#2", "cullface": "west"},
				"up": {"uv": [0, 0, 16, 4], "texture": "#2", "cullface": "up"},
				"down": {"uv": [0, 0, 16, 4], "rotation": 180, "texture": "#2", "cullface": "down"}
			}
		},
		{
			"from": [6, 6, 4],
			"to": [10, 10, 20],
			"faces": {
				"east": {"uv": [16, 4, 0, 0], "texture": "#0"},
				"west": {"uv": [16, 4, 0, 0], "texture": "#0"},
				"up": {"uv": [0, 0, 16, 4], "rotation": 270, "texture": "#0"},
				"down": {"uv": [0, 0, 16, 4], "rotation": 270, "texture": "#0"}
			}
		}
	]
}