{
    "credit": "by ZiYun",
    "textures": {
        "2": "block/piston_top",
        "3": "block/piston_side",
        "particle": "block/piston_top"
    },
    "elements": [
        {
            "name": "cube",
            "from": [0, 0, 0],
            "to": [16, 16, 4],
            "faces": {
                "north": {
                    "uv": [0, 0, 16, 16],
                    "texture": "#2",
                    "cullface": "north"
                },
                "east": {
                    "uv": [0, 0, 16, 4],
                    "texture": "#3",
                    "cullface": "east",
                    "rotation": 90
                },
                "south": {"uv": [0, 0, 16, 16], "texture": "#2"},
                "west": {
                    "uv": [0, 0, 16, 4],
                    "texture": "#3",
                    "cullface": "west",
                    "rotation": 270
                },
                "up": {
                    "uv": [0, 0, 16, 4],
                    "texture": "#3",
                    "cullface": "up"
                },
                "down": {
                    "uv": [0, 0, 16, 4],
                    "texture": "#3",
                    "cullface": "down",
                    "rotation": 180
                }
            }
        },
        {
            "name": "cube",
            "from": [6, 6, 4],
            "to": [10, 10, 16],
            "faces": {
                "east": {"uv": [4, 0, 16, 4], "texture": "#3"},
                "west": {"uv": [16, 4, 4, 0], "texture": "#3"},
                "up": {
                    "uv": [4, 0, 16, 4],
                    "texture": "#3",
                    "rotation": 270
                },
                "down": {
                    "uv": [4, 0, 16, 4],
                    "texture": "#3",
                    "rotation": 90
                }
            }
        }
    ],
    "groups": [0, 1]
}