{
	"credit": "by ZiYun",
	"parent": "minecraft:block/flower_pot_cross",
	"textures": {
		"1": "block/flower_pot",
		"2": "block/dirt",
		"particle": "block/flower_pot",
		"plant": "block/red_mushroom"
	},
	"elements": [
		{
			"from": [6, 0, 5.002],
			"to": [9.9998, 6, 6],
			"faces": {
				"north": {"uv": [6.01, 10.01, 9.99, 15.99], "texture": "#1"},
				"east": {"uv": [0, 0, 0, 0], "texture": "#1"},
				"south": {"uv": [9.99, 10.01, 6.01, 15.99], "texture": "#1"},
				"west": {"uv": [0, 0, 0, 0], "texture": "#1"},
				"up": {"uv": [6.01, 10.01, 9.99, 10.99], "rotation": 180, "texture": "#1"},
				"down": {"uv": [6.01, 15.01, 9.99, 15.99], "rotation": 180, "texture": "#1", "cullface": "down"}
			}
		},
		{
			"from": [10, 0, 5.002],
			"to": [10.998, 6, 10.998],
			"faces": {
				"north": {"uv": [10.01, 10.01, 10.99, 15.99], "texture": "#1"},
				"east": {"uv": [5.01, 10.01, 10.99, 15.99], "texture": "#1"},
				"south": {"uv": [5.01, 10.01, 5.99, 15.99], "texture": "#1"},
				"west": {"uv": [10.99, 10.01, 5.01, 15.99], "texture": "#1"},
				"up": {"uv": [5.01, 10.01, 10.99, 10.99], "rotation": 270, "texture": "#1"},
				"down": {"uv": [5.01, 15.01, 10.99, 15.99], "rotation": 90, "texture": "#1", "cullface": "down"}
			}
		},
		{
			"from": [6, 0, 10],
			"to": [9.9998, 6, 10.998],
			"faces": {
				"north": {"uv": [9.99, 10.01, 6.01, 15.99], "texture": "#1"},
				"east": {"uv": [0, 0, 0, 0], "texture": "#1"},
				"south": {"uv": [6.01, 10.01, 9.99, 15.99], "texture": "#1"},
				"west": {"uv": [0, 0, 0, 0], "texture": "#1"},
				"up": {"uv": [6.01, 10.01, 9.99, 10.99], "texture": "#1"},
				"down": {"uv": [6.01, 15.01, 9.99, 15.99], "texture": "#1", "cullface": "down"}
			}
		},
		{
			"from": [5.002, 0, 5.002],
			"to": [6, 6, 10.998],
			"faces": {
				"north": {"uv": [5.01, 10.01, 5.99, 15.99], "texture": "#1"},
				"east": {"uv": [10.99, 10.01, 5.01, 15.99], "texture": "#1"},
				"south": {"uv": [10.01, 10.01, 10.99, 15.99], "texture": "#1"},
				"west": {"uv": [5.01, 10.01, 10.99, 15.99], "texture": "#1"},
				"up": {"uv": [5.01, 10.01, 10.99, 10.99], "rotation": 90, "texture": "#1"},
				"down": {"uv": [5.01, 15.01, 10.99, 15.99], "rotation": 270, "texture": "#1", "cullface": "down"}
			}
		},
		{
			"from": [6, 1, 6],
			"to": [10, 1, 10],
			"faces": {
				"north": {"uv": [0, 0, 0, 0], "texture": "#1"},
				"east": {"uv": [0, 0, 0, 0], "texture": "#1"},
				"south": {"uv": [0, 0, 0, 0], "texture": "#1"},
				"west": {"uv": [0, 0, 0, 0], "texture": "#1"},
				"up": {"uv": [0, 0, 0, 0], "texture": "#1"},
				"down": {"uv": [6, 12, 10, 16], "texture": "#1", "cullface": "down"}
			}
		},
		{
			"from": [6, 5, 6],
			"to": [10, 5, 10],
			"faces": {
				"north": {"uv": [0, 0, 0, 0], "texture": "#1"},
				"east": {"uv": [0, 0, 0, 0], "texture": "#1"},
				"south": {"uv": [0, 0, 0, 0], "texture": "#1"},
				"west": {"uv": [0, 0, 0, 0], "texture": "#1"},
				"up": {"uv": [6, 6.5, 10, 10.5], "texture": "#2"},
				"down": {"uv": [6, 6.5, 10, 10.5], "texture": "#2"}
			}
		},
		{
			"from": [7.5, 5, 7.5],
			"to": [8, 10, 8],
			"faces": {
				"north": {"uv": [7.5, 13, 8, 16], "texture": "#plant"},
				"east": {"uv": [7.5, 13, 8, 16], "texture": "#plant"},
				"south": {"uv": [8, 13, 8.5, 16], "texture": "#plant"},
				"west": {"uv": [8, 13, 8.5, 16], "texture": "#plant"},
				"up": {"uv": [7.5, 13, 8, 13.5], "texture": "#plant"},
				"down": {"uv": [7.5, 13, 8, 13.5], "texture": "#plant"}
			}
		},
		{
			"from": [7.5, 5, 8],
			"to": [8, 10, 8.5],
			"faces": {
				"north": {"uv": [7.5, 13, 8, 16], "texture": "#plant"},
				"east": {"uv": [7.5, 13, 8, 16], "texture": "#plant"},
				"south": {"uv": [8, 13, 8.5, 16], "texture": "#plant"},
				"west": {"uv": [7.5, 13, 8, 16], "texture": "#plant"},
				"up": {"uv": [7.5, 13, 8, 13.5], "texture": "#plant"},
				"down": {"uv": [7.5, 13, 8, 13.5], "texture": "#plant"}
			}
		},
		{
			"from": [8, 5, 7.5],
			"to": [8.5, 10, 8],
			"faces": {
				"north": {"uv": [8, 13, 8.5, 16], "texture": "#plant"},
				"east": {"uv": [7.5, 13, 8, 16], "texture": "#plant"},
				"south": {"uv": [7.5, 13, 8, 16], "texture": "#plant"},
				"west": {"uv": [7.5, 13, 8, 16], "texture": "#plant"},
				"up": {"uv": [7.5, 13, 8, 13.5], "texture": "#plant"},
				"down": {"uv": [7.5, 13, 8, 13.5], "texture": "#plant"}
			}
		},
		{
			"from": [8, 5, 8],
			"to": [8.5, 10, 8.5],
			"faces": {
				"north": {"uv": [8, 13, 8.5, 16], "texture": "#plant"},
				"east": {"uv": [8, 13, 8.5, 16], "texture": "#plant"},
				"south": {"uv": [7.5, 13, 8, 16], "texture": "#plant"},
				"west": {"uv": [7.5, 13, 8, 16], "texture": "#plant"},
				"up": {"uv": [7.5, 13, 8, 13.5], "texture": "#plant"},
				"down": {"uv": [7.5, 13, 8, 13.5], "texture": "#plant"}
			}
		},
		{
			"from": [6, 10, 6],
			"to": [10, 10.5, 10],
			"faces": {
				"north": {"uv": [6, 10, 10, 10.5], "texture": "#plant"},
				"east": {"uv": [6, 12.5, 10, 13], "texture": "#plant"},
				"south": {"uv": [6.5, 11.5, 10.5, 12], "texture": "#plant"},
				"west": {"uv": [6, 9.5, 10, 10], "texture": "#plant"},
				"up": {"uv": [6.5, 9, 10.5, 13], "texture": "#plant"},
				"down": {"uv": [6.5, 9, 10.5, 13], "texture": "#plant"}
			}
		},
		{
			"from": [6, 7.5, 5.5],
			"to": [10, 10, 6],
			"faces": {
				"north": {"uv": [6, 10.5, 10, 13], "texture": "#plant"},
				"east": {"uv": [9, 9.5, 9.5, 12], "texture": "#plant"},
				"south": {"uv": [6, 10, 10, 12.5], "texture": "#plant"},
				"west": {"uv": [6, 10, 6.5, 12.5], "texture": "#plant"},
				"up": {"uv": [6, 10, 10, 10.5], "texture": "#plant"},
				"down": {"uv": [6, 11.5, 10, 12], "texture": "#plant"}
			}
		},
		{
			"from": [6, 7.5, 10],
			"to": [10, 10, 10.5],
			"faces": {
				"north": {"uv": [6, 10.5, 10, 13], "texture": "#plant"},
				"east": {"uv": [9, 9.5, 9.5, 12], "texture": "#plant"},
				"south": {"uv": [6, 10, 10, 12.5], "texture": "#plant"},
				"west": {"uv": [6, 10, 6.5, 12.5], "texture": "#plant"},
				"up": {"uv": [6, 10, 10, 10.5], "texture": "#plant"},
				"down": {"uv": [6, 11.5, 10, 12], "texture": "#plant"}
			}
		},
		{
			"from": [10, 7.5, 6],
			"to": [10.5, 10, 10],
			"faces": {
				"north": {"uv": [9, 9.5, 9.5, 12], "texture": "#plant"},
				"east": {"uv": [6, 10, 10, 12.5], "texture": "#plant"},
				"south": {"uv": [6, 10, 6.5, 12.5], "texture": "#plant"},
				"west": {"uv": [6, 10.5, 10, 13], "texture": "#plant"},
				"up": {"uv": [6, 10, 10, 10.5], "rotation": 270, "texture": "#plant"},
				"down": {"uv": [6, 11.5, 10, 12], "rotation": 90, "texture": "#plant"}
			}
		},
		{
			"from": [5.5, 7.5, 6],
			"to": [6, 10, 10],
			"faces": {
				"north": {"uv": [9, 9.5, 9.5, 12], "texture": "#plant"},
				"east": {"uv": [6, 10, 10, 12.5], "texture": "#plant"},
				"south": {"uv": [6, 10, 6.5, 12.5], "texture": "#plant"},
				"west": {"uv": [6, 10.5, 10, 13], "texture": "#plant"},
				"up": {"uv": [6, 10, 10, 10.5], "rotation": 270, "texture": "#plant"},
				"down": {"uv": [6, 11.5, 10, 12], "rotation": 90, "texture": "#plant"}
			}
		}
	]
}