{
	"credit": "by ZiYun",
	"parent": "minecraft:block/flower_pot_cross",
	"textures": {
		"1": "block/flower_pot",
		"2": "block/dirt",
		"plant": "block/azure_bluet",
		"particle": "block/flower_pot"
	},
	"elements": [
		{
			"from": [6, 0, 5.002],
			"to": [9.9998, 6, 6],
			"faces": {
				"north": {"uv": [6.01, 10.01, 9.99, 15.99], "texture": "#1"},
				"east": {"uv": [0, 0, 0, 0], "texture": "#1"},
				"south": {"uv": [9.99, 10.01, 6.01, 15.99], "texture": "#1"},
				"west": {"uv": [0, 0, 0, 0], "texture": "#1"},
				"up": {"uv": [6.01, 10.01, 9.99, 10.99], "rotation": 180, "texture": "#1"},
				"down": {"uv": [6.01, 15.01, 9.99, 15.99], "rotation": 180, "texture": "#1", "cullface": "down"}
			}
		},
		{
			"from": [5.002, 0, 5.002],
			"to": [6, 6, 10.998],
			"faces": {
				"north": {"uv": [5.01, 10.01, 5.99, 15.99], "texture": "#1"},
				"east": {"uv": [10.99, 10.01, 5.01, 15.99], "texture": "#1"},
				"south": {"uv": [10.01, 10.01, 10.99, 15.99], "texture": "#1"},
				"west": {"uv": [5.01, 10.01, 10.99, 15.99], "texture": "#1"},
				"up": {"uv": [5.01, 10.01, 10.99, 10.99], "rotation": 90, "texture": "#1"},
				"down": {"uv": [5.01, 15.01, 10.99, 15.99], "rotation": 270, "texture": "#1", "cullface": "down"}
			}
		},
		{
			"from": [6, 5, 6],
			"to": [10, 5, 10],
			"faces": {
				"north": {"uv": [0, 0, 0, 0], "texture": "#2"},
				"east": {"uv": [0, 0, 0, 0], "texture": "#2"},
				"south": {"uv": [0, 0, 0, 0], "texture": "#2"},
				"west": {"uv": [0, 0, 0, 0], "texture": "#2"},
				"up": {"uv": [6, 6.5, 10, 10.5], "texture": "#2"},
				"down": {"uv": [6, 6.5, 10, 10.5], "texture": "#2"}
			}
		},
		{
			"from": [6, 1, 6],
			"to": [10, 1, 10],
			"faces": {
				"north": {"uv": [0, 0, 0, 0], "texture": "#1"},
				"east": {"uv": [0, 0, 0, 0], "texture": "#1"},
				"south": {"uv": [0, 0, 0, 0], "texture": "#1"},
				"west": {"uv": [0, 0, 0, 0], "texture": "#1"},
				"up": {"uv": [0, 0, 0, 0], "texture": "#1"},
				"down": {"uv": [6, 12, 10, 16], "texture": "#1", "cullface": "down"}
			}
		},
		{
			"from": [10, 0, 5.002],
			"to": [10.998, 6, 10.998],
			"faces": {
				"north": {"uv": [10.01, 10.01, 10.99, 15.99], "texture": "#1"},
				"east": {"uv": [5.01, 10.01, 10.99, 15.99], "texture": "#1"},
				"south": {"uv": [5.01, 10.01, 5.99, 15.99], "texture": "#1"},
				"west": {"uv": [10.99, 10.01, 5.01, 15.99], "texture": "#1"},
				"up": {"uv": [5.01, 10.01, 10.99, 10.99], "rotation": 270, "texture": "#1"},
				"down": {"uv": [5.01, 15.01, 10.99, 15.99], "rotation": 90, "texture": "#1", "cullface": "down"}
			}
		},
		{
			"from": [6, 0, 10],
			"to": [9.9998, 6, 10.998],
			"faces": {
				"north": {"uv": [9.99, 10.01, 6.01, 15.99], "texture": "#1"},
				"east": {"uv": [0, 0, 0, 0], "texture": "#1"},
				"south": {"uv": [6.01, 10.01, 9.99, 15.99], "texture": "#1"},
				"west": {"uv": [0, 0, 0, 0], "texture": "#1"},
				"up": {"uv": [6.01, 10.01, 9.99, 10.99], "texture": "#1"},
				"down": {"uv": [6.01, 15.01, 9.99, 15.99], "texture": "#1", "cullface": "down"}
			}
		},
		{
			"from": [7.5, 5, 7.5],
			"to": [8.5, 9, 8.5],
			"faces": {
				"north": {"uv": [7, 12, 8, 16], "texture": "#plant"},
				"east": {"uv": [7, 12, 8, 16], "texture": "#plant"},
				"south": {"uv": [7, 12, 8, 16], "texture": "#plant"},
				"west": {"uv": [7, 12, 8, 16], "texture": "#plant"},
				"up": {"uv": [7, 12, 8, 13], "texture": "#plant"},
				"down": {"uv": [7, 12, 8, 13], "texture": "#plant"}
			}
		},
		{
			"from": [7.5, 9, 7.5],
			"to": [8.5, 13, 8.5],
			"faces": {
				"north": {"uv": [7, 12, 8, 16], "texture": "#plant"},
				"east": {"uv": [7, 12, 8, 16], "texture": "#plant"},
				"south": {"uv": [7, 12, 8, 16], "texture": "#plant"},
				"west": {"uv": [7, 12, 8, 16], "texture": "#plant"},
				"up": {"uv": [7, 12, 8, 13], "texture": "#plant"},
				"down": {"uv": [7, 12, 8, 13], "texture": "#plant"}
			}
		},
		{
			"from": [6.5, 6, 7.5],
			"to": [7.5, 10, 8.5],
			"faces": {
				"north": {"uv": [7, 12, 8, 16], "texture": "#plant"},
				"east": {"uv": [7, 12, 8, 16], "texture": "#plant"},
				"south": {"uv": [7, 12, 8, 16], "texture": "#plant"},
				"west": {"uv": [7, 12, 8, 16], "texture": "#plant"},
				"up": {"uv": [7, 12, 8, 13], "texture": "#plant"},
				"down": {"uv": [7, 12, 8, 13], "texture": "#plant"}
			}
		},
		{
			"from": [5, 7, 6.5],
			"to": [6, 8, 7.5],
			"faces": {
				"north": {"uv": [10, 11, 10.98, 11.98], "texture": "#plant"},
				"east": {"uv": [10, 11, 10.98, 11.98], "texture": "#plant"},
				"south": {"uv": [10, 11, 10.98, 11.98], "texture": "#plant"},
				"west": {"uv": [10, 11, 10.98, 11.98], "texture": "#plant"},
				"up": {"uv": [10, 11, 10.98, 11.98], "texture": "#plant"},
				"down": {"uv": [10, 11, 10.98, 11.98], "texture": "#plant"}
			}
		},
		{
			"from": [5.5, 7, 7.5],
			"to": [6.5, 8, 8.5],
			"faces": {
				"north": {"uv": [11, 11, 11.98, 11.98], "texture": "#plant"},
				"east": {"uv": [11, 11, 11.98, 11.98], "texture": "#plant"},
				"south": {"uv": [11, 11, 11.98, 11.98], "texture": "#plant"},
				"west": {"uv": [11, 11, 11.98, 11.98], "texture": "#plant"},
				"up": {"uv": [11, 11, 11.98, 11.98], "texture": "#plant"},
				"down": {"uv": [11, 11, 11.98, 11.98], "texture": "#plant"}
			}
		},
		{
			"from": [5, 8, 7.5],
			"to": [6, 9, 8.5],
			"faces": {
				"north": {"uv": [10, 11, 10.98, 11.98], "texture": "#plant"},
				"east": {"uv": [10, 11, 10.98, 11.98], "texture": "#plant"},
				"south": {"uv": [10, 11, 10.98, 11.98], "texture": "#plant"},
				"west": {"uv": [10, 11, 10.98, 11.98], "texture": "#plant"},
				"up": {"uv": [10, 11, 10.98, 11.98], "texture": "#plant"},
				"down": {"uv": [10, 11, 10.98, 11.98], "texture": "#plant"}
			}
		},
		{
			"from": [5, 7, 8.5],
			"to": [6, 8, 9.5],
			"faces": {
				"north": {"uv": [10, 11, 10.98, 11.98], "texture": "#plant"},
				"east": {"uv": [10, 11, 10.98, 11.98], "texture": "#plant"},
				"south": {"uv": [10, 11, 10.98, 11.98], "texture": "#plant"},
				"west": {"uv": [10, 11, 10.98, 11.98], "texture": "#plant"},
				"up": {"uv": [10, 11, 10.98, 11.98], "texture": "#plant"},
				"down": {"uv": [10, 11, 10.98, 11.98], "texture": "#plant"}
			}
		},
		{
			"from": [5, 6, 7.5],
			"to": [6, 7, 8.5],
			"faces": {
				"north": {"uv": [10, 11, 10.98, 11.98], "texture": "#plant"},
				"east": {"uv": [10, 11, 10.98, 11.98], "texture": "#plant"},
				"south": {"uv": [10, 11, 10.98, 11.98], "texture": "#plant"},
				"west": {"uv": [10, 11, 10.98, 11.98], "texture": "#plant"},
				"up": {"uv": [10, 11, 10.98, 11.98], "texture": "#plant"},
				"down": {"uv": [10, 11, 10.98, 11.98], "texture": "#plant"}
			}
		},
		{
			"from": [7.5, 8, 10.5],
			"to": [8.5, 9, 11.5],
			"faces": {
				"north": {"uv": [9, 13, 10, 14], "texture": "#plant"},
				"east": {"uv": [9, 13, 10, 14], "texture": "#plant"},
				"south": {"uv": [9, 13, 10, 14], "texture": "#plant"},
				"west": {"uv": [9, 13, 10, 14], "texture": "#plant"},
				"up": {"uv": [9, 13, 10, 14], "rotation": 270, "texture": "#plant"},
				"down": {"uv": [9, 13, 10, 14], "rotation": 90, "texture": "#plant"}
			}
		},
		{
			"from": [7, 7, 9.5],
			"to": [8, 8, 10.5],
			"faces": {
				"north": {"uv": [9, 13, 10, 14], "texture": "#plant"},
				"east": {"uv": [9, 13, 10, 14], "texture": "#plant"},
				"south": {"uv": [9, 13, 10, 14], "texture": "#plant"},
				"west": {"uv": [9, 13, 10, 14], "texture": "#plant"},
				"up": {"uv": [9, 13, 10, 14], "rotation": 270, "texture": "#plant"},
				"down": {"uv": [9, 13, 10, 14], "rotation": 90, "texture": "#plant"}
			}
		},
		{
			"from": [7.5, 6, 8.5],
			"to": [8.5, 10, 9.5],
			"faces": {
				"north": {"uv": [7, 12, 8, 16], "texture": "#plant"},
				"east": {"uv": [7, 12, 8, 16], "texture": "#plant"},
				"south": {"uv": [7, 12, 8, 16], "texture": "#plant"},
				"west": {"uv": [7, 12, 8, 16], "texture": "#plant"},
				"up": {"uv": [7, 12, 8, 13], "rotation": 270, "texture": "#plant"},
				"down": {"uv": [7, 12, 8, 13], "rotation": 90, "texture": "#plant"}
			}
		},
		{
			"from": [7.5, 9, 11.5],
			"to": [8.5, 10, 12.5],
			"faces": {
				"north": {"uv": [11, 11, 11.98, 11.98], "texture": "#plant"},
				"east": {"uv": [11, 11, 11.98, 11.98], "texture": "#plant"},
				"south": {"uv": [11, 11, 11.98, 11.98], "texture": "#plant"},
				"west": {"uv": [11, 11, 11.98, 11.98], "texture": "#plant"},
				"up": {"uv": [11, 11, 11.98, 11.98], "rotation": 270, "texture": "#plant"},
				"down": {"uv": [11, 11, 11.98, 11.98], "rotation": 90, "texture": "#plant"}
			}
		},
		{
			"from": [6.5, 9, 12],
			"to": [7.5, 10, 13],
			"faces": {
				"north": {"uv": [10, 11, 10.98, 11.98], "texture": "#plant"},
				"east": {"uv": [10, 11, 10.98, 11.98], "texture": "#plant"},
				"south": {"uv": [10, 11, 10.98, 11.98], "texture": "#plant"},
				"west": {"uv": [10, 11, 10.98, 11.98], "texture": "#plant"},
				"up": {"uv": [10, 11, 10.98, 11.98], "rotation": 270, "texture": "#plant"},
				"down": {"uv": [10, 11, 10.98, 11.98], "rotation": 90, "texture": "#plant"}
			}
		},
		{
			"from": [7.5, 10, 12],
			"to": [8.5, 11, 13],
			"faces": {
				"north": {"uv": [10, 11, 10.98, 11.98], "texture": "#plant"},
				"east": {"uv": [10, 11, 10.98, 11.98], "texture": "#plant"},
				"south": {"uv": [10, 11, 10.98, 11.98], "texture": "#plant"},
				"west": {"uv": [10, 11, 10.98, 11.98], "texture": "#plant"},
				"up": {"uv": [10, 11, 10.98, 11.98], "rotation": 270, "texture": "#plant"},
				"down": {"uv": [10, 11, 10.98, 11.98], "rotation": 90, "texture": "#plant"}
			}
		},
		{
			"from": [7.5, 8, 12],
			"to": [8.5, 9, 13],
			"faces": {
				"north": {"uv": [10, 11, 10.98, 11.98], "texture": "#plant"},
				"east": {"uv": [10, 11, 10.98, 11.98], "texture": "#plant"},
				"south": {"uv": [10, 11, 10.98, 11.98], "texture": "#plant"},
				"west": {"uv": [10, 11, 10.98, 11.98], "texture": "#plant"},
				"up": {"uv": [10, 11, 10.98, 11.98], "rotation": 270, "texture": "#plant"},
				"down": {"uv": [10, 11, 10.98, 11.98], "rotation": 90, "texture": "#plant"}
			}
		},
		{
			"from": [8.5, 9, 12],
			"to": [9.5, 10, 13],
			"faces": {
				"north": {"uv": [10, 11, 10.98, 11.98], "texture": "#plant"},
				"east": {"uv": [10, 11, 10.98, 11.98], "texture": "#plant"},
				"south": {"uv": [10, 11, 10.98, 11.98], "texture": "#plant"},
				"west": {"uv": [10, 11, 10.98, 11.98], "texture": "#plant"},
				"up": {"uv": [10, 11, 10.98, 11.98], "rotation": 270, "texture": "#plant"},
				"down": {"uv": [10, 11, 10.98, 11.98], "rotation": 90, "texture": "#plant"}
			}
		},
		{
			"from": [8.5, 7, 7.5],
			"to": [9.5, 11, 8.5],
			"faces": {
				"north": {"uv": [7, 12, 8, 16], "texture": "#plant"},
				"east": {"uv": [7, 12, 8, 16], "texture": "#plant"},
				"south": {"uv": [7, 12, 8, 16], "texture": "#plant"},
				"west": {"uv": [7, 12, 8, 16], "texture": "#plant"},
				"up": {"uv": [7, 12, 8, 13], "rotation": 180, "texture": "#plant"},
				"down": {"uv": [7, 12, 8, 13], "rotation": 180, "texture": "#plant"}
			}
		},
		{
			"from": [9.5, 7, 8],
			"to": [10.5, 8, 9],
			"faces": {
				"north": {"uv": [9, 13, 10, 14], "texture": "#plant"},
				"east": {"uv": [9, 13, 10, 14], "texture": "#plant"},
				"south": {"uv": [9, 13, 10, 14], "texture": "#plant"},
				"west": {"uv": [9, 13, 10, 14], "texture": "#plant"},
				"up": {"uv": [9, 13, 10, 14], "rotation": 180, "texture": "#plant"},
				"down": {"uv": [9, 13, 10, 14], "rotation": 180, "texture": "#plant"}
			}
		},
		{
			"from": [10.5, 8, 7.5],
			"to": [11.5, 9, 8.5],
			"faces": {
				"north": {"uv": [11, 11, 11.98, 11.98], "texture": "#plant"},
				"east": {"uv": [11, 11, 11.98, 11.98], "texture": "#plant"},
				"south": {"uv": [11, 11, 11.98, 11.98], "texture": "#plant"},
				"west": {"uv": [11, 11, 11.98, 11.98], "texture": "#plant"},
				"up": {"uv": [11, 11, 11.98, 11.98], "rotation": 180, "texture": "#plant"},
				"down": {"uv": [11, 11, 11.98, 11.98], "rotation": 180, "texture": "#plant"}
			}
		},
		{
			"from": [11, 8, 8.5],
			"to": [12, 9, 9.5],
			"faces": {
				"north": {"uv": [10, 11, 10.98, 11.98], "texture": "#plant"},
				"east": {"uv": [10, 11, 10.98, 11.98], "texture": "#plant"},
				"south": {"uv": [10, 11, 10.98, 11.98], "texture": "#plant"},
				"west": {"uv": [10, 11, 10.98, 11.98], "texture": "#plant"},
				"up": {"uv": [10, 11, 10.98, 11.98], "rotation": 180, "texture": "#plant"},
				"down": {"uv": [10, 11, 10.98, 11.98], "rotation": 180, "texture": "#plant"}
			}
		},
		{
			"from": [11, 9, 7.5],
			"to": [12, 10, 8.5],
			"faces": {
				"north": {"uv": [10, 11, 10.98, 11.98], "texture": "#plant"},
				"east": {"uv": [10, 11, 10.98, 11.98], "texture": "#plant"},
				"south": {"uv": [10, 11, 10.98, 11.98], "texture": "#plant"},
				"west": {"uv": [10, 11, 10.98, 11.98], "texture": "#plant"},
				"up": {"uv": [10, 11, 10.98, 11.98], "rotation": 180, "texture": "#plant"},
				"down": {"uv": [10, 11, 10.98, 11.98], "rotation": 180, "texture": "#plant"}
			}
		},
		{
			"from": [11, 7, 7.5],
			"to": [12, 8, 8.5],
			"faces": {
				"north": {"uv": [10, 11, 10.98, 11.98], "texture": "#plant"},
				"east": {"uv": [10, 11, 10.98, 11.98], "texture": "#plant"},
				"south": {"uv": [10, 11, 10.98, 11.98], "texture": "#plant"},
				"west": {"uv": [10, 11, 10.98, 11.98], "texture": "#plant"},
				"up": {"uv": [10, 11, 10.98, 11.98], "rotation": 180, "texture": "#plant"},
				"down": {"uv": [10, 11, 10.98, 11.98], "rotation": 180, "texture": "#plant"}
			}
		},
		{
			"from": [11, 8, 6.5],
			"to": [12, 9, 7.5],
			"faces": {
				"north": {"uv": [10, 11, 10.98, 11.98], "texture": "#plant"},
				"east": {"uv": [10, 11, 10.98, 11.98], "texture": "#plant"},
				"south": {"uv": [10, 11, 10.98, 11.98], "texture": "#plant"},
				"west": {"uv": [10, 11, 10.98, 11.98], "texture": "#plant"},
				"up": {"uv": [10, 11, 10.98, 11.98], "rotation": 180, "texture": "#plant"},
				"down": {"uv": [10, 11, 10.98, 11.98], "rotation": 180, "texture": "#plant"}
			}
		},
		{
			"from": [7.5, 6, 6.5],
			"to": [8.5, 10, 7.5],
			"faces": {
				"north": {"uv": [7, 12, 8, 16], "texture": "#plant"},
				"east": {"uv": [7, 12, 8, 16], "texture": "#plant"},
				"south": {"uv": [7, 12, 8, 16], "texture": "#plant"},
				"west": {"uv": [7, 12, 8, 16], "texture": "#plant"},
				"up": {"uv": [7, 12, 8, 13], "rotation": 90, "texture": "#plant"},
				"down": {"uv": [7, 12, 8, 13], "rotation": 270, "texture": "#plant"}
			}
		},
		{
			"from": [7.5, 7, 5.5],
			"to": [8.5, 8, 6.5],
			"faces": {
				"north": {"uv": [9, 13, 10, 14], "texture": "#plant"},
				"east": {"uv": [9, 13, 10, 14], "texture": "#plant"},
				"south": {"uv": [9, 13, 10, 14], "texture": "#plant"},
				"west": {"uv": [9, 13, 10, 14], "texture": "#plant"},
				"up": {"uv": [9, 13, 10, 14], "rotation": 90, "texture": "#plant"},
				"down": {"uv": [9, 13, 10, 14], "rotation": 270, "texture": "#plant"}
			}
		},
		{
			"from": [7, 7.5, 4.5],
			"to": [8, 8.5, 5.5],
			"faces": {
				"north": {"uv": [9, 13, 10, 14], "texture": "#plant"},
				"east": {"uv": [9, 13, 10, 14], "texture": "#plant"},
				"south": {"uv": [9, 13, 10, 14], "texture": "#plant"},
				"west": {"uv": [9, 13, 10, 14], "texture": "#plant"},
				"up": {"uv": [9, 13, 10, 14], "rotation": 90, "texture": "#plant"},
				"down": {"uv": [9, 13, 10, 14], "rotation": 270, "texture": "#plant"}
			}
		},
		{
			"from": [7.5, 8, 3.5],
			"to": [8.5, 9, 4.5],
			"faces": {
				"north": {"uv": [11, 11, 11.98, 11.98], "texture": "#plant"},
				"east": {"uv": [11, 11, 11.98, 11.98], "texture": "#plant"},
				"south": {"uv": [11, 11, 11.98, 11.98], "texture": "#plant"},
				"west": {"uv": [11, 11, 11.98, 11.98], "texture": "#plant"},
				"up": {"uv": [11, 11, 11.98, 11.98], "rotation": 90, "texture": "#plant"},
				"down": {"uv": [11, 11, 11.98, 11.98], "rotation": 270, "texture": "#plant"}
			}
		},
		{
			"from": [8.5, 8, 3],
			"to": [9.5, 9, 4],
			"faces": {
				"north": {"uv": [10, 11, 10.98, 11.98], "texture": "#plant"},
				"east": {"uv": [10, 11, 10.98, 11.98], "texture": "#plant"},
				"south": {"uv": [10, 11, 10.98, 11.98], "texture": "#plant"},
				"west": {"uv": [10, 11, 10.98, 11.98], "texture": "#plant"},
				"up": {"uv": [10, 11, 10.98, 11.98], "rotation": 90, "texture": "#plant"},
				"down": {"uv": [10, 11, 10.98, 11.98], "rotation": 270, "texture": "#plant"}
			}
		},
		{
			"from": [7.5, 9, 3],
			"to": [8.5, 10, 4],
			"faces": {
				"north": {"uv": [10, 11, 10.98, 11.98], "texture": "#plant"},
				"east": {"uv": [10, 11, 10.98, 11.98], "texture": "#plant"},
				"south": {"uv": [10, 11, 10.98, 11.98], "texture": "#plant"},
				"west": {"uv": [10, 11, 10.98, 11.98], "texture": "#plant"},
				"up": {"uv": [10, 11, 10.98, 11.98], "rotation": 90, "texture": "#plant"},
				"down": {"uv": [10, 11, 10.98, 11.98], "rotation": 270, "texture": "#plant"}
			}
		},
		{
			"from": [7.5, 7, 3],
			"to": [8.5, 8, 4],
			"faces": {
				"north": {"uv": [10, 11, 10.98, 11.98], "texture": "#plant"},
				"east": {"uv": [10, 11, 10.98, 11.98], "texture": "#plant"},
				"south": {"uv": [10, 11, 10.98, 11.98], "texture": "#plant"},
				"west": {"uv": [10, 11, 10.98, 11.98], "texture": "#plant"},
				"up": {"uv": [10, 11, 10.98, 11.98], "rotation": 90, "texture": "#plant"},
				"down": {"uv": [10, 11, 10.98, 11.98], "rotation": 270, "texture": "#plant"}
			}
		},
		{
			"from": [6.5, 8, 3],
			"to": [7.5, 9, 4],
			"faces": {
				"north": {"uv": [10, 11, 10.98, 11.98], "texture": "#plant"},
				"east": {"uv": [10, 11, 10.98, 11.98], "texture": "#plant"},
				"south": {"uv": [10, 11, 10.98, 11.98], "texture": "#plant"},
				"west": {"uv": [10, 11, 10.98, 11.98], "texture": "#plant"},
				"up": {"uv": [10, 11, 10.98, 11.98], "rotation": 90, "texture": "#plant"},
				"down": {"uv": [10, 11, 10.98, 11.98], "rotation": 270, "texture": "#plant"}
			}
		},
		{
			"from": [7, 10, 5.5],
			"to": [8, 11, 6.5],
			"faces": {
				"north": {"uv": [9, 10, 10, 11], "texture": "#plant"},
				"east": {"uv": [9, 10, 10, 11], "texture": "#plant"},
				"south": {"uv": [9, 10, 10, 11], "texture": "#plant"},
				"west": {"uv": [9, 10, 10, 11], "texture": "#plant"},
				"up": {"uv": [9, 10, 10, 11], "texture": "#plant"},
				"down": {"uv": [9, 9, 10, 10], "texture": "#plant"}
			}
		},
		{
			"from": [8, 10, 9.5],
			"to": [9, 12, 10.5],
			"faces": {
				"north": {"uv": [9, 9, 10, 11], "texture": "#plant"},
				"east": {"uv": [9, 9, 10, 11], "texture": "#plant"},
				"south": {"uv": [9, 9, 10, 11], "texture": "#plant"},
				"west": {"uv": [9, 9, 10, 11], "texture": "#plant"},
				"up": {"uv": [9, 10, 10, 11], "texture": "#plant"},
				"down": {"uv": [9, 9, 10, 10], "texture": "#plant"}
			}
		},
		{
			"from": [9.5, 11, 7],
			"to": [10.5, 13, 8],
			"faces": {
				"north": {"uv": [9, 9, 10, 11], "texture": "#plant"},
				"east": {"uv": [9, 9, 10, 11], "texture": "#plant"},
				"south": {"uv": [9, 9, 10, 11], "texture": "#plant"},
				"west": {"uv": [9, 9, 10, 11], "texture": "#plant"},
				"up": {"uv": [9, 10, 10, 11], "texture": "#plant"},
				"down": {"uv": [9, 9, 10, 10], "texture": "#plant"}
			}
		},
		{
			"from": [5.5, 10, 8],
			"to": [6.5, 12, 9],
			"faces": {
				"north": {"uv": [9, 9, 10, 11], "texture": "#plant"},
				"east": {"uv": [9, 9, 10, 11], "texture": "#plant"},
				"south": {"uv": [9, 9, 10, 11], "texture": "#plant"},
				"west": {"uv": [9, 9, 10, 11], "texture": "#plant"},
				"up": {"uv": [9, 10, 10, 11], "texture": "#plant"},
				"down": {"uv": [9, 9, 10, 10], "texture": "#plant"}
			}
		},
		{
			"from": [6.5, 11, 4.5],
			"to": [7.5, 12, 5.5],
			"faces": {
				"north": {"uv": [11, 11, 11.98, 11.98], "texture": "#plant"},
				"east": {"uv": [11, 11, 11.98, 11.98], "texture": "#plant"},
				"south": {"uv": [11, 11, 11.98, 11.98], "texture": "#plant"},
				"west": {"uv": [11, 11, 11.98, 11.98], "texture": "#plant"},
				"up": {"uv": [11, 11, 11.98, 11.98], "rotation": 90, "texture": "#plant"},
				"down": {"uv": [11, 11, 11.98, 11.98], "rotation": 270, "texture": "#plant"}
			}
		},
		{
			"from": [7.5, 11, 4],
			"to": [8.5, 12, 5],
			"faces": {
				"north": {"uv": [10, 11, 10.98, 11.98], "texture": "#plant"},
				"east": {"uv": [10, 11, 10.98, 11.98], "texture": "#plant"},
				"south": {"uv": [10, 11, 10.98, 11.98], "texture": "#plant"},
				"west": {"uv": [10, 11, 10.98, 11.98], "texture": "#plant"},
				"up": {"uv": [10, 11, 10.98, 11.98], "rotation": 90, "texture": "#plant"},
				"down": {"uv": [10, 11, 10.98, 11.98], "rotation": 270, "texture": "#plant"}
			}
		},
		{
			"from": [6.5, 12, 4],
			"to": [7.5, 13, 5],
			"faces": {
				"north": {"uv": [10, 11, 10.98, 11.98], "texture": "#plant"},
				"east": {"uv": [10, 11, 10.98, 11.98], "texture": "#plant"},
				"south": {"uv": [10, 11, 10.98, 11.98], "texture": "#plant"},
				"west": {"uv": [10, 11, 10.98, 11.98], "texture": "#plant"},
				"up": {"uv": [10, 11, 10.98, 11.98], "rotation": 90, "texture": "#plant"},
				"down": {"uv": [10, 11, 10.98, 11.98], "rotation": 270, "texture": "#plant"}
			}
		},
		{
			"from": [6.5, 10, 4],
			"to": [7.5, 11, 5],
			"faces": {
				"north": {"uv": [10, 11, 10.98, 11.98], "texture": "#plant"},
				"east": {"uv": [10, 11, 10.98, 11.98], "texture": "#plant"},
				"south": {"uv": [10, 11, 10.98, 11.98], "texture": "#plant"},
				"west": {"uv": [10, 11, 10.98, 11.98], "texture": "#plant"},
				"up": {"uv": [10, 11, 10.98, 11.98], "rotation": 90, "texture": "#plant"},
				"down": {"uv": [10, 11, 10.98, 11.98], "rotation": 270, "texture": "#plant"}
			}
		},
		{
			"from": [5.5, 11, 4],
			"to": [6.5, 12, 5],
			"faces": {
				"north": {"uv": [10, 11, 10.98, 11.98], "texture": "#plant"},
				"east": {"uv": [10, 11, 10.98, 11.98], "texture": "#plant"},
				"south": {"uv": [10, 11, 10.98, 11.98], "texture": "#plant"},
				"west": {"uv": [10, 11, 10.98, 11.98], "texture": "#plant"},
				"up": {"uv": [10, 11, 10.98, 11.98], "rotation": 90, "texture": "#plant"},
				"down": {"uv": [10, 11, 10.98, 11.98], "rotation": 270, "texture": "#plant"}
			}
		},
		{
			"from": [4.5, 12, 8.5],
			"to": [5.5, 13, 9.5],
			"faces": {
				"north": {"uv": [11, 11, 11.98, 11.98], "texture": "#plant"},
				"east": {"uv": [11, 11, 11.98, 11.98], "texture": "#plant"},
				"south": {"uv": [11, 11, 11.98, 11.98], "texture": "#plant"},
				"west": {"uv": [11, 11, 11.98, 11.98], "texture": "#plant"},
				"up": {"uv": [11, 11, 11.98, 11.98], "texture": "#plant"},
				"down": {"uv": [11, 11, 11.98, 11.98], "texture": "#plant"}
			}
		},
		{
			"from": [4, 12, 7.5],
			"to": [5, 13, 8.5],
			"faces": {
				"north": {"uv": [10, 11, 10.98, 11.98], "texture": "#plant"},
				"east": {"uv": [10, 11, 10.98, 11.98], "texture": "#plant"},
				"south": {"uv": [10, 11, 10.98, 11.98], "texture": "#plant"},
				"west": {"uv": [10, 11, 10.98, 11.98], "texture": "#plant"},
				"up": {"uv": [10, 11, 10.98, 11.98], "texture": "#plant"},
				"down": {"uv": [10, 11, 10.98, 11.98], "texture": "#plant"}
			}
		},
		{
			"from": [4, 13, 8.5],
			"to": [5, 14, 9.5],
			"faces": {
				"north": {"uv": [10, 11, 10.98, 11.98], "texture": "#plant"},
				"east": {"uv": [10, 11, 10.98, 11.98], "texture": "#plant"},
				"south": {"uv": [10, 11, 10.98, 11.98], "texture": "#plant"},
				"west": {"uv": [10, 11, 10.98, 11.98], "texture": "#plant"},
				"up": {"uv": [10, 11, 10.98, 11.98], "texture": "#plant"},
				"down": {"uv": [10, 11, 10.98, 11.98], "texture": "#plant"}
			}
		},
		{
			"from": [4, 11, 8.5],
			"to": [5, 12, 9.5],
			"faces": {
				"north": {"uv": [10, 11, 10.98, 11.98], "texture": "#plant"},
				"east": {"uv": [10, 11, 10.98, 11.98], "texture": "#plant"},
				"south": {"uv": [10, 11, 10.98, 11.98], "texture": "#plant"},
				"west": {"uv": [10, 11, 10.98, 11.98], "texture": "#plant"},
				"up": {"uv": [10, 11, 10.98, 11.98], "texture": "#plant"},
				"down": {"uv": [10, 11, 10.98, 11.98], "texture": "#plant"}
			}
		},
		{
			"from": [4, 12, 9.5],
			"to": [5, 13, 10.5],
			"faces": {
				"north": {"uv": [10, 11, 10.98, 11.98], "texture": "#plant"},
				"east": {"uv": [10, 11, 10.98, 11.98], "texture": "#plant"},
				"south": {"uv": [10, 11, 10.98, 11.98], "texture": "#plant"},
				"west": {"uv": [10, 11, 10.98, 11.98], "texture": "#plant"},
				"up": {"uv": [10, 11, 10.98, 11.98], "texture": "#plant"},
				"down": {"uv": [10, 11, 10.98, 11.98], "texture": "#plant"}
			}
		},
		{
			"from": [8.5, 12, 10.5],
			"to": [9.5, 13, 11.5],
			"faces": {
				"north": {"uv": [11, 11, 11.98, 11.98], "texture": "#plant"},
				"east": {"uv": [11, 11, 11.98, 11.98], "texture": "#plant"},
				"south": {"uv": [11, 11, 11.98, 11.98], "texture": "#plant"},
				"west": {"uv": [11, 11, 11.98, 11.98], "texture": "#plant"},
				"up": {"uv": [11, 11, 11.98, 11.98], "rotation": 270, "texture": "#plant"},
				"down": {"uv": [11, 11, 11.98, 11.98], "rotation": 90, "texture": "#plant"}
			}
		},
		{
			"from": [7.5, 12, 11],
			"to": [8.5, 13, 12],
			"faces": {
				"north": {"uv": [10, 11, 10.98, 11.98], "texture": "#plant"},
				"east": {"uv": [10, 11, 10.98, 11.98], "texture": "#plant"},
				"south": {"uv": [10, 11, 10.98, 11.98], "texture": "#plant"},
				"west": {"uv": [10, 11, 10.98, 11.98], "texture": "#plant"},
				"up": {"uv": [10, 11, 10.98, 11.98], "rotation": 270, "texture": "#plant"},
				"down": {"uv": [10, 11, 10.98, 11.98], "rotation": 90, "texture": "#plant"}
			}
		},
		{
			"from": [8.5, 13, 11],
			"to": [9.5, 14, 12],
			"faces": {
				"north": {"uv": [10, 11, 10.98, 11.98], "texture": "#plant"},
				"east": {"uv": [10, 11, 10.98, 11.98], "texture": "#plant"},
				"south": {"uv": [10, 11, 10.98, 11.98], "texture": "#plant"},
				"west": {"uv": [10, 11, 10.98, 11.98], "texture": "#plant"},
				"up": {"uv": [10, 11, 10.98, 11.98], "rotation": 270, "texture": "#plant"},
				"down": {"uv": [10, 11, 10.98, 11.98], "rotation": 90, "texture": "#plant"}
			}
		},
		{
			"from": [8.5, 11, 11],
			"to": [9.5, 12, 12],
			"faces": {
				"north": {"uv": [10, 11, 10.98, 11.98], "texture": "#plant"},
				"east": {"uv": [10, 11, 10.98, 11.98], "texture": "#plant"},
				"south": {"uv": [10, 11, 10.98, 11.98], "texture": "#plant"},
				"west": {"uv": [10, 11, 10.98, 11.98], "texture": "#plant"},
				"up": {"uv": [10, 11, 10.98, 11.98], "rotation": 270, "texture": "#plant"},
				"down": {"uv": [10, 11, 10.98, 11.98], "rotation": 90, "texture": "#plant"}
			}
		},
		{
			"from": [9.5, 12, 11],
			"to": [10.5, 13, 12],
			"faces": {
				"north": {"uv": [10, 11, 10.98, 11.98], "texture": "#plant"},
				"east": {"uv": [10, 11, 10.98, 11.98], "texture": "#plant"},
				"south": {"uv": [10, 11, 10.98, 11.98], "texture": "#plant"},
				"west": {"uv": [10, 11, 10.98, 11.98], "texture": "#plant"},
				"up": {"uv": [10, 11, 10.98, 11.98], "rotation": 270, "texture": "#plant"},
				"down": {"uv": [10, 11, 10.98, 11.98], "rotation": 90, "texture": "#plant"}
			}
		},
		{
			"from": [10.5, 13, 6.5],
			"to": [11.5, 14, 7.5],
			"faces": {
				"north": {"uv": [11, 11, 11.98, 11.98], "texture": "#plant"},
				"east": {"uv": [11, 11, 11.98, 11.98], "texture": "#plant"},
				"south": {"uv": [11, 11, 11.98, 11.98], "texture": "#plant"},
				"west": {"uv": [11, 11, 11.98, 11.98], "texture": "#plant"},
				"up": {"uv": [11, 11, 11.98, 11.98], "rotation": 180, "texture": "#plant"},
				"down": {"uv": [11, 11, 11.98, 11.98], "rotation": 180, "texture": "#plant"}
			}
		},
		{
			"from": [11, 13, 7.5],
			"to": [12, 14, 8.5],
			"faces": {
				"north": {"uv": [10, 11, 10.98, 11.98], "texture": "#plant"},
				"east": {"uv": [10, 11, 10.98, 11.98], "texture": "#plant"},
				"south": {"uv": [10, 11, 10.98, 11.98], "texture": "#plant"},
				"west": {"uv": [10, 11, 10.98, 11.98], "texture": "#plant"},
				"up": {"uv": [10, 11, 10.98, 11.98], "rotation": 180, "texture": "#plant"},
				"down": {"uv": [10, 11, 10.98, 11.98], "rotation": 180, "texture": "#plant"}
			}
		},
		{
			"from": [11, 14, 6.5],
			"to": [12, 15, 7.5],
			"faces": {
				"north": {"uv": [10, 11, 10.98, 11.98], "texture": "#plant"},
				"east": {"uv": [10, 11, 10.98, 11.98], "texture": "#plant"},
				"south": {"uv": [10, 11, 10.98, 11.98], "texture": "#plant"},
				"west": {"uv": [10, 11, 10.98, 11.98], "texture": "#plant"},
				"up": {"uv": [10, 11, 10.98, 11.98], "rotation": 180, "texture": "#plant"},
				"down": {"uv": [10, 11, 10.98, 11.98], "rotation": 180, "texture": "#plant"}
			}
		},
		{
			"from": [11, 12, 6.5],
			"to": [12, 13, 7.5],
			"faces": {
				"north": {"uv": [10, 11, 10.98, 11.98], "texture": "#plant"},
				"east": {"uv": [10, 11, 10.98, 11.98], "texture": "#plant"},
				"south": {"uv": [10, 11, 10.98, 11.98], "texture": "#plant"},
				"west": {"uv": [10, 11, 10.98, 11.98], "texture": "#plant"},
				"up": {"uv": [10, 11, 10.98, 11.98], "rotation": 180, "texture": "#plant"},
				"down": {"uv": [10, 11, 10.98, 11.98], "rotation": 180, "texture": "#plant"}
			}
		},
		{
			"from": [11, 13, 5.5],
			"to": [12, 14, 6.5],
			"faces": {
				"north": {"uv": [10, 11, 10.98, 11.98], "texture": "#plant"},
				"east": {"uv": [10, 11, 10.98, 11.98], "texture": "#plant"},
				"south": {"uv": [10, 11, 10.98, 11.98], "texture": "#plant"},
				"west": {"uv": [10, 11, 10.98, 11.98], "texture": "#plant"},
				"up": {"uv": [10, 11, 10.98, 11.98], "rotation": 180, "texture": "#plant"},
				"down": {"uv": [10, 11, 10.98, 11.98], "rotation": 180, "texture": "#plant"}
			}
		},
		{
			"from": [7.5, 13, 7.5],
			"to": [8.5, 14, 8.5],
			"faces": {
				"north": {"uv": [11, 11, 11.98, 11.98], "rotation": 90, "texture": "#plant"},
				"east": {"uv": [11, 11, 11.98, 11.98], "rotation": 90, "texture": "#plant"},
				"south": {"uv": [11, 11, 11.98, 11.98], "rotation": 270, "texture": "#plant"},
				"west": {"uv": [11, 11, 11.98, 11.98], "rotation": 90, "texture": "#plant"},
				"up": {"uv": [11, 11, 11.98, 11.98], "rotation": 270, "texture": "#plant"},
				"down": {"uv": [11, 11, 11.98, 11.98], "rotation": 270, "texture": "#plant"}
			}
		},
		{
			"from": [7.5, 13.5, 8.5],
			"to": [8.5, 14.5, 9.5],
			"faces": {
				"north": {"uv": [10, 11, 10.98, 11.98], "rotation": 90, "texture": "#plant"},
				"east": {"uv": [10, 11, 10.98, 11.98], "rotation": 90, "texture": "#plant"},
				"south": {"uv": [10, 11, 10.98, 11.98], "rotation": 270, "texture": "#plant"},
				"west": {"uv": [10, 11, 10.98, 11.98], "rotation": 90, "texture": "#plant"},
				"up": {"uv": [10, 11, 10.98, 11.98], "rotation": 270, "texture": "#plant"},
				"down": {"uv": [10, 11, 10.98, 11.98], "rotation": 270, "texture": "#plant"}
			}
		},
		{
			"from": [6.5, 13.5, 7.5],
			"to": [7.5, 14.5, 8.5],
			"faces": {
				"north": {"uv": [10, 11, 10.98, 11.98], "rotation": 90, "texture": "#plant"},
				"east": {"uv": [10, 11, 10.98, 11.98], "rotation": 90, "texture": "#plant"},
				"south": {"uv": [10, 11, 10.98, 11.98], "rotation": 270, "texture": "#plant"},
				"west": {"uv": [10, 11, 10.98, 11.98], "rotation": 90, "texture": "#plant"},
				"up": {"uv": [10, 11, 10.98, 11.98], "rotation": 270, "texture": "#plant"},
				"down": {"uv": [10, 11, 10.98, 11.98], "rotation": 270, "texture": "#plant"}
			}
		},
		{
			"from": [8.5, 13.5, 7.5],
			"to": [9.5, 14.5, 8.5],
			"faces": {
				"north": {"uv": [10, 11, 10.98, 11.98], "rotation": 90, "texture": "#plant"},
				"east": {"uv": [10, 11, 10.98, 11.98], "rotation": 90, "texture": "#plant"},
				"south": {"uv": [10, 11, 10.98, 11.98], "rotation": 270, "texture": "#plant"},
				"west": {"uv": [10, 11, 10.98, 11.98], "rotation": 90, "texture": "#plant"},
				"up": {"uv": [10, 11, 10.98, 11.98], "rotation": 270, "texture": "#plant"},
				"down": {"uv": [10, 11, 10.98, 11.98], "rotation": 270, "texture": "#plant"}
			}
		},
		{
			"from": [7.5, 13.5, 6.5],
			"to": [8.5, 14.5, 7.5],
			"faces": {
				"north": {"uv": [10, 11, 10.98, 11.98], "rotation": 90, "texture": "#plant"},
				"east": {"uv": [10, 11, 10.98, 11.98], "rotation": 90, "texture": "#plant"},
				"south": {"uv": [10, 11, 10.98, 11.98], "rotation": 270, "texture": "#plant"},
				"west": {"uv": [10, 11, 10.98, 11.98], "rotation": 90, "texture": "#plant"},
				"up": {"uv": [10, 11, 10.98, 11.98], "rotation": 270, "texture": "#plant"},
				"down": {"uv": [10, 11, 10.98, 11.98], "rotation": 270, "texture": "#plant"}
			}
		}
	],
	"groups": [
		{
			"name": "group",
			"origin": [0, 0, 0],
			"color": 0,
			"children": [0, 1, 2, 3, 4, 5]
		}, 6, 7, 8, 9, 10, 11, 12, 13, 14, 15, 16, 17, 18, 19, 20, 21, 22, 23, 24, 25, 26, 27, 28, 29, 30, 31, 32, 33, 34, 35, 36, 37, 38, 39, 40, 41, 42, 43, 44, 45, 46, 47, 48, 49, 50, 51, 52, 53, 54, 55, 56, 57, 58, 59, 60, 61, 62, 63, 64, 65]
}