{
	"credit": "by ZiYun",
	"parent": "minecraft:block/flower_pot_cross",
	"textures": {
		"1": "block/dirt",
		"2": "block/flower_pot",
		"plant": "block/crimson_fungus",
		"particle": "block/dirt"
	},
	"elements": [
		{
			"from": [6, 5, 6],
			"to": [10, 5, 10],
			"faces": {
				"north": {"uv": [0, 0, 0, 0], "texture": "#1"},
				"east": {"uv": [0, 0, 0, 0], "texture": "#1"},
				"south": {"uv": [0, 0, 0, 0], "texture": "#1"},
				"west": {"uv": [0, 0, 0, 0], "texture": "#1"},
				"up": {"uv": [6, 6.5, 10, 10.5], "texture": "#1"},
				"down": {"uv": [6, 6.5, 10, 10.5], "texture": "#1"}
			}
		},
		{
			"from": [6, 1, 6],
			"to": [10, 1, 10],
			"faces": {
				"north": {"uv": [0, 0, 0, 0], "texture": "#2"},
				"east": {"uv": [0, 0, 0, 0], "texture": "#2"},
				"south": {"uv": [0, 0, 0, 0], "texture": "#2"},
				"west": {"uv": [0, 0, 0, 0], "texture": "#2"},
				"up": {"uv": [0, 0, 0, 0], "texture": "#2"},
				"down": {"uv": [6, 12, 10, 16], "texture": "#2", "cullface": "down"}
			}
		},
		{
			"from": [5.002, 0, 5.002],
			"to": [6, 6, 10.998],
			"faces": {
				"north": {"uv": [5.01, 10.01, 5.99, 15.99], "texture": "#2"},
				"east": {"uv": [10.99, 10.01, 5.01, 15.99], "texture": "#2"},
				"south": {"uv": [10.01, 10.01, 10.99, 15.99], "texture": "#2"},
				"west": {"uv": [5.01, 10.01, 10.99, 15.99], "texture": "#2"},
				"up": {"uv": [5.01, 10.01, 10.99, 10.99], "rotation": 90, "texture": "#2"},
				"down": {"uv": [5.01, 15.01, 10.99, 15.99], "rotation": 270, "texture": "#2", "cullface": "down"}
			}
		},
		{
			"from": [6, 0, 10],
			"to": [9.9998, 6, 10.998],
			"faces": {
				"north": {"uv": [9.99, 10.01, 6.01, 15.99], "texture": "#2"},
				"east": {"uv": [0, 0, 0, 0], "texture": "#2"},
				"south": {"uv": [6.01, 10.01, 9.99, 15.99], "texture": "#2"},
				"west": {"uv": [0, 0, 0, 0], "texture": "#2"},
				"up": {"uv": [6.01, 10.01, 9.99, 10.99], "texture": "#2"},
				"down": {"uv": [6.01, 15.01, 9.99, 15.99], "texture": "#2", "cullface": "down"}
			}
		},
		{
			"from": [10, 0, 5.002],
			"to": [10.998, 6, 10.998],
			"faces": {
				"north": {"uv": [10.01, 10.01, 10.99, 15.99], "texture": "#2"},
				"east": {"uv": [5.01, 10.01, 10.99, 15.99], "texture": "#2"},
				"south": {"uv": [5.01, 10.01, 5.99, 15.99], "texture": "#2"},
				"west": {"uv": [10.99, 10.01, 5.01, 15.99], "texture": "#2"},
				"up": {"uv": [5.01, 10.01, 10.99, 10.99], "rotation": 270, "texture": "#2"},
				"down": {"uv": [5.01, 15.01, 10.99, 15.99], "rotation": 90, "texture": "#2", "cullface": "down"}
			}
		},
		{
			"from": [6, 0, 5.002],
			"to": [9.9998, 6, 6],
			"faces": {
				"north": {"uv": [6.01, 10.01, 9.99, 15.99], "texture": "#2"},
				"east": {"uv": [0, 0, 0, 0], "texture": "#2"},
				"south": {"uv": [9.99, 10.01, 6.01, 15.99], "texture": "#2"},
				"west": {"uv": [0, 0, 0, 0], "texture": "#2"},
				"up": {"uv": [6.01, 10.01, 9.99, 10.99], "rotation": 180, "texture": "#2"},
				"down": {"uv": [6.01, 15.01, 9.99, 15.99], "rotation": 180, "texture": "#2", "cullface": "down"}
			}
		},
		{
			"from": [7, 5, 7],
			"to": [9, 10, 9],
			"faces": {
				"north": {"uv": [7.5, 13.5, 8.5, 16], "texture": "#plant"},
				"east": {"uv": [7.5, 13.5, 8.5, 16], "texture": "#plant"},
				"south": {"uv": [7.5, 13.5, 8.5, 16], "texture": "#plant"},
				"west": {"uv": [7.5, 13.5, 8.5, 16], "texture": "#plant"},
				"up": {"uv": [0, 0, 0, 0], "texture": "#plant"},
				"down": {"uv": [7.5, 15, 8.5, 16], "texture": "#plant", "cullface": "down"}
			}
		},
		{
			"from": [4, 10, 4],
			"to": [12, 14, 12],
			"faces": {
				"north": {"uv": [5, 6, 11, 9], "texture": "#plant"},
				"east": {"uv": [5, 6, 11, 9], "texture": "#plant"},
				"south": {"uv": [5, 6, 11, 9], "texture": "#plant"},
				"west": {"uv": [5, 6, 11, 9], "texture": "#plant"},
				"up": {"uv": [6, 9.5, 10, 13.5], "texture": "#plant"},
				"down": {"uv": [6, 9.5, 10, 13.5], "texture": "#plant"}
			}
		},
		{
			"from": [5, 14, 5],
			"to": [11, 17, 11],
			"faces": {
				"north": {"uv": [5, 6, 11, 9], "texture": "#plant"},
				"east": {"uv": [5, 6, 11, 9], "texture": "#plant"},
				"south": {"uv": [5, 6, 11, 9], "texture": "#plant"},
				"west": {"uv": [5, 6, 11, 9], "texture": "#plant"},
				"up": {"uv": [6, 13.5, 10, 9.5], "texture": "#plant"},
				"down": {"uv": [0, 0, 0, 0], "texture": "#plant"}
			}
		}
	]
}