{
	"credit": "by ZiYun",
	"parent": "minecraft:block/flower_pot_cross",
	"textures": {
		"1": "block/flower_pot",
		"2": "block/dirt",
		"plant": "block/orange_tulip",
		"particle": "block/flower_pot"
	},
	"elements": [
		{
			"from": [7.5, 5, 7.5],
			"to": [8.5, 14, 8.5],
			"faces": {
				"north": {"uv": [7, 7, 8, 16], "texture": "#plant"},
				"east": {"uv": [7, 7, 8, 16], "texture": "#plant"},
				"south": {"uv": [7, 7, 8, 16], "texture": "#plant"},
				"west": {"uv": [7, 7, 8, 16], "texture": "#plant"},
				"up": {"uv": [7, 7, 8, 8], "texture": "#plant"},
				"down": {"uv": [7, 15, 8, 16], "texture": "#plant"}
			}
		},
		{
			"from": [7.5, 15, 7.5],
			"to": [8.5, 16, 8.5],
			"faces": {
				"north": {"uv": [7, 4, 8, 5], "texture": "#plant"},
				"east": {"uv": [7, 4, 8, 5], "texture": "#plant"},
				"south": {"uv": [7, 4, 8, 5], "texture": "#plant"},
				"west": {"uv": [7, 4, 8, 5], "texture": "#plant"},
				"up": {"uv": [7, 4, 8, 5], "texture": "#plant"},
				"down": {"uv": [7, 4, 8, 5], "texture": "#plant"}
			}
		},
		{
			"from": [7, 14, 7.5],
			"to": [7.5, 15, 8.5],
			"faces": {
				"north": {"uv": [7, 5, 8, 6], "texture": "#plant"},
				"east": {"uv": [7, 5, 8, 6], "texture": "#plant"},
				"south": {"uv": [7, 5, 8, 6], "texture": "#plant"},
				"west": {"uv": [7, 5, 8, 6], "texture": "#plant"},
				"up": {"uv": [7, 5, 8, 6], "texture": "#plant"},
				"down": {"uv": [7, 5, 8, 6], "texture": "#plant"}
			}
		},
		{
			"from": [8.5, 14, 7.5],
			"to": [9, 15, 8.5],
			"faces": {
				"north": {"uv": [7, 5, 8, 6], "texture": "#plant"},
				"east": {"uv": [7, 5, 8, 6], "texture": "#plant"},
				"south": {"uv": [7, 5, 8, 6], "texture": "#plant"},
				"west": {"uv": [7, 5, 8, 6], "texture": "#plant"},
				"up": {"uv": [7, 5, 8, 6], "texture": "#plant"},
				"down": {"uv": [7, 5, 8, 6], "texture": "#plant"}
			}
		},
		{
			"from": [7.5, 14, 8.5],
			"to": [8.5, 15, 9],
			"faces": {
				"north": {"uv": [7, 5, 8, 6], "texture": "#plant"},
				"east": {"uv": [7, 5, 8, 6], "texture": "#plant"},
				"south": {"uv": [7, 5, 8, 6], "texture": "#plant"},
				"west": {"uv": [7, 5, 8, 6], "texture": "#plant"},
				"up": {"uv": [7, 5, 8, 6], "texture": "#plant"},
				"down": {"uv": [7, 5, 8, 6], "texture": "#plant"}
			}
		},
		{
			"from": [7.5, 14, 7],
			"to": [8.5, 15, 7.5],
			"faces": {
				"north": {"uv": [7, 5, 8, 6], "texture": "#plant"},
				"east": {"uv": [7, 5, 8, 6], "texture": "#plant"},
				"south": {"uv": [7, 5, 8, 6], "texture": "#plant"},
				"west": {"uv": [7, 5, 8, 6], "texture": "#plant"},
				"up": {"uv": [7, 5, 8, 6], "texture": "#plant"},
				"down": {"uv": [7, 5, 8, 6], "texture": "#plant"}
			}
		},
		{
			"from": [7.5, 15, 6.5],
			"to": [8.5, 16, 7],
			"faces": {
				"north": {"uv": [8, 4, 9, 5], "texture": "#plant"},
				"east": {"uv": [8, 4, 9, 5], "texture": "#plant"},
				"south": {"uv": [8, 4, 9, 5], "texture": "#plant"},
				"west": {"uv": [8, 4, 9, 5], "texture": "#plant"},
				"up": {"uv": [8, 4, 9, 5], "texture": "#plant"},
				"down": {"uv": [8, 4, 9, 5], "texture": "#plant"}
			}
		},
		{
			"from": [6.5, 15, 6.5],
			"to": [7.5, 16, 7],
			"faces": {
				"north": {"uv": [8, 4, 9, 5], "texture": "#plant"},
				"east": {"uv": [8, 4, 9, 5], "texture": "#plant"},
				"south": {"uv": [8, 4, 9, 5], "texture": "#plant"},
				"west": {"uv": [8, 4, 9, 5], "texture": "#plant"},
				"up": {"uv": [8, 4, 9, 5], "texture": "#plant"},
				"down": {"uv": [8, 4, 9, 5], "texture": "#plant"}
			}
		},
		{
			"from": [6.5, 16, 6.5],
			"to": [7.5, 17, 7],
			"faces": {
				"north": {"uv": [7, 5, 8, 6], "texture": "#plant"},
				"east": {"uv": [7, 5, 8, 6], "texture": "#plant"},
				"south": {"uv": [7, 5, 8, 6], "texture": "#plant"},
				"west": {"uv": [7, 5, 8, 6], "texture": "#plant"},
				"up": {"uv": [7, 5, 8, 6], "texture": "#plant"},
				"down": {"uv": [7, 5, 8, 6], "texture": "#plant"}
			}
		},
		{
			"from": [6.5, 16, 7],
			"to": [7, 17, 7.5],
			"faces": {
				"north": {"uv": [7, 5, 8, 6], "texture": "#plant"},
				"east": {"uv": [7, 5, 8, 6], "texture": "#plant"},
				"south": {"uv": [7, 5, 8, 6], "texture": "#plant"},
				"west": {"uv": [7, 5, 8, 6], "texture": "#plant"},
				"up": {"uv": [7, 5, 8, 6], "texture": "#plant"},
				"down": {"uv": [7, 5, 8, 6], "texture": "#plant"}
			}
		},
		{
			"from": [6.5, 16, 8.5],
			"to": [7, 17, 9],
			"faces": {
				"north": {"uv": [7, 5, 8, 6], "texture": "#plant"},
				"east": {"uv": [7, 5, 8, 6], "texture": "#plant"},
				"south": {"uv": [7, 5, 8, 6], "texture": "#plant"},
				"west": {"uv": [7, 5, 8, 6], "texture": "#plant"},
				"up": {"uv": [7, 5, 8, 6], "texture": "#plant"},
				"down": {"uv": [7, 5, 8, 6], "texture": "#plant"}
			}
		},
		{
			"from": [9, 16, 8.5],
			"to": [9.5, 17, 9],
			"faces": {
				"north": {"uv": [7, 5, 8, 6], "texture": "#plant"},
				"east": {"uv": [7, 5, 8, 6], "texture": "#plant"},
				"south": {"uv": [7, 5, 8, 6], "texture": "#plant"},
				"west": {"uv": [7, 5, 8, 6], "texture": "#plant"},
				"up": {"uv": [7, 5, 8, 6], "texture": "#plant"},
				"down": {"uv": [7, 5, 8, 6], "texture": "#plant"}
			}
		},
		{
			"from": [9, 16, 7],
			"to": [9.5, 17, 7.5],
			"faces": {
				"north": {"uv": [7, 5, 8, 6], "texture": "#plant"},
				"east": {"uv": [7, 5, 8, 6], "texture": "#plant"},
				"south": {"uv": [7, 5, 8, 6], "texture": "#plant"},
				"west": {"uv": [7, 5, 8, 6], "texture": "#plant"},
				"up": {"uv": [7, 5, 8, 6], "texture": "#plant"},
				"down": {"uv": [7, 5, 8, 6], "texture": "#plant"}
			}
		},
		{
			"from": [8.5, 15, 6.5],
			"to": [9.5, 16, 7],
			"faces": {
				"north": {"uv": [7, 5, 8, 6], "texture": "#plant"},
				"east": {"uv": [7, 5, 8, 6], "texture": "#plant"},
				"south": {"uv": [7, 5, 8, 6], "texture": "#plant"},
				"west": {"uv": [7, 5, 8, 6], "texture": "#plant"},
				"up": {"uv": [7, 5, 8, 6], "texture": "#plant"},
				"down": {"uv": [7, 5, 8, 6], "texture": "#plant"}
			}
		},
		{
			"from": [8.5, 16, 6.5],
			"to": [9.5, 17, 7],
			"faces": {
				"north": {"uv": [7, 5, 8, 6], "texture": "#plant"},
				"east": {"uv": [7, 5, 8, 6], "texture": "#plant"},
				"south": {"uv": [7, 5, 8, 6], "texture": "#plant"},
				"west": {"uv": [7, 5, 8, 6], "texture": "#plant"},
				"up": {"uv": [7, 5, 8, 6], "texture": "#plant"},
				"down": {"uv": [7, 5, 8, 6], "texture": "#plant"}
			}
		},
		{
			"from": [8.5, 15, 9],
			"to": [9.5, 16, 9.5],
			"faces": {
				"north": {"uv": [7, 5, 8, 6], "texture": "#plant"},
				"east": {"uv": [7, 5, 8, 6], "texture": "#plant"},
				"south": {"uv": [7, 5, 8, 6], "texture": "#plant"},
				"west": {"uv": [7, 5, 8, 6], "texture": "#plant"},
				"up": {"uv": [7, 5, 8, 6], "texture": "#plant"},
				"down": {"uv": [7, 5, 8, 6], "texture": "#plant"}
			}
		},
		{
			"from": [8.5, 16, 9],
			"to": [9.5, 17, 9.5],
			"faces": {
				"north": {"uv": [7, 5, 8, 6], "texture": "#plant"},
				"east": {"uv": [7, 5, 8, 6], "texture": "#plant"},
				"south": {"uv": [7, 5, 8, 6], "texture": "#plant"},
				"west": {"uv": [7, 5, 8, 6], "texture": "#plant"},
				"up": {"uv": [7, 5, 8, 6], "texture": "#plant"},
				"down": {"uv": [7, 5, 8, 6], "texture": "#plant"}
			}
		},
		{
			"from": [7.5, 15, 9],
			"to": [8.5, 16, 9.5],
			"faces": {
				"north": {"uv": [8, 4, 9, 5], "texture": "#plant"},
				"east": {"uv": [8, 4, 9, 5], "texture": "#plant"},
				"south": {"uv": [8, 4, 9, 5], "texture": "#plant"},
				"west": {"uv": [8, 4, 9, 5], "texture": "#plant"},
				"up": {"uv": [8, 4, 9, 5], "texture": "#plant"},
				"down": {"uv": [8, 4, 9, 5], "texture": "#plant"}
			}
		},
		{
			"from": [6.5, 15, 9],
			"to": [7.5, 16, 9.5],
			"faces": {
				"north": {"uv": [8, 4, 9, 5], "texture": "#plant"},
				"east": {"uv": [8, 4, 9, 5], "texture": "#plant"},
				"south": {"uv": [8, 4, 9, 5], "texture": "#plant"},
				"west": {"uv": [8, 4, 9, 5], "texture": "#plant"},
				"up": {"uv": [8, 4, 9, 5], "texture": "#plant"},
				"down": {"uv": [8, 4, 9, 5], "texture": "#plant"}
			}
		},
		{
			"from": [6.5, 16, 9],
			"to": [7.5, 17, 9.5],
			"faces": {
				"north": {"uv": [7, 5, 8, 6], "texture": "#plant"},
				"east": {"uv": [7, 5, 8, 6], "texture": "#plant"},
				"south": {"uv": [7, 5, 8, 6], "texture": "#plant"},
				"west": {"uv": [7, 5, 8, 6], "texture": "#plant"},
				"up": {"uv": [7, 5, 8, 6], "texture": "#plant"},
				"down": {"uv": [7, 5, 8, 6], "texture": "#plant"}
			}
		},
		{
			"from": [6.5, 15, 8],
			"to": [7, 16, 9],
			"faces": {
				"north": {"uv": [7, 5, 8, 6], "texture": "#plant"},
				"east": {"uv": [7, 5, 8, 6], "texture": "#plant"},
				"south": {"uv": [7, 5, 8, 6], "texture": "#plant"},
				"west": {"uv": [7, 5, 8, 6], "texture": "#plant"},
				"up": {"uv": [7, 5, 8, 6], "texture": "#plant"},
				"down": {"uv": [7, 5, 8, 6], "texture": "#plant"}
			}
		},
		{
			"from": [6.5, 15, 7],
			"to": [7, 16, 8],
			"faces": {
				"north": {"uv": [7, 5, 8, 6], "texture": "#plant"},
				"east": {"uv": [7, 5, 8, 6], "texture": "#plant"},
				"south": {"uv": [7, 5, 8, 6], "texture": "#plant"},
				"west": {"uv": [7, 5, 8, 6], "texture": "#plant"},
				"up": {"uv": [7, 5, 8, 6], "texture": "#plant"},
				"down": {"uv": [7, 5, 8, 6], "texture": "#plant"}
			}
		},
		{
			"from": [9, 15, 7],
			"to": [9.5, 16, 8],
			"faces": {
				"north": {"uv": [7, 5, 8, 6], "texture": "#plant"},
				"east": {"uv": [7, 5, 8, 6], "texture": "#plant"},
				"south": {"uv": [7, 5, 8, 6], "texture": "#plant"},
				"west": {"uv": [7, 5, 8, 6], "texture": "#plant"},
				"up": {"uv": [7, 5, 8, 6], "texture": "#plant"},
				"down": {"uv": [7, 5, 8, 6], "texture": "#plant"}
			}
		},
		{
			"from": [9, 15, 8],
			"to": [9.5, 16, 9],
			"faces": {
				"north": {"uv": [8, 4, 9, 5], "texture": "#plant"},
				"east": {"uv": [8, 4, 9, 5], "texture": "#plant"},
				"south": {"uv": [8, 4, 9, 5], "texture": "#plant"},
				"west": {"uv": [8, 4, 9, 5], "texture": "#plant"},
				"up": {"uv": [8, 4, 9, 5], "texture": "#plant"},
				"down": {"uv": [8, 4, 9, 5], "texture": "#plant"}
			}
		},
		{
			"from": [8.5, 14.5, 7],
			"to": [9, 15, 7.5],
			"faces": {
				"north": {"uv": [7, 5, 8, 6], "texture": "#plant"},
				"east": {"uv": [7, 5, 8, 6], "texture": "#plant"},
				"south": {"uv": [7, 5, 8, 6], "texture": "#plant"},
				"west": {"uv": [7, 5, 8, 6], "texture": "#plant"},
				"up": {"uv": [7, 5, 8, 6], "texture": "#plant"},
				"down": {"uv": [7, 5, 8, 6], "texture": "#plant"}
			}
		},
		{
			"from": [7, 14.5, 7],
			"to": [7.5, 15, 7.5],
			"faces": {
				"north": {"uv": [7, 5, 8, 6], "texture": "#plant"},
				"east": {"uv": [7, 5, 8, 6], "texture": "#plant"},
				"south": {"uv": [7, 5, 8, 6], "texture": "#plant"},
				"west": {"uv": [7, 5, 8, 6], "texture": "#plant"},
				"up": {"uv": [7, 5, 8, 6], "texture": "#plant"},
				"down": {"uv": [7, 5, 8, 6], "texture": "#plant"}
			}
		},
		{
			"from": [7, 14.5, 8.5],
			"to": [7.5, 15, 9],
			"faces": {
				"north": {"uv": [7, 5, 8, 6], "texture": "#plant"},
				"east": {"uv": [7, 5, 8, 6], "texture": "#plant"},
				"south": {"uv": [7, 5, 8, 6], "texture": "#plant"},
				"west": {"uv": [7, 5, 8, 6], "texture": "#plant"},
				"up": {"uv": [7, 5, 8, 6], "texture": "#plant"},
				"down": {"uv": [7, 5, 8, 6], "texture": "#plant"}
			}
		},
		{
			"from": [8.5, 14.5, 8.5],
			"to": [9, 15, 9],
			"faces": {
				"north": {"uv": [7, 5, 8, 6], "texture": "#plant"},
				"east": {"uv": [7, 5, 8, 6], "texture": "#plant"},
				"south": {"uv": [7, 5, 8, 6], "texture": "#plant"},
				"west": {"uv": [7, 5, 8, 6], "texture": "#plant"},
				"up": {"uv": [7, 5, 8, 6], "texture": "#plant"},
				"down": {"uv": [7, 5, 8, 6], "texture": "#plant"}
			}
		},
		{
			"from": [7.5, 6, 6.5],
			"to": [8.5, 13, 7.5],
			"faces": {
				"north": {"uv": [8, 8, 9, 15], "texture": "#plant"},
				"east": {"uv": [8, 8, 9, 15], "texture": "#plant"},
				"south": {"uv": [8, 8, 9, 15], "texture": "#plant"},
				"west": {"uv": [8, 8, 9, 15], "texture": "#plant"},
				"up": {"uv": [8, 8, 9, 9], "texture": "#plant"},
				"down": {"uv": [8, 14, 9, 15], "texture": "#plant"}
			}
		},
		{
			"from": [8, 8, 5.5],
			"to": [9, 14, 6.5],
			"faces": {
				"north": {"uv": [9, 7, 10, 13], "texture": "#plant"},
				"east": {"uv": [9, 7, 10, 13], "texture": "#plant"},
				"south": {"uv": [9, 7, 10, 13], "texture": "#plant"},
				"west": {"uv": [9, 7, 10, 13], "texture": "#plant"},
				"up": {"uv": [9, 7, 10, 8], "texture": "#plant"},
				"down": {"uv": [9, 12, 10, 13], "texture": "#plant"}
			}
		},
		{
			"from": [7.5, 6.5, 8.5],
			"to": [8.5, 11.5, 9.5],
			"faces": {
				"north": {"uv": [8, 10, 9, 15], "texture": "#plant"},
				"east": {"uv": [8, 10, 9, 15], "texture": "#plant"},
				"south": {"uv": [8, 10, 9, 15], "texture": "#plant"},
				"west": {"uv": [8, 10, 9, 15], "texture": "#plant"},
				"up": {"uv": [8, 10, 9, 11], "rotation": 180, "texture": "#plant"},
				"down": {"uv": [8, 14, 9, 15], "rotation": 180, "texture": "#plant"}
			}
		},
		{
			"from": [7, 8, 9.5],
			"to": [8, 12, 10.5],
			"faces": {
				"north": {"uv": [9, 7, 10, 11], "texture": "#plant"},
				"east": {"uv": [9, 7, 10, 11], "texture": "#plant"},
				"south": {"uv": [9, 7, 10, 11], "texture": "#plant"},
				"west": {"uv": [9, 7, 10, 11], "texture": "#plant"},
				"up": {"uv": [9, 7, 10, 8], "rotation": 180, "texture": "#plant"},
				"down": {"uv": [9, 12, 10, 13], "rotation": 180, "texture": "#plant"}
			}
		},
		{
			"from": [6.5, 6, 7.5],
			"to": [7.5, 11, 8.5],
			"faces": {
				"north": {"uv": [6, 10, 7, 15], "texture": "#plant"},
				"east": {"uv": [6, 10, 7, 15], "texture": "#plant"},
				"south": {"uv": [6, 10, 7, 15], "texture": "#plant"},
				"west": {"uv": [6, 10, 7, 15], "texture": "#plant"},
				"up": {"uv": [6, 10, 7, 11], "texture": "#plant"},
				"down": {"uv": [6, 14, 7, 15], "texture": "#plant"}
			}
		},
		{
			"from": [5.5, 7, 7],
			"to": [6.5, 12, 8],
			"faces": {
				"north": {"uv": [5, 8, 6, 13], "texture": "#plant"},
				"east": {"uv": [5, 8, 6, 13], "texture": "#plant"},
				"south": {"uv": [5, 8, 6, 13], "texture": "#plant"},
				"west": {"uv": [5, 8, 6, 13], "texture": "#plant"},
				"up": {"uv": [5, 8, 6, 9], "texture": "#plant"},
				"down": {"uv": [5, 12, 6, 13], "texture": "#plant"}
			}
		},
		{
			"from": [8.5, 5.5, 7.5],
			"to": [9.5, 10.5, 8.5],
			"faces": {
				"north": {"uv": [6, 10, 7, 15], "texture": "#plant"},
				"east": {"uv": [6, 10, 7, 15], "texture": "#plant"},
				"south": {"uv": [6, 10, 7, 15], "texture": "#plant"},
				"west": {"uv": [6, 10, 7, 15], "texture": "#plant"},
				"up": {"uv": [6, 10, 7, 11], "rotation": 180, "texture": "#plant"},
				"down": {"uv": [6, 14, 7, 15], "rotation": 180, "texture": "#plant"}
			}
		},
		{
			"from": [9.5, 7, 8],
			"to": [10.5, 12, 9],
			"faces": {
				"north": {"uv": [5, 8, 6, 13], "texture": "#plant"},
				"east": {"uv": [5, 8, 6, 13], "texture": "#plant"},
				"south": {"uv": [5, 8, 6, 13], "texture": "#plant"},
				"west": {"uv": [5, 8, 6, 13], "texture": "#plant"},
				"up": {"uv": [5, 8, 6, 9], "rotation": 180, "texture": "#plant"},
				"down": {"uv": [5, 12, 6, 13], "rotation": 180, "texture": "#plant"}
			}
		},
		{
			"from": [5.002, 0, 5.002],
			"to": [6, 6, 10.998],
			"faces": {
				"north": {"uv": [5.01, 10.01, 5.99, 15.99], "texture": "#1"},
				"east": {"uv": [10.99, 10.01, 5.01, 15.99], "texture": "#1"},
				"south": {"uv": [10.01, 10.01, 10.99, 15.99], "texture": "#1"},
				"west": {"uv": [5.01, 10.01, 10.99, 15.99], "texture": "#1"},
				"up": {"uv": [5.01, 10.01, 10.99, 10.99], "rotation": 90, "texture": "#1"},
				"down": {"uv": [5.01, 15.01, 10.99, 15.99], "rotation": 270, "texture": "#1", "cullface": "down"}
			}
		},
		{
			"from": [6, 5, 6],
			"to": [10, 5, 10],
			"faces": {
				"north": {"uv": [0, 0, 0, 0], "texture": "#2"},
				"east": {"uv": [0, 0, 0, 0], "texture": "#2"},
				"south": {"uv": [0, 0, 0, 0], "texture": "#2"},
				"west": {"uv": [0, 0, 0, 0], "texture": "#2"},
				"up": {"uv": [6, 6.5, 10, 10.5], "texture": "#2"},
				"down": {"uv": [6, 6.5, 10, 10.5], "texture": "#2"}
			}
		},
		{
			"from": [6, 1, 6],
			"to": [10, 1, 10],
			"faces": {
				"north": {"uv": [0, 0, 0, 0], "texture": "#1"},
				"east": {"uv": [0, 0, 0, 0], "texture": "#1"},
				"south": {"uv": [0, 0, 0, 0], "texture": "#1"},
				"west": {"uv": [0, 0, 0, 0], "texture": "#1"},
				"up": {"uv": [0, 0, 0, 0], "texture": "#1"},
				"down": {"uv": [6, 12, 10, 16], "texture": "#1", "cullface": "down"}
			}
		},
		{
			"from": [10, 0, 5.002],
			"to": [10.998, 6, 10.998],
			"faces": {
				"north": {"uv": [10.01, 10.01, 10.99, 15.99], "texture": "#1"},
				"east": {"uv": [5.01, 10.01, 10.99, 15.99], "texture": "#1"},
				"south": {"uv": [5.01, 10.01, 5.99, 15.99], "texture": "#1"},
				"west": {"uv": [10.99, 10.01, 5.01, 15.99], "texture": "#1"},
				"up": {"uv": [5.01, 10.01, 10.99, 10.99], "rotation": 270, "texture": "#1"},
				"down": {"uv": [5.01, 15.01, 10.99, 15.99], "rotation": 90, "texture": "#1", "cullface": "down"}
			}
		},
		{
			"from": [6, 0, 10],
			"to": [9.9998, 6, 10.998],
			"faces": {
				"north": {"uv": [9.99, 10.01, 6.01, 15.99], "texture": "#1"},
				"east": {"uv": [0, 0, 0, 0], "texture": "#1"},
				"south": {"uv": [6.01, 10.01, 9.99, 15.99], "texture": "#1"},
				"west": {"uv": [0, 0, 0, 0], "texture": "#1"},
				"up": {"uv": [6.01, 10.01, 9.99, 10.99], "texture": "#1"},
				"down": {"uv": [6.01, 15.01, 9.99, 15.99], "texture": "#1", "cullface": "down"}
			}
		},
		{
			"from": [6, 0, 5.002],
			"to": [9.9998, 6, 6],
			"faces": {
				"north": {"uv": [6.01, 10.01, 9.99, 15.99], "texture": "#1"},
				"east": {"uv": [0, 0, 0, 0], "texture": "#1"},
				"south": {"uv": [9.99, 10.01, 6.01, 15.99], "texture": "#1"},
				"west": {"uv": [0, 0, 0, 0], "texture": "#1"},
				"up": {"uv": [6.01, 10.01, 9.99, 10.99], "rotation": 180, "texture": "#1"},
				"down": {"uv": [6.01, 15.01, 9.99, 15.99], "rotation": 180, "texture": "#1", "cullface": "down"}
			}
		}
	],
	"groups": [
		{
			"name": "group",
			"origin": [0, 0, 0],
			"color": 0,
			"children": [0, 1, 2, 3, 4, 5, 6, 7, 8, 9, 10, 11, 12, 13, 14, 15, 16, 17, 18, 19, 20, 21, 22, 23, 24, 25, 26, 27, 28, 29, 30, 31, 32, 33, 34, 35]
		}, 36, 37, 38, 39, 40, 41]
}