{
	"credit": "by ZiYun",
	"parent": "minecraft:block/flower_pot_cross",
	"textures": {
		"1": "block/flower_pot",
		"2": "block/dirt",
		"plant": "block/dandelion",
		"particle": "block/flower_pot"
	},
	"elements": [
		{
			"from": [5.002, 0, 5.002],
			"to": [6, 6, 10.998],
			"faces": {
				"north": {"uv": [5.01, 10.01, 5.99, 15.99], "texture": "#1"},
				"east": {"uv": [10.99, 10.01, 5.01, 15.99], "texture": "#1"},
				"south": {"uv": [10.01, 10.01, 10.99, 15.99], "texture": "#1"},
				"west": {"uv": [5.01, 10.01, 10.99, 15.99], "texture": "#1"},
				"up": {"uv": [5.01, 10.01, 10.99, 10.99], "rotation": 90, "texture": "#1"},
				"down": {"uv": [5.01, 15.01, 10.99, 15.99], "rotation": 270, "texture": "#1", "cullface": "down"}
			}
		},
		{
			"from": [6, 5, 6],
			"to": [10, 5, 10],
			"faces": {
				"north": {"uv": [0, 0, 0, 0], "texture": "#2"},
				"east": {"uv": [0, 0, 0, 0], "texture": "#2"},
				"south": {"uv": [0, 0, 0, 0], "texture": "#2"},
				"west": {"uv": [0, 0, 0, 0], "texture": "#2"},
				"up": {"uv": [6, 6.5, 10, 10.5], "texture": "#2"},
				"down": {"uv": [6, 6.5, 10, 10.5], "texture": "#2"}
			}
		},
		{
			"from": [6, 1, 6],
			"to": [10, 1, 10],
			"faces": {
				"north": {"uv": [0, 0, 0, 0], "texture": "#1"},
				"east": {"uv": [0, 0, 0, 0], "texture": "#1"},
				"south": {"uv": [0, 0, 0, 0], "texture": "#1"},
				"west": {"uv": [0, 0, 0, 0], "texture": "#1"},
				"up": {"uv": [0, 0, 0, 0], "texture": "#1"},
				"down": {"uv": [6, 12, 10, 16], "texture": "#1", "cullface": "down"}
			}
		},
		{
			"from": [10, 0, 5.002],
			"to": [10.998, 6, 10.998],
			"faces": {
				"north": {"uv": [10.01, 10.01, 10.99, 15.99], "texture": "#1"},
				"east": {"uv": [5.01, 10.01, 10.99, 15.99], "texture": "#1"},
				"south": {"uv": [5.01, 10.01, 5.99, 15.99], "texture": "#1"},
				"west": {"uv": [10.99, 10.01, 5.01, 15.99], "texture": "#1"},
				"up": {"uv": [5.01, 10.01, 10.99, 10.99], "rotation": 270, "texture": "#1"},
				"down": {"uv": [5.01, 15.01, 10.99, 15.99], "rotation": 90, "texture": "#1", "cullface": "down"}
			}
		},
		{
			"from": [6, 0, 10],
			"to": [9.9998, 6, 10.998],
			"faces": {
				"north": {"uv": [9.99, 10.01, 6.01, 15.99], "texture": "#1"},
				"east": {"uv": [0, 0, 0, 0], "texture": "#1"},
				"south": {"uv": [6.01, 10.01, 9.99, 15.99], "texture": "#1"},
				"west": {"uv": [0, 0, 0, 0], "texture": "#1"},
				"up": {"uv": [6.01, 10.01, 9.99, 10.99], "texture": "#1"},
				"down": {"uv": [6.01, 15.01, 9.99, 15.99], "texture": "#1", "cullface": "down"}
			}
		},
		{
			"from": [6, 0, 5.002],
			"to": [9.9998, 6, 6],
			"faces": {
				"north": {"uv": [6.01, 10.01, 9.99, 15.99], "texture": "#1"},
				"east": {"uv": [0, 0, 0, 0], "texture": "#1"},
				"south": {"uv": [9.99, 10.01, 6.01, 15.99], "texture": "#1"},
				"west": {"uv": [0, 0, 0, 0], "texture": "#1"},
				"up": {"uv": [6.01, 10.01, 9.99, 10.99], "rotation": 180, "texture": "#1"},
				"down": {"uv": [6.01, 15.01, 9.99, 15.99], "rotation": 180, "texture": "#1", "cullface": "down"}
			}
		},
		{
			"from": [7.5, 5, 7.5],
			"to": [8.5, 10, 8.5],
			"faces": {
				"north": {"uv": [7, 11, 8, 16], "texture": "#plant"},
				"east": {"uv": [7, 11, 8, 16], "texture": "#plant"},
				"south": {"uv": [7, 11, 8, 16], "texture": "#plant"},
				"west": {"uv": [7, 11, 8, 16], "texture": "#plant"},
				"up": {"uv": [7, 11, 8, 12], "texture": "#plant"},
				"down": {"uv": [8, 11, 9, 12], "texture": "#plant"}
			}
		},
		{
			"from": [7.5, 6, 8.5],
			"to": [8.5, 8, 9.5],
			"faces": {
				"north": {"uv": [9, 13, 10, 15], "texture": "#plant"},
				"east": {"uv": [9, 13, 10, 15], "texture": "#plant"},
				"south": {"uv": [9, 13, 10, 15], "texture": "#plant"},
				"west": {"uv": [9, 13, 10, 15], "texture": "#plant"},
				"up": {"uv": [9, 13, 10, 14], "texture": "#plant"},
				"down": {"uv": [9, 14, 10, 15], "texture": "#plant"}
			}
		},
		{
			"from": [7, 7.5, 9.5],
			"to": [8, 8.5, 10.5],
			"faces": {
				"north": {"uv": [10, 13, 11, 14], "texture": "#plant"},
				"east": {"uv": [10, 13, 11, 14], "texture": "#plant"},
				"south": {"uv": [10, 13, 11, 14], "texture": "#plant"},
				"west": {"uv": [10, 13, 11, 14], "texture": "#plant"},
				"up": {"uv": [10, 13, 11, 14], "texture": "#plant"},
				"down": {"uv": [10, 13, 11, 14], "texture": "#plant"}
			}
		},
		{
			"from": [9.5, 7, 8],
			"to": [10.5, 8, 9],
			"faces": {
				"north": {"uv": [10, 13, 11, 14], "texture": "#plant"},
				"east": {"uv": [10, 13, 11, 14], "texture": "#plant"},
				"south": {"uv": [10, 13, 11, 14], "texture": "#plant"},
				"west": {"uv": [10, 13, 11, 14], "texture": "#plant"},
				"up": {"uv": [10, 13, 11, 14], "rotation": 270, "texture": "#plant"},
				"down": {"uv": [10, 13, 11, 14], "rotation": 90, "texture": "#plant"}
			}
		},
		{
			"from": [8.5, 5.5, 7.5],
			"to": [9.5, 7.5, 8.5],
			"faces": {
				"north": {"uv": [9, 13, 10, 15], "texture": "#plant"},
				"east": {"uv": [9, 13, 10, 15], "texture": "#plant"},
				"south": {"uv": [9, 13, 10, 15], "texture": "#plant"},
				"west": {"uv": [9, 13, 10, 15], "texture": "#plant"},
				"up": {"uv": [9, 13, 10, 14], "rotation": 270, "texture": "#plant"},
				"down": {"uv": [9, 14, 10, 15], "rotation": 90, "texture": "#plant"}
			}
		},
		{
			"from": [8, 8, 5.5],
			"to": [9, 9, 6.5],
			"faces": {
				"north": {"uv": [10, 13, 11, 14], "texture": "#plant"},
				"east": {"uv": [10, 13, 11, 14], "texture": "#plant"},
				"south": {"uv": [10, 13, 11, 14], "texture": "#plant"},
				"west": {"uv": [10, 13, 11, 14], "texture": "#plant"},
				"up": {"uv": [10, 13, 11, 14], "rotation": 180, "texture": "#plant"},
				"down": {"uv": [10, 13, 11, 14], "rotation": 180, "texture": "#plant"}
			}
		},
		{
			"from": [7.5, 6.5, 6.5],
			"to": [8.5, 8.5, 7.5],
			"faces": {
				"north": {"uv": [9, 13, 10, 15], "texture": "#plant"},
				"east": {"uv": [9, 13, 10, 15], "texture": "#plant"},
				"south": {"uv": [9, 13, 10, 15], "texture": "#plant"},
				"west": {"uv": [9, 13, 10, 15], "texture": "#plant"},
				"up": {"uv": [9, 13, 10, 14], "rotation": 180, "texture": "#plant"},
				"down": {"uv": [9, 14, 10, 15], "rotation": 180, "texture": "#plant"}
			}
		},
		{
			"from": [5.5, 8.5, 7],
			"to": [6.5, 9.5, 8],
			"faces": {
				"north": {"uv": [10, 13, 11, 14], "texture": "#plant"},
				"east": {"uv": [10, 13, 11, 14], "texture": "#plant"},
				"south": {"uv": [10, 13, 11, 14], "texture": "#plant"},
				"west": {"uv": [10, 13, 11, 14], "texture": "#plant"},
				"up": {"uv": [10, 13, 11, 14], "rotation": 90, "texture": "#plant"},
				"down": {"uv": [10, 13, 11, 14], "rotation": 270, "texture": "#plant"}
			}
		},
		{
			"from": [6.5, 7, 7.5],
			"to": [7.5, 9, 8.5],
			"faces": {
				"north": {"uv": [9, 13, 10, 15], "texture": "#plant"},
				"east": {"uv": [9, 13, 10, 15], "texture": "#plant"},
				"south": {"uv": [9, 13, 10, 15], "texture": "#plant"},
				"west": {"uv": [9, 13, 10, 15], "texture": "#plant"},
				"up": {"uv": [9, 13, 10, 14], "rotation": 90, "texture": "#plant"},
				"down": {"uv": [9, 14, 10, 15], "rotation": 270, "texture": "#plant"}
			}
		},
		{
			"from": [7.5, 11, 7.5],
			"to": [8.5, 12, 8.5],
			"faces": {
				"north": {"uv": [8, 8, 9, 9], "texture": "#plant"},
				"east": {"uv": [8, 8, 9, 9], "texture": "#plant"},
				"south": {"uv": [8, 8, 9, 9], "texture": "#plant"},
				"west": {"uv": [8, 8, 9, 9], "texture": "#plant"},
				"up": {"uv": [8, 8, 9, 9], "texture": "#plant"},
				"down": {"uv": [8, 8, 9, 9], "texture": "#plant"}
			}
		},
		{
			"from": [7.5, 12, 6.5],
			"to": [8.5, 13, 7.5],
			"faces": {
				"north": {"uv": [9, 8, 10, 9], "texture": "#plant"},
				"east": {"uv": [9, 8, 10, 9], "texture": "#plant"},
				"south": {"uv": [9, 8, 10, 9], "texture": "#plant"},
				"west": {"uv": [9, 8, 10, 9], "texture": "#plant"},
				"up": {"uv": [9, 8, 10, 9], "texture": "#plant"},
				"down": {"uv": [9, 8, 10, 9], "texture": "#plant"}
			}
		},
		{
			"from": [7.5, 12, 8.5],
			"to": [8.5, 13, 9.5],
			"faces": {
				"north": {"uv": [9, 8, 10, 9], "texture": "#plant"},
				"east": {"uv": [9, 8, 10, 9], "texture": "#plant"},
				"south": {"uv": [9, 8, 10, 9], "texture": "#plant"},
				"west": {"uv": [9, 8, 10, 9], "texture": "#plant"},
				"up": {"uv": [9, 8, 10, 9], "texture": "#plant"},
				"down": {"uv": [9, 8, 10, 9], "texture": "#plant"}
			}
		},
		{
			"from": [8.5, 11, 8.5],
			"to": [9.5, 12, 9.5],
			"faces": {
				"north": {"uv": [9, 8, 10, 9], "texture": "#plant"},
				"east": {"uv": [9, 8, 10, 9], "texture": "#plant"},
				"south": {"uv": [9, 8, 10, 9], "texture": "#plant"},
				"west": {"uv": [9, 8, 10, 9], "texture": "#plant"},
				"up": {"uv": [9, 8, 10, 9], "texture": "#plant"},
				"down": {"uv": [9, 8, 10, 9], "texture": "#plant"}
			}
		},
		{
			"from": [8.5, 11, 6.5],
			"to": [9.5, 12, 7.5],
			"faces": {
				"north": {"uv": [9, 8, 10, 9], "texture": "#plant"},
				"east": {"uv": [9, 8, 10, 9], "texture": "#plant"},
				"south": {"uv": [9, 8, 10, 9], "texture": "#plant"},
				"west": {"uv": [9, 8, 10, 9], "texture": "#plant"},
				"up": {"uv": [9, 8, 10, 9], "texture": "#plant"},
				"down": {"uv": [9, 8, 10, 9], "texture": "#plant"}
			}
		},
		{
			"from": [7.5, 10, 6.5],
			"to": [8.5, 11, 7.5],
			"faces": {
				"north": {"uv": [9, 8, 10, 9], "texture": "#plant"},
				"east": {"uv": [9, 8, 10, 9], "texture": "#plant"},
				"south": {"uv": [9, 8, 10, 9], "texture": "#plant"},
				"west": {"uv": [9, 8, 10, 9], "texture": "#plant"},
				"up": {"uv": [9, 8, 10, 9], "texture": "#plant"},
				"down": {"uv": [9, 8, 10, 9], "texture": "#plant"}
			}
		},
		{
			"from": [7.5, 10, 8.5],
			"to": [8.5, 11, 9.5],
			"faces": {
				"north": {"uv": [9, 8, 10, 9], "texture": "#plant"},
				"east": {"uv": [9, 8, 10, 9], "texture": "#plant"},
				"south": {"uv": [9, 8, 10, 9], "texture": "#plant"},
				"west": {"uv": [9, 8, 10, 9], "texture": "#plant"},
				"up": {"uv": [9, 8, 10, 9], "texture": "#plant"},
				"down": {"uv": [9, 8, 10, 9], "texture": "#plant"}
			}
		},
		{
			"from": [6.5, 11, 6.5],
			"to": [7.5, 12, 7.5],
			"faces": {
				"north": {"uv": [9, 8, 10, 9], "texture": "#plant"},
				"east": {"uv": [9, 8, 10, 9], "texture": "#plant"},
				"south": {"uv": [9, 8, 10, 9], "texture": "#plant"},
				"west": {"uv": [9, 8, 10, 9], "texture": "#plant"},
				"up": {"uv": [9, 8, 10, 9], "texture": "#plant"},
				"down": {"uv": [9, 8, 10, 9], "texture": "#plant"}
			}
		},
		{
			"from": [6.5, 11, 8.5],
			"to": [7.5, 12, 9.5],
			"faces": {
				"north": {"uv": [9, 8, 10, 9], "texture": "#plant"},
				"east": {"uv": [9, 8, 10, 9], "texture": "#plant"},
				"south": {"uv": [9, 8, 10, 9], "texture": "#plant"},
				"west": {"uv": [9, 8, 10, 9], "texture": "#plant"},
				"up": {"uv": [9, 8, 10, 9], "texture": "#plant"},
				"down": {"uv": [9, 8, 10, 9], "texture": "#plant"}
			}
		},
		{
			"from": [6.5, 12, 7.5],
			"to": [7.5, 13, 8.5],
			"faces": {
				"north": {"uv": [9, 8, 10, 9], "texture": "#plant"},
				"east": {"uv": [9, 8, 10, 9], "texture": "#plant"},
				"south": {"uv": [9, 8, 10, 9], "texture": "#plant"},
				"west": {"uv": [9, 8, 10, 9], "texture": "#plant"},
				"up": {"uv": [9, 8, 10, 9], "texture": "#plant"},
				"down": {"uv": [9, 8, 10, 9], "texture": "#plant"}
			}
		},
		{
			"from": [6.5, 10, 7.5],
			"to": [7.5, 11, 8.5],
			"faces": {
				"north": {"uv": [9, 8, 10, 9], "texture": "#plant"},
				"east": {"uv": [9, 8, 10, 9], "texture": "#plant"},
				"south": {"uv": [9, 8, 10, 9], "texture": "#plant"},
				"west": {"uv": [9, 8, 10, 9], "texture": "#plant"},
				"up": {"uv": [9, 8, 10, 9], "texture": "#plant"},
				"down": {"uv": [9, 8, 10, 9], "texture": "#plant"}
			}
		},
		{
			"from": [8.5, 12, 7.5],
			"to": [9.5, 13, 8.5],
			"faces": {
				"north": {"uv": [9, 8, 10, 9], "texture": "#plant"},
				"east": {"uv": [9, 8, 10, 9], "texture": "#plant"},
				"south": {"uv": [9, 8, 10, 9], "texture": "#plant"},
				"west": {"uv": [9, 8, 10, 9], "texture": "#plant"},
				"up": {"uv": [9, 8, 10, 9], "texture": "#plant"},
				"down": {"uv": [9, 8, 10, 9], "texture": "#plant"}
			}
		},
		{
			"from": [8.5, 10, 7.5],
			"to": [9.5, 11, 8.5],
			"faces": {
				"north": {"uv": [9, 8, 10, 9], "texture": "#plant"},
				"east": {"uv": [9, 8, 10, 9], "texture": "#plant"},
				"south": {"uv": [9, 8, 10, 9], "texture": "#plant"},
				"west": {"uv": [9, 8, 10, 9], "texture": "#plant"},
				"up": {"uv": [9, 8, 10, 9], "texture": "#plant"},
				"down": {"uv": [9, 8, 10, 9], "texture": "#plant"}
			}
		}
	]
}