{
	"credit": "by ZiYun",
	"parent": "minecraft:block/flower_pot_cross",
	"textures": {
		"1": "block/flower_pot",
		"2": "block/dirt",
		"plant": "block/allium",
		"particle": "block/flower_pot"
	},
	"elements": [
		{
			"from": [6, 0, 5.002],
			"to": [9.9998, 6, 6],
			"faces": {
				"north": {"uv": [6.01, 10.01, 9.99, 15.99], "texture": "#1"},
				"east": {"uv": [0, 0, 0, 0], "texture": "#1"},
				"south": {"uv": [9.99, 10.01, 6.01, 15.99], "texture": "#1"},
				"west": {"uv": [0, 0, 0, 0], "texture": "#1"},
				"up": {"uv": [6.01, 10.01, 9.99, 10.99], "rotation": 180, "texture": "#1"},
				"down": {"uv": [6.01, 15.01, 9.99, 15.99], "rotation": 180, "texture": "#1", "cullface": "down"}
			}
		},
		{
			"from": [5.002, 0, 5.002],
			"to": [6, 6, 10.998],
			"faces": {
				"north": {"uv": [5.01, 10.01, 5.99, 15.99], "texture": "#1"},
				"east": {"uv": [10.99, 10.01, 5.01, 15.99], "texture": "#1"},
				"south": {"uv": [10.01, 10.01, 10.99, 15.99], "texture": "#1"},
				"west": {"uv": [5.01, 10.01, 10.99, 15.99], "texture": "#1"},
				"up": {"uv": [5.01, 10.01, 10.99, 10.99], "rotation": 90, "texture": "#1"},
				"down": {"uv": [5.01, 15.01, 10.99, 15.99], "rotation": 270, "texture": "#1", "cullface": "down"}
			}
		},
		{
			"from": [6, 5, 6],
			"to": [10, 5, 10],
			"faces": {
				"north": {"uv": [0, 0, 0, 0], "texture": "#2"},
				"east": {"uv": [0, 0, 0, 0], "texture": "#2"},
				"south": {"uv": [0, 0, 0, 0], "texture": "#2"},
				"west": {"uv": [0, 0, 0, 0], "texture": "#2"},
				"up": {"uv": [6, 6.5, 10, 10.5], "texture": "#2"},
				"down": {"uv": [6, 6.5, 10, 10.5], "texture": "#2"}
			}
		},
		{
			"from": [6, 1, 6],
			"to": [10, 1, 10],
			"faces": {
				"north": {"uv": [0, 0, 0, 0], "texture": "#1"},
				"east": {"uv": [0, 0, 0, 0], "texture": "#1"},
				"south": {"uv": [0, 0, 0, 0], "texture": "#1"},
				"west": {"uv": [0, 0, 0, 0], "texture": "#1"},
				"up": {"uv": [0, 0, 0, 0], "texture": "#1"},
				"down": {"uv": [6, 12, 10, 16], "texture": "#1", "cullface": "down"}
			}
		},
		{
			"from": [10, 0, 5.002],
			"to": [10.998, 6, 10.998],
			"faces": {
				"north": {"uv": [10.01, 10.01, 10.99, 15.99], "texture": "#1"},
				"east": {"uv": [5.01, 10.01, 10.99, 15.99], "texture": "#1"},
				"south": {"uv": [5.01, 10.01, 5.99, 15.99], "texture": "#1"},
				"west": {"uv": [10.99, 10.01, 5.01, 15.99], "texture": "#1"},
				"up": {"uv": [5.01, 10.01, 10.99, 10.99], "rotation": 270, "texture": "#1"},
				"down": {"uv": [5.01, 15.01, 10.99, 15.99], "rotation": 90, "texture": "#1", "cullface": "down"}
			}
		},
		{
			"from": [6, 0, 10],
			"to": [9.9998, 6, 10.998],
			"faces": {
				"north": {"uv": [9.99, 10.01, 6.01, 15.99], "texture": "#1"},
				"east": {"uv": [0, 0, 0, 0], "texture": "#1"},
				"south": {"uv": [6.01, 10.01, 9.99, 15.99], "texture": "#1"},
				"west": {"uv": [0, 0, 0, 0], "texture": "#1"},
				"up": {"uv": [6.01, 10.01, 9.99, 10.99], "texture": "#1"},
				"down": {"uv": [6.01, 15.01, 9.99, 15.99], "texture": "#1", "cullface": "down"}
			}
		},
		{
			"from": [4.5, 14.99, 6.49],
			"to": [5.5, 17.01, 9.51],
			"faces": {
				"north": {"uv": [5, 4, 5.98, 5.98], "texture": "#plant"},
				"east": {"uv": [0, 0, 0, 0], "texture": "#plant"},
				"south": {"uv": [8, 3, 8.98, 4.98], "texture": "#plant"},
				"west": {"uv": [7, 4, 9.98, 5.98], "texture": "#plant"},
				"up": {"uv": [6, 4, 8.98, 4.98], "rotation": 90, "texture": "#plant"},
				"down": {"uv": [5, 4, 7.98, 4.98], "rotation": 270, "texture": "#plant"}
			}
		},
		{
			"from": [7.5, 5, 7.5],
			"to": [8.5, 13, 8.5],
			"faces": {
				"north": {"uv": [7, 7, 7.98, 15.98], "texture": "#plant"},
				"east": {"uv": [7, 7, 7.98, 15.98], "texture": "#plant"},
				"south": {"uv": [7, 7, 7.98, 15.98], "texture": "#plant"},
				"west": {"uv": [7, 7, 7.98, 15.98], "texture": "#plant"},
				"up": {"uv": [0, 0, 0, 0], "texture": "#plant"},
				"down": {"uv": [7, 15, 7.98, 15.98], "texture": "#plant", "cullface": "down"}
			}
		},
		{
			"from": [5.5, 15, 5.5],
			"to": [10.5, 17, 10.5],
			"faces": {
				"north": {"uv": [5, 4, 9.98, 5.98], "texture": "#plant"},
				"east": {"uv": [9.98, 4, 5, 5.98], "texture": "#plant"},
				"south": {"uv": [5, 4, 9.98, 5.98], "texture": "#plant"},
				"west": {"uv": [9.98, 4, 5, 5.98], "texture": "#plant"},
				"up": {"uv": [5, 3, 10, 7], "texture": "#plant"},
				"down": {"uv": [5, 3, 10, 7], "texture": "#plant"}
			}
		},
		{
			"from": [5.5, 14, 6.5],
			"to": [10.5, 18, 9.5],
			"faces": {
				"north": {"uv": [5, 3, 9.98, 6.98], "texture": "#plant"},
				"east": {"uv": [6, 2, 8.98, 5.98], "texture": "#plant"},
				"south": {"uv": [5, 3, 9.98, 6.98], "texture": "#plant"},
				"west": {"uv": [6, 2, 8.98, 5.98], "texture": "#plant"},
				"up": {"uv": [6, 2, 8.98, 6.98], "rotation": 90, "texture": "#plant"},
				"down": {"uv": [6, 2, 8.98, 6.98], "rotation": 270, "texture": "#plant"}
			}
		},
		{
			"from": [6.5, 14, 5.5],
			"to": [9.5, 18, 10.5],
			"faces": {
				"north": {"uv": [6, 2, 8.98, 5.98], "texture": "#plant"},
				"east": {"uv": [5, 3, 9.98, 6.98], "texture": "#plant"},
				"south": {"uv": [6, 2, 8.98, 5.98], "texture": "#plant"},
				"west": {"uv": [5, 3, 9.98, 6.98], "texture": "#plant"},
				"up": {"uv": [6, 2, 8.98, 6.98], "texture": "#plant"},
				"down": {"uv": [6, 2, 8.98, 6.98], "texture": "#plant"}
			}
		},
		{
			"from": [6.5, 18, 6.5],
			"to": [9.5, 19, 9.5],
			"faces": {
				"north": {"uv": [6, 2, 8.98, 2.98], "rotation": 180, "texture": "#plant"},
				"east": {"uv": [8, 2, 8.98, 4.98], "rotation": 90, "texture": "#plant"},
				"south": {"uv": [6, 2, 8.98, 2.98], "texture": "#plant"},
				"west": {"uv": [6, 2, 6.98, 4.98], "rotation": 270, "texture": "#plant"},
				"up": {"uv": [6, 3, 8.98, 5.98], "texture": "#plant"},
				"down": {"uv": [0, 0, 0, 0], "texture": "#plant"}
			}
		},
		{
			"from": [6.5, 13, 6.5],
			"to": [9.5, 14, 9.5],
			"faces": {
				"north": {"uv": [6, 2, 8.98, 2.98], "rotation": 180, "texture": "#plant"},
				"east": {"uv": [8, 2, 8.98, 4.98], "rotation": 90, "texture": "#plant"},
				"south": {"uv": [6, 4, 8.98, 4.98], "texture": "#plant"},
				"west": {"uv": [6, 2, 6.98, 4.98], "rotation": 270, "texture": "#plant"},
				"up": {"uv": [0, 0, 0, 0], "texture": "#plant"},
				"down": {"uv": [6, 4.98, 8.98, 2], "texture": "#plant"}
			}
		},
		{
			"from": [6.49, 14.99, 4.5],
			"to": [9.51, 17.01, 5.5],
			"faces": {
				"north": {"uv": [6, 3, 8.98, 4.98], "texture": "#plant"},
				"east": {"uv": [8, 3, 8.98, 4.98], "texture": "#plant"},
				"south": {"uv": [0, 0, 0, 0], "texture": "#plant"},
				"west": {"uv": [6, 3, 6.98, 4.98], "texture": "#plant"},
				"up": {"uv": [6, 3, 8.98, 3.98], "rotation": 180, "texture": "#plant"},
				"down": {"uv": [6, 3, 8.98, 3.98], "rotation": 180, "texture": "#plant"}
			}
		},
		{
			"from": [10.5, 14.99, 6.49],
			"to": [11.5, 17.01, 9.51],
			"faces": {
				"north": {"uv": [6, 4, 6.98, 5.98], "texture": "#plant"},
				"east": {"uv": [6, 4, 8.98, 5.98], "texture": "#plant"},
				"south": {"uv": [7, 3, 7.98, 4.98], "texture": "#plant"},
				"west": {"uv": [0, 0, 0, 0], "texture": "#plant"},
				"up": {"uv": [6, 5, 8.98, 5.98], "rotation": 270, "texture": "#plant"},
				"down": {"uv": [6, 5, 8.98, 5.98], "rotation": 90, "texture": "#plant"}
			}
		},
		{
			"from": [6.49, 14.99, 10.5],
			"to": [9.51, 17.01, 11.5],
			"faces": {
				"north": {"uv": [0, 0, 0, 0], "texture": "#plant"},
				"east": {"uv": [6, 4, 6.98, 5.98], "texture": "#plant"},
				"south": {"uv": [6, 5, 8.98, 6.98], "texture": "#plant"},
				"west": {"uv": [9, 3, 9.98, 4.98], "texture": "#plant"},
				"up": {"uv": [7, 4, 9.98, 4.98], "texture": "#plant"},
				"down": {"uv": [7, 5, 9.98, 5.98], "texture": "#plant"}
			}
		}
	]
}