{
	"credit": "by ZiYun",
	"parent": "minecraft:block/flower_pot_cross",
	"textures": {
		"1": "block/flower_pot",
		"2": "block/dirt",
		"plant": "block/oxeye_daisy",
		"particle": "block/flower_pot"
	},
	"elements": [
		{
			"from": [5.002, 0, 5.002],
			"to": [6, 6, 10.998],
			"faces": {
				"north": {"uv": [5.01, 10.01, 5.99, 15.99], "texture": "#1"},
				"east": {"uv": [10.99, 10.01, 5.01, 15.99], "texture": "#1"},
				"south": {"uv": [10.01, 10.01, 10.99, 15.99], "texture": "#1"},
				"west": {"uv": [5.01, 10.01, 10.99, 15.99], "texture": "#1"},
				"up": {"uv": [5.01, 10.01, 10.99, 10.99], "rotation": 90, "texture": "#1"},
				"down": {"uv": [5.01, 15.01, 10.99, 15.99], "rotation": 270, "texture": "#1", "cullface": "down"}
			}
		},
		{
			"from": [6, 5, 6],
			"to": [10, 5, 10],
			"faces": {
				"north": {"uv": [0, 0, 0, 0], "texture": "#2"},
				"east": {"uv": [0, 0, 0, 0], "texture": "#2"},
				"south": {"uv": [0, 0, 0, 0], "texture": "#2"},
				"west": {"uv": [0, 0, 0, 0], "texture": "#2"},
				"up": {"uv": [6, 6.5, 10, 10.5], "texture": "#2"},
				"down": {"uv": [6, 6.5, 10, 10.5], "texture": "#2"}
			}
		},
		{
			"from": [6, 1, 6],
			"to": [10, 1, 10],
			"faces": {
				"north": {"uv": [0, 0, 0, 0], "texture": "#1"},
				"east": {"uv": [0, 0, 0, 0], "texture": "#1"},
				"south": {"uv": [0, 0, 0, 0], "texture": "#1"},
				"west": {"uv": [0, 0, 0, 0], "texture": "#1"},
				"up": {"uv": [0, 0, 0, 0], "texture": "#1"},
				"down": {"uv": [6, 12, 10, 16], "texture": "#1", "cullface": "down"}
			}
		},
		{
			"from": [10, 0, 5.002],
			"to": [10.998, 6, 10.998],
			"faces": {
				"north": {"uv": [10.01, 10.01, 10.99, 15.99], "texture": "#1"},
				"east": {"uv": [5.01, 10.01, 10.99, 15.99], "texture": "#1"},
				"south": {"uv": [5.01, 10.01, 5.99, 15.99], "texture": "#1"},
				"west": {"uv": [10.99, 10.01, 5.01, 15.99], "texture": "#1"},
				"up": {"uv": [5.01, 10.01, 10.99, 10.99], "rotation": 270, "texture": "#1"},
				"down": {"uv": [5.01, 15.01, 10.99, 15.99], "rotation": 90, "texture": "#1", "cullface": "down"}
			}
		},
		{
			"from": [6, 0, 10],
			"to": [9.9998, 6, 10.998],
			"faces": {
				"north": {"uv": [9.99, 10.01, 6.01, 15.99], "texture": "#1"},
				"east": {"uv": [0, 0, 0, 0], "texture": "#1"},
				"south": {"uv": [6.01, 10.01, 9.99, 15.99], "texture": "#1"},
				"west": {"uv": [0, 0, 0, 0], "texture": "#1"},
				"up": {"uv": [6.01, 10.01, 9.99, 10.99], "texture": "#1"},
				"down": {"uv": [6.01, 15.01, 9.99, 15.99], "texture": "#1", "cullface": "down"}
			}
		},
		{
			"from": [6, 0, 5.002],
			"to": [9.9998, 6, 6],
			"faces": {
				"north": {"uv": [6.01, 10.01, 9.99, 15.99], "texture": "#1"},
				"east": {"uv": [0, 0, 0, 0], "texture": "#1"},
				"south": {"uv": [9.99, 10.01, 6.01, 15.99], "texture": "#1"},
				"west": {"uv": [0, 0, 0, 0], "texture": "#1"},
				"up": {"uv": [6.01, 10.01, 9.99, 10.99], "rotation": 180, "texture": "#1"},
				"down": {"uv": [6.01, 15.01, 9.99, 15.99], "rotation": 180, "texture": "#1", "cullface": "down"}
			}
		},
		{
			"from": [7.5, 5, 7.5],
			"to": [8.5, 12, 8.5],
			"faces": {
				"north": {"uv": [7, 9, 8, 16], "texture": "#plant"},
				"east": {"uv": [7, 9, 8, 16], "texture": "#plant"},
				"south": {"uv": [7, 9, 8, 16], "texture": "#plant"},
				"west": {"uv": [7, 9, 8, 16], "texture": "#plant"},
				"up": {"uv": [7, 9, 8, 10], "texture": "#plant"},
				"down": {"uv": [7, 15, 8, 16], "texture": "#plant"}
			}
		},
		{
			"from": [6.5, 6, 7],
			"to": [7.5, 8, 8],
			"faces": {
				"north": {"uv": [8, 13, 9, 15], "texture": "#plant"},
				"east": {"uv": [8, 13, 9, 15], "texture": "#plant"},
				"south": {"uv": [8, 13, 9, 15], "texture": "#plant"},
				"west": {"uv": [8, 13, 9, 15], "texture": "#plant"},
				"up": {"uv": [8, 13, 9, 14], "texture": "#plant"},
				"down": {"uv": [8, 13, 9, 14], "texture": "#plant"}
			}
		},
		{
			"from": [5.5, 7, 7.5],
			"to": [6.5, 8, 8.5],
			"faces": {
				"north": {"uv": [9, 12, 10, 13], "texture": "#plant"},
				"east": {"uv": [9, 12, 10, 13], "texture": "#plant"},
				"south": {"uv": [9, 12, 10, 13], "texture": "#plant"},
				"west": {"uv": [9, 12, 10, 13], "texture": "#plant"},
				"up": {"uv": [9, 12, 10, 13], "texture": "#plant"},
				"down": {"uv": [9, 12, 10, 13], "texture": "#plant"}
			}
		},
		{
			"from": [8.5, 8, 8],
			"to": [9.5, 10, 9],
			"faces": {
				"north": {"uv": [6, 11, 7, 13], "texture": "#plant"},
				"east": {"uv": [6, 11, 7, 13], "texture": "#plant"},
				"south": {"uv": [6, 11, 7, 13], "texture": "#plant"},
				"west": {"uv": [6, 11, 7, 13], "texture": "#plant"},
				"up": {"uv": [6, 11, 7, 12], "texture": "#plant"},
				"down": {"uv": [6, 12, 7, 13], "texture": "#plant"}
			}
		},
		{
			"from": [9.5, 9, 7.5],
			"to": [10.5, 10, 8.5],
			"faces": {
				"north": {"uv": [9, 12, 10, 13], "texture": "#plant"},
				"east": {"uv": [9, 12, 10, 13], "texture": "#plant"},
				"south": {"uv": [9, 12, 10, 13], "texture": "#plant"},
				"west": {"uv": [9, 12, 10, 13], "texture": "#plant"},
				"up": {"uv": [9, 12, 10, 13], "texture": "#plant"},
				"down": {"uv": [9, 12, 10, 13], "texture": "#plant"}
			}
		},
		{
			"from": [7.5, 9.5, 8.5],
			"to": [8.5, 10.5, 9.5],
			"faces": {
				"north": {"uv": [9, 12, 10, 13], "texture": "#plant"},
				"east": {"uv": [9, 12, 10, 13], "texture": "#plant"},
				"south": {"uv": [9, 12, 10, 13], "texture": "#plant"},
				"west": {"uv": [9, 12, 10, 13], "texture": "#plant"},
				"up": {"uv": [9, 12, 10, 13], "texture": "#plant"},
				"down": {"uv": [9, 12, 10, 13], "texture": "#plant"}
			}
		},
		{
			"from": [7.5, 7.5, 6.5],
			"to": [8.5, 8.5, 7.5],
			"faces": {
				"north": {"uv": [9, 12, 10, 13], "texture": "#plant"},
				"east": {"uv": [9, 12, 10, 13], "texture": "#plant"},
				"south": {"uv": [9, 12, 10, 13], "texture": "#plant"},
				"west": {"uv": [9, 12, 10, 13], "texture": "#plant"},
				"up": {"uv": [9, 12, 10, 13], "texture": "#plant"},
				"down": {"uv": [9, 12, 10, 13], "texture": "#plant"}
			}
		},
		{
			"from": [7.5, 14, 8.5],
			"to": [8.5, 15, 9.5],
			"faces": {
				"north": {"uv": [6, 6, 7, 7], "texture": "#plant"},
				"east": {"uv": [6, 6, 7, 7], "texture": "#plant"},
				"south": {"uv": [6, 6, 7, 7], "texture": "#plant"},
				"west": {"uv": [6, 6, 7, 7], "texture": "#plant"},
				"up": {"uv": [6, 6, 7, 7], "texture": "#plant"},
				"down": {"uv": [6, 6, 7, 7], "texture": "#plant"}
			}
		},
		{
			"from": [7.5, 12, 8.5],
			"to": [8.5, 13, 9.5],
			"faces": {
				"north": {"uv": [7, 6, 8, 7], "texture": "#plant"},
				"east": {"uv": [7, 6, 8, 7], "texture": "#plant"},
				"south": {"uv": [7, 6, 8, 7], "texture": "#plant"},
				"west": {"uv": [7, 6, 8, 7], "texture": "#plant"},
				"up": {"uv": [7, 6, 8, 7], "texture": "#plant"},
				"down": {"uv": [7, 6, 8, 7], "texture": "#plant"}
			}
		},
		{
			"from": [6.5, 13, 8.5],
			"to": [7.5, 14, 9.5],
			"faces": {
				"north": {"uv": [6, 5, 7, 6], "texture": "#plant"},
				"east": {"uv": [6, 5, 7, 6], "texture": "#plant"},
				"south": {"uv": [6, 5, 7, 6], "texture": "#plant"},
				"west": {"uv": [6, 5, 7, 6], "texture": "#plant"},
				"up": {"uv": [6, 5, 7, 6], "texture": "#plant"},
				"down": {"uv": [6, 5, 7, 6], "texture": "#plant"}
			}
		},
		{
			"from": [7, 12.5, 7],
			"to": [9, 14.5, 9],
			"faces": {
				"north": {"uv": [7, 5, 8, 6], "texture": "#plant"},
				"east": {"uv": [7, 5, 8, 6], "texture": "#plant"},
				"south": {"uv": [7, 5, 8, 6], "texture": "#plant"},
				"west": {"uv": [7, 5, 8, 6], "texture": "#plant"},
				"up": {"uv": [7, 5, 8, 6], "texture": "#plant"},
				"down": {"uv": [7, 5, 8, 6], "texture": "#plant"}
			}
		},
		{
			"from": [8.5, 13, 8.5],
			"to": [9.5, 14, 9.5],
			"faces": {
				"north": {"uv": [6, 4, 7, 5], "texture": "#plant"},
				"east": {"uv": [6, 4, 7, 5], "texture": "#plant"},
				"south": {"uv": [6, 4, 7, 5], "texture": "#plant"},
				"west": {"uv": [6, 4, 7, 5], "texture": "#plant"},
				"up": {"uv": [6, 4, 7, 5], "rotation": 270, "texture": "#plant"},
				"down": {"uv": [6, 4, 7, 5], "rotation": 90, "texture": "#plant"}
			}
		},
		{
			"from": [8.5, 12, 7.5],
			"to": [9.5, 13, 8.5],
			"faces": {
				"north": {"uv": [6, 6, 7, 7], "texture": "#plant"},
				"east": {"uv": [6, 6, 7, 7], "texture": "#plant"},
				"south": {"uv": [6, 6, 7, 7], "texture": "#plant"},
				"west": {"uv": [6, 6, 7, 7], "texture": "#plant"},
				"up": {"uv": [6, 6, 7, 7], "rotation": 270, "texture": "#plant"},
				"down": {"uv": [6, 6, 7, 7], "rotation": 90, "texture": "#plant"}
			}
		},
		{
			"from": [8.5, 13, 6.5],
			"to": [9.5, 14, 7.5],
			"faces": {
				"north": {"uv": [8, 5, 9, 6], "texture": "#plant"},
				"east": {"uv": [8, 5, 9, 6], "texture": "#plant"},
				"south": {"uv": [8, 5, 9, 6], "texture": "#plant"},
				"west": {"uv": [8, 5, 9, 6], "texture": "#plant"},
				"up": {"uv": [8, 5, 9, 6], "rotation": 270, "texture": "#plant"},
				"down": {"uv": [8, 5, 9, 6], "rotation": 90, "texture": "#plant"}
			}
		},
		{
			"from": [8.5, 14, 7.5],
			"to": [9.5, 15, 8.5],
			"faces": {
				"north": {"uv": [7, 4, 8, 5], "texture": "#plant"},
				"east": {"uv": [7, 4, 8, 5], "texture": "#plant"},
				"south": {"uv": [7, 4, 8, 5], "texture": "#plant"},
				"west": {"uv": [7, 4, 8, 5], "texture": "#plant"},
				"up": {"uv": [7, 4, 8, 5], "rotation": 270, "texture": "#plant"},
				"down": {"uv": [7, 4, 8, 5], "rotation": 90, "texture": "#plant"}
			}
		},
		{
			"from": [6.5, 13, 6.5],
			"to": [7.5, 14, 7.5],
			"faces": {
				"north": {"uv": [6, 5, 7, 6], "texture": "#plant"},
				"east": {"uv": [6, 5, 7, 6], "texture": "#plant"},
				"south": {"uv": [6, 5, 7, 6], "texture": "#plant"},
				"west": {"uv": [6, 5, 7, 6], "texture": "#plant"},
				"up": {"uv": [6, 5, 7, 6], "rotation": 180, "texture": "#plant"},
				"down": {"uv": [6, 5, 7, 6], "rotation": 180, "texture": "#plant"}
			}
		},
		{
			"from": [7.5, 12, 6.5],
			"to": [8.5, 13, 7.5],
			"faces": {
				"north": {"uv": [7, 6, 8, 7], "texture": "#plant"},
				"east": {"uv": [7, 6, 8, 7], "texture": "#plant"},
				"south": {"uv": [7, 6, 8, 7], "texture": "#plant"},
				"west": {"uv": [7, 6, 8, 7], "texture": "#plant"},
				"up": {"uv": [7, 6, 8, 7], "rotation": 180, "texture": "#plant"},
				"down": {"uv": [7, 6, 8, 7], "rotation": 180, "texture": "#plant"}
			}
		},
		{
			"from": [7.5, 14, 6.5],
			"to": [8.5, 15, 7.5],
			"faces": {
				"north": {"uv": [7, 4, 8, 5], "texture": "#plant"},
				"east": {"uv": [7, 4, 8, 5], "texture": "#plant"},
				"south": {"uv": [7, 4, 8, 5], "texture": "#plant"},
				"west": {"uv": [7, 4, 8, 5], "texture": "#plant"},
				"up": {"uv": [7, 4, 8, 5], "rotation": 180, "texture": "#plant"},
				"down": {"uv": [7, 4, 8, 5], "rotation": 180, "texture": "#plant"}
			}
		},
		{
			"from": [6.5, 12, 7.5],
			"to": [7.5, 13, 8.5],
			"faces": {
				"north": {"uv": [8, 6, 9, 7], "texture": "#plant"},
				"east": {"uv": [8, 6, 9, 7], "texture": "#plant"},
				"south": {"uv": [8, 6, 9, 7], "texture": "#plant"},
				"west": {"uv": [8, 6, 9, 7], "texture": "#plant"},
				"up": {"uv": [8, 6, 9, 7], "rotation": 90, "texture": "#plant"},
				"down": {"uv": [8, 6, 9, 7], "rotation": 270, "texture": "#plant"}
			}
		},
		{
			"from": [6.5, 14, 7.5],
			"to": [7.5, 15, 8.5],
			"faces": {
				"north": {"uv": [8, 4, 9, 5], "texture": "#plant"},
				"east": {"uv": [8, 4, 9, 5], "texture": "#plant"},
				"south": {"uv": [8, 4, 9, 5], "texture": "#plant"},
				"west": {"uv": [8, 4, 9, 5], "texture": "#plant"},
				"up": {"uv": [8, 4, 9, 5], "rotation": 90, "texture": "#plant"},
				"down": {"uv": [8, 4, 9, 5], "rotation": 270, "texture": "#plant"}
			}
		},
		{
			"from": [7.5, 15, 6],
			"to": [8.5, 15.5, 6.5],
			"faces": {
				"north": {"uv": [5, 4, 6, 5], "texture": "#plant"},
				"east": {"uv": [5, 4, 6, 5], "texture": "#plant"},
				"south": {"uv": [5, 4, 6, 5], "texture": "#plant"},
				"west": {"uv": [5, 4, 6, 5], "texture": "#plant"},
				"up": {"uv": [5, 4, 6, 5], "texture": "#plant"},
				"down": {"uv": [5, 4, 6, 5], "texture": "#plant"}
			}
		},
		{
			"from": [6.5, 15, 6.5],
			"to": [7.5, 15.5, 7.5],
			"faces": {
				"north": {"uv": [5, 4, 6, 5], "texture": "#plant"},
				"east": {"uv": [5, 4, 6, 5], "texture": "#plant"},
				"south": {"uv": [5, 4, 6, 5], "texture": "#plant"},
				"west": {"uv": [5, 4, 6, 5], "texture": "#plant"},
				"up": {"uv": [5, 4, 6, 5], "texture": "#plant"},
				"down": {"uv": [5, 4, 6, 5], "texture": "#plant"}
			}
		},
		{
			"from": [6.5, 15, 8.5],
			"to": [7.5, 15.5, 9.5],
			"faces": {
				"north": {"uv": [5, 4, 6, 5], "texture": "#plant"},
				"east": {"uv": [5, 4, 6, 5], "texture": "#plant"},
				"south": {"uv": [5, 4, 6, 5], "texture": "#plant"},
				"west": {"uv": [5, 4, 6, 5], "texture": "#plant"},
				"up": {"uv": [5, 4, 6, 5], "texture": "#plant"},
				"down": {"uv": [5, 4, 6, 5], "texture": "#plant"}
			}
		},
		{
			"from": [8.5, 15, 8.5],
			"to": [9.5, 15.5, 9.5],
			"faces": {
				"north": {"uv": [5, 4, 6, 5], "texture": "#plant"},
				"east": {"uv": [5, 4, 6, 5], "texture": "#plant"},
				"south": {"uv": [5, 4, 6, 5], "texture": "#plant"},
				"west": {"uv": [5, 4, 6, 5], "texture": "#plant"},
				"up": {"uv": [5, 4, 6, 5], "texture": "#plant"},
				"down": {"uv": [5, 4, 6, 5], "texture": "#plant"}
			}
		},
		{
			"from": [8.5, 15, 6.5],
			"to": [9.5, 15.5, 7.5],
			"faces": {
				"north": {"uv": [5, 4, 6, 5], "texture": "#plant"},
				"east": {"uv": [5, 4, 6, 5], "texture": "#plant"},
				"south": {"uv": [5, 4, 6, 5], "texture": "#plant"},
				"west": {"uv": [5, 4, 6, 5], "texture": "#plant"},
				"up": {"uv": [5, 4, 6, 5], "texture": "#plant"},
				"down": {"uv": [5, 4, 6, 5], "texture": "#plant"}
			}
		},
		{
			"from": [9.5, 15, 7.5],
			"to": [10, 15.5, 8.5],
			"faces": {
				"north": {"uv": [5, 4, 6, 5], "texture": "#plant"},
				"east": {"uv": [5, 4, 6, 5], "texture": "#plant"},
				"south": {"uv": [5, 4, 6, 5], "texture": "#plant"},
				"west": {"uv": [5, 4, 6, 5], "texture": "#plant"},
				"up": {"uv": [5, 4, 6, 5], "texture": "#plant"},
				"down": {"uv": [5, 4, 6, 5], "texture": "#plant"}
			}
		},
		{
			"from": [6, 15, 7.5],
			"to": [6.5, 15.5, 8.5],
			"faces": {
				"north": {"uv": [5, 4, 6, 5], "texture": "#plant"},
				"east": {"uv": [5, 4, 6, 5], "texture": "#plant"},
				"south": {"uv": [5, 4, 6, 5], "texture": "#plant"},
				"west": {"uv": [5, 4, 6, 5], "texture": "#plant"},
				"up": {"uv": [5, 4, 6, 5], "texture": "#plant"},
				"down": {"uv": [5, 4, 6, 5], "texture": "#plant"}
			}
		},
		{
			"from": [7.5, 15, 9.5],
			"to": [8.5, 15.5, 10],
			"faces": {
				"north": {"uv": [5, 4, 6, 5], "texture": "#plant"},
				"east": {"uv": [5, 4, 6, 5], "texture": "#plant"},
				"south": {"uv": [5, 4, 6, 5], "texture": "#plant"},
				"west": {"uv": [5, 4, 6, 5], "texture": "#plant"},
				"up": {"uv": [5, 4, 6, 5], "texture": "#plant"},
				"down": {"uv": [5, 4, 6, 5], "texture": "#plant"}
			}
		},
		{
			"from": [7.5, 11.5, 6],
			"to": [8.5, 12, 6.5],
			"faces": {
				"north": {"uv": [5, 4, 6, 5], "texture": "#plant"},
				"east": {"uv": [5, 4, 6, 5], "texture": "#plant"},
				"south": {"uv": [5, 4, 6, 5], "texture": "#plant"},
				"west": {"uv": [5, 4, 6, 5], "texture": "#plant"},
				"up": {"uv": [5, 4, 6, 5], "texture": "#plant"},
				"down": {"uv": [5, 4, 6, 5], "texture": "#plant"}
			}
		},
		{
			"from": [8.5, 12, 6],
			"to": [9.5, 13, 6.5],
			"faces": {
				"north": {"uv": [5, 4, 6, 5], "texture": "#plant"},
				"east": {"uv": [5, 4, 6, 5], "texture": "#plant"},
				"south": {"uv": [5, 4, 6, 5], "texture": "#plant"},
				"west": {"uv": [5, 4, 6, 5], "texture": "#plant"},
				"up": {"uv": [5, 4, 6, 5], "texture": "#plant"},
				"down": {"uv": [5, 4, 6, 5], "texture": "#plant"}
			}
		},
		{
			"from": [6.5, 12, 6],
			"to": [7.5, 13, 6.5],
			"faces": {
				"north": {"uv": [5, 4, 6, 5], "texture": "#plant"},
				"east": {"uv": [5, 4, 6, 5], "texture": "#plant"},
				"south": {"uv": [5, 4, 6, 5], "texture": "#plant"},
				"west": {"uv": [5, 4, 6, 5], "texture": "#plant"},
				"up": {"uv": [5, 4, 6, 5], "texture": "#plant"},
				"down": {"uv": [5, 4, 6, 5], "texture": "#plant"}
			}
		},
		{
			"from": [6, 13, 6],
			"to": [6.5, 14, 6.5],
			"faces": {
				"north": {"uv": [5, 4, 6, 5], "texture": "#plant"},
				"east": {"uv": [5, 4, 6, 5], "texture": "#plant"},
				"south": {"uv": [5, 4, 6, 5], "texture": "#plant"},
				"west": {"uv": [5, 4, 6, 5], "texture": "#plant"},
				"up": {"uv": [5, 4, 6, 5], "texture": "#plant"},
				"down": {"uv": [5, 4, 6, 5], "texture": "#plant"}
			}
		},
		{
			"from": [6.5, 14, 6],
			"to": [7.5, 15, 6.5],
			"faces": {
				"north": {"uv": [5, 4, 6, 5], "texture": "#plant"},
				"east": {"uv": [5, 4, 6, 5], "texture": "#plant"},
				"south": {"uv": [5, 4, 6, 5], "texture": "#plant"},
				"west": {"uv": [5, 4, 6, 5], "texture": "#plant"},
				"up": {"uv": [5, 4, 6, 5], "texture": "#plant"},
				"down": {"uv": [5, 4, 6, 5], "texture": "#plant"}
			}
		},
		{
			"from": [8.5, 14, 6],
			"to": [9.5, 15, 6.5],
			"faces": {
				"north": {"uv": [5, 4, 6, 5], "texture": "#plant"},
				"east": {"uv": [5, 4, 6, 5], "texture": "#plant"},
				"south": {"uv": [5, 4, 6, 5], "texture": "#plant"},
				"west": {"uv": [5, 4, 6, 5], "texture": "#plant"},
				"up": {"uv": [5, 4, 6, 5], "texture": "#plant"},
				"down": {"uv": [5, 4, 6, 5], "texture": "#plant"}
			}
		},
		{
			"from": [9.5, 13, 6],
			"to": [10, 14, 6.5],
			"faces": {
				"north": {"uv": [5, 4, 6, 5], "texture": "#plant"},
				"east": {"uv": [5, 4, 6, 5], "texture": "#plant"},
				"south": {"uv": [5, 4, 6, 5], "texture": "#plant"},
				"west": {"uv": [5, 4, 6, 5], "texture": "#plant"},
				"up": {"uv": [5, 4, 6, 5], "texture": "#plant"},
				"down": {"uv": [5, 4, 6, 5], "texture": "#plant"}
			}
		},
		{
			"from": [9.5, 13, 9.5],
			"to": [10, 14, 10],
			"faces": {
				"north": {"uv": [5, 4, 6, 5], "texture": "#plant"},
				"east": {"uv": [5, 4, 6, 5], "texture": "#plant"},
				"south": {"uv": [5, 4, 6, 5], "texture": "#plant"},
				"west": {"uv": [5, 4, 6, 5], "texture": "#plant"},
				"up": {"uv": [5, 4, 6, 5], "texture": "#plant"},
				"down": {"uv": [5, 4, 6, 5], "texture": "#plant"}
			}
		},
		{
			"from": [9.5, 12, 8.5],
			"to": [10, 13, 9.5],
			"faces": {
				"north": {"uv": [5, 4, 6, 5], "texture": "#plant"},
				"east": {"uv": [5, 4, 6, 5], "texture": "#plant"},
				"south": {"uv": [5, 4, 6, 5], "texture": "#plant"},
				"west": {"uv": [5, 4, 6, 5], "texture": "#plant"},
				"up": {"uv": [5, 4, 6, 5], "texture": "#plant"},
				"down": {"uv": [5, 4, 6, 5], "texture": "#plant"}
			}
		},
		{
			"from": [9.5, 12, 6.5],
			"to": [10, 13, 7.5],
			"faces": {
				"north": {"uv": [5, 4, 6, 5], "texture": "#plant"},
				"east": {"uv": [5, 4, 6, 5], "texture": "#plant"},
				"south": {"uv": [5, 4, 6, 5], "texture": "#plant"},
				"west": {"uv": [5, 4, 6, 5], "texture": "#plant"},
				"up": {"uv": [5, 4, 6, 5], "texture": "#plant"},
				"down": {"uv": [5, 4, 6, 5], "texture": "#plant"}
			}
		},
		{
			"from": [9.5, 11.5, 7.5],
			"to": [10, 12, 8.5],
			"faces": {
				"north": {"uv": [5, 4, 6, 5], "texture": "#plant"},
				"east": {"uv": [5, 4, 6, 5], "texture": "#plant"},
				"south": {"uv": [5, 4, 6, 5], "texture": "#plant"},
				"west": {"uv": [5, 4, 6, 5], "texture": "#plant"},
				"up": {"uv": [5, 4, 6, 5], "texture": "#plant"},
				"down": {"uv": [5, 4, 6, 5], "texture": "#plant"}
			}
		},
		{
			"from": [9.5, 14, 6.5],
			"to": [10, 15, 7.5],
			"faces": {
				"north": {"uv": [5, 4, 6, 5], "texture": "#plant"},
				"east": {"uv": [5, 4, 6, 5], "texture": "#plant"},
				"south": {"uv": [5, 4, 6, 5], "texture": "#plant"},
				"west": {"uv": [5, 4, 6, 5], "texture": "#plant"},
				"up": {"uv": [5, 4, 6, 5], "texture": "#plant"},
				"down": {"uv": [5, 4, 6, 5], "texture": "#plant"}
			}
		},
		{
			"from": [9.5, 14, 8.5],
			"to": [10, 15, 9.5],
			"faces": {
				"north": {"uv": [5, 4, 6, 5], "texture": "#plant"},
				"east": {"uv": [5, 4, 6, 5], "texture": "#plant"},
				"south": {"uv": [5, 4, 6, 5], "texture": "#plant"},
				"west": {"uv": [5, 4, 6, 5], "texture": "#plant"},
				"up": {"uv": [5, 4, 6, 5], "texture": "#plant"},
				"down": {"uv": [5, 4, 6, 5], "texture": "#plant"}
			}
		},
		{
			"from": [6, 13, 9.5],
			"to": [6.5, 14, 10],
			"faces": {
				"north": {"uv": [5, 4, 6, 5], "texture": "#plant"},
				"east": {"uv": [5, 4, 6, 5], "texture": "#plant"},
				"south": {"uv": [5, 4, 6, 5], "texture": "#plant"},
				"west": {"uv": [5, 4, 6, 5], "texture": "#plant"},
				"up": {"uv": [5, 4, 6, 5], "texture": "#plant"},
				"down": {"uv": [5, 4, 6, 5], "texture": "#plant"}
			}
		},
		{
			"from": [6.5, 14, 9.5],
			"to": [7.5, 15, 10],
			"faces": {
				"north": {"uv": [5, 4, 6, 5], "texture": "#plant"},
				"east": {"uv": [5, 4, 6, 5], "texture": "#plant"},
				"south": {"uv": [5, 4, 6, 5], "texture": "#plant"},
				"west": {"uv": [5, 4, 6, 5], "texture": "#plant"},
				"up": {"uv": [5, 4, 6, 5], "texture": "#plant"},
				"down": {"uv": [5, 4, 6, 5], "texture": "#plant"}
			}
		},
		{
			"from": [8.5, 14, 9.5],
			"to": [9.5, 15, 10],
			"faces": {
				"north": {"uv": [5, 4, 6, 5], "texture": "#plant"},
				"east": {"uv": [5, 4, 6, 5], "texture": "#plant"},
				"south": {"uv": [5, 4, 6, 5], "texture": "#plant"},
				"west": {"uv": [5, 4, 6, 5], "texture": "#plant"},
				"up": {"uv": [5, 4, 6, 5], "texture": "#plant"},
				"down": {"uv": [5, 4, 6, 5], "texture": "#plant"}
			}
		},
		{
			"from": [8.5, 12, 9.5],
			"to": [9.5, 13, 10],
			"faces": {
				"north": {"uv": [5, 4, 6, 5], "texture": "#plant"},
				"east": {"uv": [5, 4, 6, 5], "texture": "#plant"},
				"south": {"uv": [5, 4, 6, 5], "texture": "#plant"},
				"west": {"uv": [5, 4, 6, 5], "texture": "#plant"},
				"up": {"uv": [5, 4, 6, 5], "texture": "#plant"},
				"down": {"uv": [5, 4, 6, 5], "texture": "#plant"}
			}
		},
		{
			"from": [6.5, 12, 9.5],
			"to": [7.5, 13, 10],
			"faces": {
				"north": {"uv": [5, 4, 6, 5], "texture": "#plant"},
				"east": {"uv": [5, 4, 6, 5], "texture": "#plant"},
				"south": {"uv": [5, 4, 6, 5], "texture": "#plant"},
				"west": {"uv": [5, 4, 6, 5], "texture": "#plant"},
				"up": {"uv": [5, 4, 6, 5], "texture": "#plant"},
				"down": {"uv": [5, 4, 6, 5], "texture": "#plant"}
			}
		},
		{
			"from": [7.5, 11.5, 9.5],
			"to": [8.5, 12, 10],
			"faces": {
				"north": {"uv": [5, 4, 6, 5], "texture": "#plant"},
				"east": {"uv": [5, 4, 6, 5], "texture": "#plant"},
				"south": {"uv": [5, 4, 6, 5], "texture": "#plant"},
				"west": {"uv": [5, 4, 6, 5], "texture": "#plant"},
				"up": {"uv": [5, 4, 6, 5], "texture": "#plant"},
				"down": {"uv": [5, 4, 6, 5], "texture": "#plant"}
			}
		},
		{
			"from": [6, 14, 6.5],
			"to": [6.5, 15, 7.5],
			"faces": {
				"north": {"uv": [5, 4, 6, 5], "texture": "#plant"},
				"east": {"uv": [5, 4, 6, 5], "texture": "#plant"},
				"south": {"uv": [5, 4, 6, 5], "texture": "#plant"},
				"west": {"uv": [5, 4, 6, 5], "texture": "#plant"},
				"up": {"uv": [5, 4, 6, 5], "texture": "#plant"},
				"down": {"uv": [5, 4, 6, 5], "texture": "#plant"}
			}
		},
		{
			"from": [6, 14, 8.5],
			"to": [6.5, 15, 9.5],
			"faces": {
				"north": {"uv": [5, 4, 6, 5], "texture": "#plant"},
				"east": {"uv": [5, 4, 6, 5], "texture": "#plant"},
				"south": {"uv": [5, 4, 6, 5], "texture": "#plant"},
				"west": {"uv": [5, 4, 6, 5], "texture": "#plant"},
				"up": {"uv": [5, 4, 6, 5], "texture": "#plant"},
				"down": {"uv": [5, 4, 6, 5], "texture": "#plant"}
			}
		},
		{
			"from": [6, 12, 8.5],
			"to": [6.5, 13, 9.5],
			"faces": {
				"north": {"uv": [5, 4, 6, 5], "texture": "#plant"},
				"east": {"uv": [5, 4, 6, 5], "texture": "#plant"},
				"south": {"uv": [5, 4, 6, 5], "texture": "#plant"},
				"west": {"uv": [5, 4, 6, 5], "texture": "#plant"},
				"up": {"uv": [5, 4, 6, 5], "texture": "#plant"},
				"down": {"uv": [5, 4, 6, 5], "texture": "#plant"}
			}
		},
		{
			"from": [6, 12, 6.5],
			"to": [6.5, 13, 7.5],
			"faces": {
				"north": {"uv": [5, 4, 6, 5], "texture": "#plant"},
				"east": {"uv": [5, 4, 6, 5], "texture": "#plant"},
				"south": {"uv": [5, 4, 6, 5], "texture": "#plant"},
				"west": {"uv": [5, 4, 6, 5], "texture": "#plant"},
				"up": {"uv": [5, 4, 6, 5], "texture": "#plant"},
				"down": {"uv": [5, 4, 6, 5], "texture": "#plant"}
			}
		},
		{
			"from": [6, 11.5, 7.5],
			"to": [6.5, 12, 8.5],
			"faces": {
				"north": {"uv": [5, 4, 6, 5], "texture": "#plant"},
				"east": {"uv": [5, 4, 6, 5], "texture": "#plant"},
				"south": {"uv": [5, 4, 6, 5], "texture": "#plant"},
				"west": {"uv": [5, 4, 6, 5], "texture": "#plant"},
				"up": {"uv": [5, 4, 6, 5], "texture": "#plant"},
				"down": {"uv": [5, 4, 6, 5], "texture": "#plant"}
			}
		},
		{
			"from": [6.5, 11.5, 6.5],
			"to": [7.5, 12, 7.5],
			"faces": {
				"north": {"uv": [5, 4, 6, 5], "texture": "#plant"},
				"east": {"uv": [5, 4, 6, 5], "texture": "#plant"},
				"south": {"uv": [5, 4, 6, 5], "texture": "#plant"},
				"west": {"uv": [5, 4, 6, 5], "texture": "#plant"},
				"up": {"uv": [5, 4, 6, 5], "texture": "#plant"},
				"down": {"uv": [5, 4, 6, 5], "texture": "#plant"}
			}
		},
		{
			"from": [8.5, 11.5, 6.5],
			"to": [9.5, 12, 7.5],
			"faces": {
				"north": {"uv": [5, 4, 6, 5], "texture": "#plant"},
				"east": {"uv": [5, 4, 6, 5], "texture": "#plant"},
				"south": {"uv": [5, 4, 6, 5], "texture": "#plant"},
				"west": {"uv": [5, 4, 6, 5], "texture": "#plant"},
				"up": {"uv": [5, 4, 6, 5], "texture": "#plant"},
				"down": {"uv": [5, 4, 6, 5], "texture": "#plant"}
			}
		},
		{
			"from": [8.5, 11.5, 8.5],
			"to": [9.5, 12, 9.5],
			"faces": {
				"north": {"uv": [5, 4, 6, 5], "texture": "#plant"},
				"east": {"uv": [5, 4, 6, 5], "texture": "#plant"},
				"south": {"uv": [5, 4, 6, 5], "texture": "#plant"},
				"west": {"uv": [5, 4, 6, 5], "texture": "#plant"},
				"up": {"uv": [5, 4, 6, 5], "texture": "#plant"},
				"down": {"uv": [5, 4, 6, 5], "texture": "#plant"}
			}
		},
		{
			"from": [6.5, 11.5, 8.5],
			"to": [7.5, 12, 9.5],
			"faces": {
				"north": {"uv": [5, 4, 6, 5], "texture": "#plant"},
				"east": {"uv": [5, 4, 6, 5], "texture": "#plant"},
				"south": {"uv": [5, 4, 6, 5], "texture": "#plant"},
				"west": {"uv": [5, 4, 6, 5], "texture": "#plant"},
				"up": {"uv": [5, 4, 6, 5], "texture": "#plant"},
				"down": {"uv": [5, 4, 6, 5], "texture": "#plant"}
			}
		},
		{
			"from": [6.5, 11, 7.5],
			"to": [7.5, 11.5, 8.5],
			"faces": {
				"north": {"uv": [5, 4, 6, 5], "texture": "#plant"},
				"east": {"uv": [5, 4, 6, 5], "texture": "#plant"},
				"south": {"uv": [5, 4, 6, 5], "texture": "#plant"},
				"west": {"uv": [5, 4, 6, 5], "texture": "#plant"},
				"up": {"uv": [5, 4, 6, 5], "texture": "#plant"},
				"down": {"uv": [5, 4, 6, 5], "texture": "#plant"}
			}
		},
		{
			"from": [7.5, 11, 8.5],
			"to": [8.5, 11.5, 9.5],
			"faces": {
				"north": {"uv": [5, 4, 6, 5], "texture": "#plant"},
				"east": {"uv": [5, 4, 6, 5], "texture": "#plant"},
				"south": {"uv": [5, 4, 6, 5], "texture": "#plant"},
				"west": {"uv": [5, 4, 6, 5], "texture": "#plant"},
				"up": {"uv": [5, 4, 6, 5], "texture": "#plant"},
				"down": {"uv": [5, 4, 6, 5], "texture": "#plant"}
			}
		},
		{
			"from": [8.5, 11, 7.5],
			"to": [9.5, 11.5, 8.5],
			"faces": {
				"north": {"uv": [5, 4, 6, 5], "texture": "#plant"},
				"east": {"uv": [5, 4, 6, 5], "texture": "#plant"},
				"south": {"uv": [5, 4, 6, 5], "texture": "#plant"},
				"west": {"uv": [5, 4, 6, 5], "texture": "#plant"},
				"up": {"uv": [5, 4, 6, 5], "texture": "#plant"},
				"down": {"uv": [5, 4, 6, 5], "texture": "#plant"}
			}
		},
		{
			"from": [7.5, 11, 6.5],
			"to": [8.5, 11.5, 7.5],
			"faces": {
				"north": {"uv": [5, 4, 6, 5], "texture": "#plant"},
				"east": {"uv": [5, 4, 6, 5], "texture": "#plant"},
				"south": {"uv": [5, 4, 6, 5], "texture": "#plant"},
				"west": {"uv": [5, 4, 6, 5], "texture": "#plant"},
				"up": {"uv": [5, 4, 6, 5], "texture": "#plant"},
				"down": {"uv": [5, 4, 6, 5], "texture": "#plant"}
			}
		}
	],
	"groups": [
		{
			"name": "group",
			"origin": [0, 0, 0],
			"color": 0,
			"children": [0, 1, 2, 3, 4, 5]
		}, 6, 7, 8, 9, 10, 11, 12, 13, 14, 15, 16, 17, 18, 19, 20, 21, 22, 23, 24, 25, 26, 27, 28, 29, 30, 31, 32, 33, 34, 35, 36, 37, 38, 39, 40, 41, 42, 43, 44, 45, 46, 47, 48, 49, 50, 51, 52, 53, 54, 55, 56, 57, 58, 59, 60, 61, 62, 63, 64, 65]
}