{
	"credit": "by ZiYun",
	"parent": "minecraft:block/flower_pot_cross",
	"textures": {
		"1": "block/flower_pot",
		"2": "block/dirt",
		"plant": "block/wither_rose",
		"particle": "block/flower_pot"
	},
	"elements": [
		{
			"from": [6, 0, 5.002],
			"to": [9.9998, 6, 6],
			"faces": {
				"north": {"uv": [6.01, 10.01, 9.99, 15.99], "texture": "#1"},
				"east": {"uv": [0, 0, 0, 0], "texture": "#1"},
				"south": {"uv": [9.99, 10.01, 6.01, 15.99], "texture": "#1"},
				"west": {"uv": [0, 0, 0, 0], "texture": "#1"},
				"up": {"uv": [6.01, 10.01, 9.99, 10.99], "rotation": 180, "texture": "#1"},
				"down": {"uv": [6.01, 15.01, 9.99, 15.99], "rotation": 180, "texture": "#1", "cullface": "down"}
			}
		},
		{
			"from": [5.002, 0, 5.002],
			"to": [6, 6, 10.998],
			"faces": {
				"north": {"uv": [5.01, 10.01, 5.99, 15.99], "texture": "#1"},
				"east": {"uv": [10.99, 10.01, 5.01, 15.99], "texture": "#1"},
				"south": {"uv": [10.01, 10.01, 10.99, 15.99], "texture": "#1"},
				"west": {"uv": [5.01, 10.01, 10.99, 15.99], "texture": "#1"},
				"up": {"uv": [5.01, 10.01, 10.99, 10.99], "rotation": 90, "texture": "#1"},
				"down": {"uv": [5.01, 15.01, 10.99, 15.99], "rotation": 270, "texture": "#1", "cullface": "down"}
			}
		},
		{
			"from": [6, 5, 6],
			"to": [10, 5, 10],
			"faces": {
				"north": {"uv": [0, 0, 0, 0], "texture": "#2"},
				"east": {"uv": [0, 0, 0, 0], "texture": "#2"},
				"south": {"uv": [0, 0, 0, 0], "texture": "#2"},
				"west": {"uv": [0, 0, 0, 0], "texture": "#2"},
				"up": {"uv": [6, 6.5, 10, 10.5], "texture": "#2"},
				"down": {"uv": [6, 6.5, 10, 10.5], "texture": "#2"}
			}
		},
		{
			"from": [6, 1, 6],
			"to": [10, 1, 10],
			"faces": {
				"north": {"uv": [0, 0, 0, 0], "texture": "#1"},
				"east": {"uv": [0, 0, 0, 0], "texture": "#1"},
				"south": {"uv": [0, 0, 0, 0], "texture": "#1"},
				"west": {"uv": [0, 0, 0, 0], "texture": "#1"},
				"up": {"uv": [0, 0, 0, 0], "texture": "#1"},
				"down": {"uv": [6, 12, 10, 16], "texture": "#1", "cullface": "down"}
			}
		},
		{
			"from": [10, 0, 5.002],
			"to": [10.998, 6, 10.998],
			"faces": {
				"north": {"uv": [10.01, 10.01, 10.99, 15.99], "texture": "#1"},
				"east": {"uv": [5.01, 10.01, 10.99, 15.99], "texture": "#1"},
				"south": {"uv": [5.01, 10.01, 5.99, 15.99], "texture": "#1"},
				"west": {"uv": [10.99, 10.01, 5.01, 15.99], "texture": "#1"},
				"up": {"uv": [5.01, 10.01, 10.99, 10.99], "rotation": 270, "texture": "#1"},
				"down": {"uv": [5.01, 15.01, 10.99, 15.99], "rotation": 90, "texture": "#1", "cullface": "down"}
			}
		},
		{
			"from": [6, 0, 10],
			"to": [9.9998, 6, 10.998],
			"faces": {
				"north": {"uv": [9.99, 10.01, 6.01, 15.99], "texture": "#1"},
				"east": {"uv": [0, 0, 0, 0], "texture": "#1"},
				"south": {"uv": [6.01, 10.01, 9.99, 15.99], "texture": "#1"},
				"west": {"uv": [0, 0, 0, 0], "texture": "#1"},
				"up": {"uv": [6.01, 10.01, 9.99, 10.99], "texture": "#1"},
				"down": {"uv": [6.01, 15.01, 9.99, 15.99], "texture": "#1", "cullface": "down"}
			}
		},
		{
			"from": [7.5, 12, 7.5],
			"to": [8.5, 12.9, 8.5],
			"faces": {
				"north": {"uv": [8, 6, 9, 7], "texture": "#plant"},
				"east": {"uv": [8, 6, 9, 7], "texture": "#plant"},
				"south": {"uv": [8, 6, 9, 7], "texture": "#plant"},
				"west": {"uv": [8, 6, 9, 7], "texture": "#plant"},
				"up": {"uv": [8, 6, 9, 7], "texture": "#plant"},
				"down": {"uv": [8, 6, 9, 7], "texture": "#plant"}
			}
		},
		{
			"from": [6.5, 12, 7.5],
			"to": [7.5, 12.5, 8.5],
			"faces": {
				"north": {"uv": [9, 7, 10, 8], "texture": "#plant"},
				"east": {"uv": [9, 7, 10, 8], "texture": "#plant"},
				"south": {"uv": [9, 7, 10, 8], "texture": "#plant"},
				"west": {"uv": [9, 7, 10, 8], "texture": "#plant"},
				"up": {"uv": [9, 7, 10, 8], "texture": "#plant"},
				"down": {"uv": [5, 7, 6, 8], "texture": "#plant"}
			}
		},
		{
			"from": [8.5, 12, 7.5],
			"to": [9.5, 12.5, 8.5],
			"faces": {
				"north": {"uv": [9, 7, 10, 8], "texture": "#plant"},
				"east": {"uv": [9, 7, 10, 8], "texture": "#plant"},
				"south": {"uv": [9, 7, 10, 8], "texture": "#plant"},
				"west": {"uv": [9, 7, 10, 8], "texture": "#plant"},
				"up": {"uv": [9, 7, 10, 8], "texture": "#plant"},
				"down": {"uv": [9, 7, 10, 8], "texture": "#plant"}
			}
		},
		{
			"from": [7.5, 12, 6.5],
			"to": [8.5, 12.5, 7.5],
			"faces": {
				"north": {"uv": [8, 7, 9, 8], "texture": "#plant"},
				"east": {"uv": [8, 7, 9, 8], "texture": "#plant"},
				"south": {"uv": [8, 7, 9, 8], "texture": "#plant"},
				"west": {"uv": [8, 7, 9, 8], "texture": "#plant"},
				"up": {"uv": [8, 7, 9, 8], "texture": "#plant"},
				"down": {"uv": [8, 7, 9, 8], "texture": "#plant"}
			}
		},
		{
			"from": [7.5, 12, 8.5],
			"to": [8.5, 12.5, 9.5],
			"faces": {
				"north": {"uv": [9, 6, 10, 7], "texture": "#plant"},
				"east": {"uv": [9, 6, 10, 7], "texture": "#plant"},
				"south": {"uv": [9, 6, 10, 7], "texture": "#plant"},
				"west": {"uv": [9, 6, 10, 7], "texture": "#plant"},
				"up": {"uv": [9, 6, 10, 7], "texture": "#plant"},
				"down": {"uv": [9, 6, 10, 7], "texture": "#plant"}
			}
		},
		{
			"from": [8.5, 12.5, 8.5],
			"to": [9.5, 13.25, 9.5],
			"faces": {
				"north": {"uv": [6, 7, 7, 8], "texture": "#plant"},
				"east": {"uv": [6, 7, 7, 8], "texture": "#plant"},
				"south": {"uv": [6, 7, 7, 8], "texture": "#plant"},
				"west": {"uv": [6, 7, 7, 8], "texture": "#plant"},
				"up": {"uv": [6, 7, 7, 8], "texture": "#plant"},
				"down": {"uv": [6, 7, 7, 8], "texture": "#plant"}
			}
		},
		{
			"from": [8.5, 12.5, 6.5],
			"to": [9.5, 13.25, 7.5],
			"faces": {
				"north": {"uv": [10, 6, 11, 7], "texture": "#plant"},
				"east": {"uv": [10, 6, 11, 7], "texture": "#plant"},
				"south": {"uv": [10, 6, 11, 7], "texture": "#plant"},
				"west": {"uv": [10, 6, 11, 7], "texture": "#plant"},
				"up": {"uv": [10, 6, 11, 7], "texture": "#plant"},
				"down": {"uv": [10, 6, 11, 7], "texture": "#plant"}
			}
		},
		{
			"from": [6.5, 12.5, 6.5],
			"to": [7.5, 13.25, 7.5],
			"faces": {
				"north": {"uv": [7, 6, 8, 7], "texture": "#plant"},
				"east": {"uv": [7, 6, 8, 7], "texture": "#plant"},
				"south": {"uv": [7, 6, 8, 7], "texture": "#plant"},
				"west": {"uv": [7, 6, 8, 7], "texture": "#plant"},
				"up": {"uv": [7, 6, 8, 7], "texture": "#plant"},
				"down": {"uv": [7, 6, 8, 7], "texture": "#plant"}
			}
		},
		{
			"from": [6.5, 12.5, 8.5],
			"to": [7.5, 13.25, 9.5],
			"faces": {
				"north": {"uv": [8, 7, 9, 8], "texture": "#plant"},
				"east": {"uv": [8, 7, 9, 8], "texture": "#plant"},
				"south": {"uv": [8, 7, 9, 8], "texture": "#plant"},
				"west": {"uv": [8, 7, 9, 8], "texture": "#plant"},
				"up": {"uv": [8, 7, 9, 8], "texture": "#plant"},
				"down": {"uv": [8, 7, 9, 8], "texture": "#plant"}
			}
		},
		{
			"from": [7.5, 12.5, 5.5],
			"to": [8.5, 13.75, 6.5],
			"faces": {
				"north": {"uv": [7, 6, 8, 7], "texture": "#plant"},
				"east": {"uv": [7, 6, 8, 7], "texture": "#plant"},
				"south": {"uv": [7, 6, 8, 7], "texture": "#plant"},
				"west": {"uv": [7, 6, 8, 7], "texture": "#plant"},
				"up": {"uv": [7, 6, 8, 7], "texture": "#plant"},
				"down": {"uv": [7, 6, 8, 7], "texture": "#plant"}
			}
		},
		{
			"from": [7.5, 12.5, 9.5],
			"to": [8.5, 13.7, 10.5],
			"faces": {
				"north": {"uv": [9, 5, 10, 6], "texture": "#plant"},
				"east": {"uv": [9, 5, 10, 6], "texture": "#plant"},
				"south": {"uv": [9, 5, 10, 6], "texture": "#plant"},
				"west": {"uv": [9, 5, 10, 6], "texture": "#plant"},
				"up": {"uv": [9, 5, 10, 6], "texture": "#plant"},
				"down": {"uv": [9, 5, 10, 6], "texture": "#plant"}
			}
		},
		{
			"from": [9.5, 12.5, 7.5],
			"to": [10.5, 14, 8.5],
			"faces": {
				"north": {"uv": [7, 6, 8, 7], "texture": "#plant"},
				"east": {"uv": [7, 6, 8, 7], "texture": "#plant"},
				"south": {"uv": [7, 6, 8, 7], "texture": "#plant"},
				"west": {"uv": [10, 6, 11, 7], "texture": "#plant"},
				"up": {"uv": [7, 6, 8, 7], "texture": "#plant"},
				"down": {"uv": [7, 6, 8, 7], "texture": "#plant"}
			}
		},
		{
			"from": [5.5, 12.5, 7.5],
			"to": [6.5, 13.85, 8.5],
			"faces": {
				"north": {"uv": [9, 5, 10, 6], "texture": "#plant"},
				"east": {"uv": [9, 5, 10, 6], "texture": "#plant"},
				"south": {"uv": [9, 5, 10, 6], "texture": "#plant"},
				"west": {"uv": [9, 5, 10, 6], "texture": "#plant"},
				"up": {"uv": [9, 5, 10, 6], "texture": "#plant"},
				"down": {"uv": [9, 5, 10, 6], "texture": "#plant"}
			}
		},
		{
			"from": [7.5, 5, 7.5],
			"to": [8.5, 12, 8.5],
			"faces": {
				"north": {"uv": [8, 9, 9, 16], "texture": "#plant"},
				"east": {"uv": [8, 9, 9, 16], "texture": "#plant"},
				"south": {"uv": [8, 9, 9, 16], "texture": "#plant"},
				"west": {"uv": [8, 9, 9, 16], "texture": "#plant"},
				"up": {"uv": [8, 9, 9, 10], "texture": "#plant"},
				"down": {"uv": [8, 15, 9, 16], "texture": "#plant"}
			}
		},
		{
			"from": [8.5, 12.55, 9.5],
			"to": [9.5, 13.3, 10.5],
			"faces": {
				"north": {"uv": [6, 7, 7, 8], "texture": "#plant"},
				"east": {"uv": [6, 7, 7, 8], "texture": "#plant"},
				"south": {"uv": [6, 7, 7, 8], "texture": "#plant"},
				"west": {"uv": [6, 7, 7, 8], "texture": "#plant"},
				"up": {"uv": [6, 7, 7, 8], "texture": "#plant"},
				"down": {"uv": [6, 7, 7, 8], "texture": "#plant"}
			}
		},
		{
			"from": [9.5, 12.75, 8.5],
			"to": [10.5, 13.5, 9.5],
			"faces": {
				"north": {"uv": [7, 7, 8, 8], "texture": "#plant"},
				"east": {"uv": [7, 7, 8, 8], "texture": "#plant"},
				"south": {"uv": [8, 7, 9, 8], "texture": "#plant"},
				"west": {"uv": [8, 7, 9, 8], "texture": "#plant"},
				"up": {"uv": [7, 7, 8, 8], "texture": "#plant"},
				"down": {"uv": [7, 7, 8, 8], "texture": "#plant"}
			}
		},
		{
			"from": [9.5, 12.6, 6.5],
			"to": [10.5, 13.35, 7.5],
			"faces": {
				"north": {"uv": [9, 6, 10, 7], "texture": "#plant"},
				"east": {"uv": [9, 6, 10, 7], "texture": "#plant"},
				"south": {"uv": [9, 6, 10, 7], "texture": "#plant"},
				"west": {"uv": [9, 6, 10, 7], "texture": "#plant"},
				"up": {"uv": [9, 6, 10, 7], "texture": "#plant"},
				"down": {"uv": [9, 6, 10, 7], "texture": "#plant"}
			}
		},
		{
			"from": [8.5, 12.25, 5.5],
			"to": [9.5, 13, 6.5],
			"faces": {
				"north": {"uv": [9, 5, 10, 6], "texture": "#plant"},
				"east": {"uv": [9, 5, 10, 6], "texture": "#plant"},
				"south": {"uv": [9, 5, 10, 6], "texture": "#plant"},
				"west": {"uv": [9, 5, 10, 6], "texture": "#plant"},
				"up": {"uv": [9, 5, 10, 6], "texture": "#plant"},
				"down": {"uv": [9, 5, 10, 6], "texture": "#plant"}
			}
		},
		{
			"from": [6.5, 12.75, 5.5],
			"to": [7.5, 13.5, 6.5],
			"faces": {
				"north": {"uv": [7, 7, 8, 8], "texture": "#plant"},
				"east": {"uv": [7, 7, 8, 8], "texture": "#plant"},
				"south": {"uv": [7, 7, 8, 8], "texture": "#plant"},
				"west": {"uv": [7, 7, 8, 8], "texture": "#plant"},
				"up": {"uv": [7, 7, 8, 8], "texture": "#plant"},
				"down": {"uv": [7, 7, 8, 8], "texture": "#plant"}
			}
		},
		{
			"from": [5.5, 12.55, 6.5],
			"to": [6.5, 13.3, 7.5],
			"faces": {
				"north": {"uv": [10, 6, 11, 7], "texture": "#plant"},
				"east": {"uv": [10, 6, 11, 7], "texture": "#plant"},
				"south": {"uv": [10, 6, 11, 7], "texture": "#plant"},
				"west": {"uv": [10, 6, 11, 7], "texture": "#plant"},
				"up": {"uv": [10, 6, 11, 7], "texture": "#plant"},
				"down": {"uv": [10, 6, 11, 7], "texture": "#plant"}
			}
		},
		{
			"from": [5.5, 12.25, 8.5],
			"to": [6.5, 13, 9.5],
			"faces": {
				"north": {"uv": [9, 7, 10, 8], "texture": "#plant"},
				"east": {"uv": [9, 7, 10, 8], "texture": "#plant"},
				"south": {"uv": [9, 7, 10, 8], "texture": "#plant"},
				"west": {"uv": [9, 7, 10, 8], "texture": "#plant"},
				"up": {"uv": [9, 7, 10, 8], "texture": "#plant"},
				"down": {"uv": [9, 7, 10, 8], "texture": "#plant"}
			}
		},
		{
			"from": [6.5, 12.75, 9.5],
			"to": [7.5, 13.5, 10.5],
			"faces": {
				"north": {"uv": [9, 7, 10, 8], "texture": "#plant"},
				"east": {"uv": [9, 7, 10, 8], "texture": "#plant"},
				"south": {"uv": [9, 7, 10, 8], "texture": "#plant"},
				"west": {"uv": [9, 7, 10, 8], "texture": "#plant"},
				"up": {"uv": [9, 7, 10, 8], "texture": "#plant"},
				"down": {"uv": [9, 7, 10, 8], "texture": "#plant"}
			}
		},
		{
			"from": [7.5, 5, 6.5],
			"to": [8.5, 6, 7.5],
			"faces": {
				"north": {"uv": [7, 15, 8, 16], "texture": "#plant"},
				"east": {"uv": [7, 15, 8, 16], "texture": "#plant"},
				"south": {"uv": [7, 15, 8, 16], "texture": "#plant"},
				"west": {"uv": [7, 15, 8, 16], "texture": "#plant"},
				"up": {"uv": [7, 15, 8, 16], "texture": "#plant"},
				"down": {"uv": [7, 15, 8, 16], "texture": "#plant"}
			}
		},
		{
			"from": [7.5, 5, 8.5],
			"to": [8.5, 6, 9.5],
			"faces": {
				"north": {"uv": [7, 15, 8, 16], "texture": "#plant"},
				"east": {"uv": [7, 15, 8, 16], "texture": "#plant"},
				"south": {"uv": [7, 15, 8, 16], "texture": "#plant"},
				"west": {"uv": [7, 15, 8, 16], "texture": "#plant"},
				"up": {"uv": [7, 15, 8, 16], "texture": "#plant"},
				"down": {"uv": [7, 15, 8, 16], "texture": "#plant"}
			}
		},
		{
			"from": [8.5, 5, 7.5],
			"to": [9.5, 6, 8.5],
			"faces": {
				"north": {"uv": [7, 15, 8, 16], "texture": "#plant"},
				"east": {"uv": [7, 15, 8, 16], "texture": "#plant"},
				"south": {"uv": [7, 15, 8, 16], "texture": "#plant"},
				"west": {"uv": [7, 15, 8, 16], "texture": "#plant"},
				"up": {"uv": [7, 15, 8, 16], "texture": "#plant"},
				"down": {"uv": [7, 15, 8, 16], "texture": "#plant"}
			}
		},
		{
			"from": [6.5, 5, 7.5],
			"to": [7.5, 6, 8.5],
			"faces": {
				"north": {"uv": [7, 15, 8, 16], "texture": "#plant"},
				"east": {"uv": [7, 15, 8, 16], "texture": "#plant"},
				"south": {"uv": [7, 15, 8, 16], "texture": "#plant"},
				"west": {"uv": [7, 15, 8, 16], "texture": "#plant"},
				"up": {"uv": [7, 15, 8, 16], "texture": "#plant"},
				"down": {"uv": [7, 15, 8, 16], "texture": "#plant"}
			}
		},
		{
			"from": [7.5, 9, 6.5],
			"to": [8.5, 11, 7.5],
			"faces": {
				"north": {"uv": [9, 10, 10, 12], "texture": "#plant"},
				"east": {"uv": [9, 10, 10, 12], "texture": "#plant"},
				"south": {"uv": [9, 10, 10, 12], "texture": "#plant"},
				"west": {"uv": [9, 10, 10, 12], "texture": "#plant"},
				"up": {"uv": [9, 10, 10, 11], "texture": "#plant"},
				"down": {"uv": [9, 11, 10, 12], "texture": "#plant"}
			}
		},
		{
			"from": [7, 8.5, 5.5],
			"to": [8, 10.5, 6.5],
			"faces": {
				"north": {"uv": [10, 10, 11, 12], "texture": "#plant"},
				"east": {"uv": [10, 10, 11, 12], "texture": "#plant"},
				"south": {"uv": [10, 10, 11, 12], "texture": "#plant"},
				"west": {"uv": [10, 10, 11, 12], "texture": "#plant"},
				"up": {"uv": [10, 10, 11, 11], "texture": "#plant"},
				"down": {"uv": [10, 11, 11, 12], "texture": "#plant"}
			}
		},
		{
			"from": [7.5, 8, 4.5],
			"to": [8.5, 9, 5.5],
			"faces": {
				"north": {"uv": [11, 11, 12, 12], "texture": "#plant"},
				"east": {"uv": [11, 11, 12, 12], "texture": "#plant"},
				"south": {"uv": [11, 11, 12, 12], "texture": "#plant"},
				"west": {"uv": [11, 11, 12, 12], "texture": "#plant"},
				"up": {"uv": [11, 11, 12, 12], "texture": "#plant"},
				"down": {"uv": [11, 11, 12, 12], "texture": "#plant"}
			}
		},
		{
			"from": [8, 7, 3.5],
			"to": [9, 8, 4.5],
			"faces": {
				"north": {"uv": [11, 11, 12, 12], "texture": "#plant"},
				"east": {"uv": [11, 11, 12, 12], "texture": "#plant"},
				"south": {"uv": [11, 11, 12, 12], "texture": "#plant"},
				"west": {"uv": [11, 11, 12, 12], "texture": "#plant"},
				"up": {"uv": [11, 11, 12, 12], "texture": "#plant"},
				"down": {"uv": [11, 11, 12, 12], "texture": "#plant"}
			}
		},
		{
			"from": [6.5, 8.5, 7.5],
			"to": [7.5, 10.5, 8.5],
			"faces": {
				"north": {"uv": [9, 10, 10, 12], "texture": "#plant"},
				"east": {"uv": [9, 10, 10, 12], "texture": "#plant"},
				"south": {"uv": [9, 10, 10, 12], "texture": "#plant"},
				"west": {"uv": [9, 10, 10, 12], "texture": "#plant"},
				"up": {"uv": [9, 10, 10, 11], "rotation": 270, "texture": "#plant"},
				"down": {"uv": [9, 11, 10, 12], "rotation": 90, "texture": "#plant"}
			}
		},
		{
			"from": [5.5, 8, 8],
			"to": [6.5, 10, 9],
			"faces": {
				"north": {"uv": [10, 10, 11, 12], "texture": "#plant"},
				"east": {"uv": [10, 10, 11, 12], "texture": "#plant"},
				"south": {"uv": [10, 10, 11, 12], "texture": "#plant"},
				"west": {"uv": [10, 10, 11, 12], "texture": "#plant"},
				"up": {"uv": [10, 10, 11, 11], "rotation": 270, "texture": "#plant"},
				"down": {"uv": [10, 11, 11, 12], "rotation": 90, "texture": "#plant"}
			}
		},
		{
			"from": [4.5, 7, 7.5],
			"to": [5.5, 8, 8.5],
			"faces": {
				"north": {"uv": [11, 11, 12, 12], "texture": "#plant"},
				"east": {"uv": [11, 11, 12, 12], "texture": "#plant"},
				"south": {"uv": [11, 11, 12, 12], "texture": "#plant"},
				"west": {"uv": [11, 11, 12, 12], "texture": "#plant"},
				"up": {"uv": [11, 11, 12, 12], "rotation": 270, "texture": "#plant"},
				"down": {"uv": [11, 11, 12, 12], "rotation": 90, "texture": "#plant"}
			}
		},
		{
			"from": [7.5, 7.5, 8.5],
			"to": [8.5, 9.5, 9.5],
			"faces": {
				"north": {"uv": [9, 10, 10, 12], "texture": "#plant"},
				"east": {"uv": [9, 10, 10, 12], "texture": "#plant"},
				"south": {"uv": [9, 10, 10, 12], "texture": "#plant"},
				"west": {"uv": [9, 10, 10, 12], "texture": "#plant"},
				"up": {"uv": [9, 10, 10, 11], "rotation": 180, "texture": "#plant"},
				"down": {"uv": [9, 11, 10, 12], "rotation": 180, "texture": "#plant"}
			}
		},
		{
			"from": [8, 7, 9.5],
			"to": [9, 9, 10.5],
			"faces": {
				"north": {"uv": [10, 10, 11, 12], "texture": "#plant"},
				"east": {"uv": [10, 10, 11, 12], "texture": "#plant"},
				"south": {"uv": [10, 10, 11, 12], "texture": "#plant"},
				"west": {"uv": [10, 10, 11, 12], "texture": "#plant"},
				"up": {"uv": [10, 10, 11, 11], "rotation": 180, "texture": "#plant"},
				"down": {"uv": [10, 11, 11, 12], "rotation": 180, "texture": "#plant"}
			}
		},
		{
			"from": [7.5, 6, 10.5],
			"to": [8.5, 7, 11.5],
			"faces": {
				"north": {"uv": [11, 11, 12, 12], "texture": "#plant"},
				"east": {"uv": [11, 11, 12, 12], "texture": "#plant"},
				"south": {"uv": [11, 11, 12, 12], "texture": "#plant"},
				"west": {"uv": [11, 11, 12, 12], "texture": "#plant"},
				"up": {"uv": [11, 11, 12, 12], "rotation": 180, "texture": "#plant"},
				"down": {"uv": [11, 11, 12, 12], "rotation": 180, "texture": "#plant"}
			}
		},
		{
			"from": [8.5, 9.5, 7.5],
			"to": [9.5, 11.5, 8.5],
			"faces": {
				"north": {"uv": [9, 10, 10, 12], "texture": "#plant"},
				"east": {"uv": [9, 10, 10, 12], "texture": "#plant"},
				"south": {"uv": [9, 10, 10, 12], "texture": "#plant"},
				"west": {"uv": [9, 10, 10, 12], "texture": "#plant"},
				"up": {"uv": [9, 10, 10, 11], "rotation": 90, "texture": "#plant"},
				"down": {"uv": [9, 11, 10, 12], "rotation": 270, "texture": "#plant"}
			}
		},
		{
			"from": [9.5, 9, 7],
			"to": [10.5, 11, 8],
			"faces": {
				"north": {"uv": [10, 10, 11, 12], "texture": "#plant"},
				"east": {"uv": [10, 10, 11, 12], "texture": "#plant"},
				"south": {"uv": [10, 10, 11, 12], "texture": "#plant"},
				"west": {"uv": [10, 10, 11, 12], "texture": "#plant"},
				"up": {"uv": [10, 10, 11, 11], "rotation": 90, "texture": "#plant"},
				"down": {"uv": [10, 11, 11, 12], "rotation": 270, "texture": "#plant"}
			}
		},
		{
			"from": [10.5, 8, 7.5],
			"to": [11.5, 9, 8.5],
			"faces": {
				"north": {"uv": [11, 11, 12, 12], "texture": "#plant"},
				"east": {"uv": [11, 11, 12, 12], "texture": "#plant"},
				"south": {"uv": [11, 11, 12, 12], "texture": "#plant"},
				"west": {"uv": [11, 11, 12, 12], "texture": "#plant"},
				"up": {"uv": [11, 11, 12, 12], "rotation": 90, "texture": "#plant"},
				"down": {"uv": [11, 11, 12, 12], "rotation": 270, "texture": "#plant"}
			}
		}
	],
	"groups": [
		{
			"name": "group",
			"origin": [0, 0, 0],
			"color": 0,
			"children": [0, 1, 2, 3, 4, 5]
		}, 6, 7, 8, 9, 10, 11, 12, 13, 14, 15, 16, 17, 18, 19, 20, 21, 22, 23, 24, 25, 26, 27, 28, 29, 30, 31, 32, 33, 34, 35, 36, 37, 38, 39, 40, 41, 42, 43, 44]
}