{
	"credit": "by ZiYun",
	"parent": "minecraft:block/flower_pot_cross",
	"textures": {
		"1": "block/flower_pot",
		"2": "block/dirt",
		"plant": "block/blue_orchid",
		"particle": "block/flower_pot"
	},
	"elements": [
		{
			"from": [6, 0, 5.002],
			"to": [9.9998, 6, 6],
			"faces": {
				"north": {"uv": [6.01, 10.01, 9.99, 15.99], "texture": "#1"},
				"east": {"uv": [0, 0, 0, 0], "texture": "#1"},
				"south": {"uv": [9.99, 10.01, 6.01, 15.99], "texture": "#1"},
				"west": {"uv": [0, 0, 0, 0], "texture": "#1"},
				"up": {"uv": [6.01, 10.01, 9.99, 10.99], "rotation": 180, "texture": "#1"},
				"down": {"uv": [6.01, 15.01, 9.99, 15.99], "rotation": 180, "texture": "#1", "cullface": "down"}
			}
		},
		{
			"from": [5.002, 0, 5.002],
			"to": [6, 6, 10.998],
			"faces": {
				"north": {"uv": [5.01, 10.01, 5.99, 15.99], "texture": "#1"},
				"east": {"uv": [10.99, 10.01, 5.01, 15.99], "texture": "#1"},
				"south": {"uv": [10.01, 10.01, 10.99, 15.99], "texture": "#1"},
				"west": {"uv": [5.01, 10.01, 10.99, 15.99], "texture": "#1"},
				"up": {"uv": [5.01, 10.01, 10.99, 10.99], "rotation": 90, "texture": "#1"},
				"down": {"uv": [5.01, 15.01, 10.99, 15.99], "rotation": 270, "texture": "#1", "cullface": "down"}
			}
		},
		{
			"from": [6, 5, 6],
			"to": [10, 5, 10],
			"faces": {
				"north": {"uv": [0, 0, 0, 0], "texture": "#2"},
				"east": {"uv": [0, 0, 0, 0], "texture": "#2"},
				"south": {"uv": [0, 0, 0, 0], "texture": "#2"},
				"west": {"uv": [0, 0, 0, 0], "texture": "#2"},
				"up": {"uv": [6, 6.5, 10, 10.5], "texture": "#2"},
				"down": {"uv": [6, 6.5, 10, 10.5], "texture": "#2"}
			}
		},
		{
			"from": [6, 1, 6],
			"to": [10, 1, 10],
			"faces": {
				"north": {"uv": [0, 0, 0, 0], "texture": "#1"},
				"east": {"uv": [0, 0, 0, 0], "texture": "#1"},
				"south": {"uv": [0, 0, 0, 0], "texture": "#1"},
				"west": {"uv": [0, 0, 0, 0], "texture": "#1"},
				"up": {"uv": [0, 0, 0, 0], "texture": "#1"},
				"down": {"uv": [6, 12, 10, 16], "texture": "#1", "cullface": "down"}
			}
		},
		{
			"from": [10, 0, 5.002],
			"to": [10.998, 6, 10.998],
			"faces": {
				"north": {"uv": [10.01, 10.01, 10.99, 15.99], "texture": "#1"},
				"east": {"uv": [5.01, 10.01, 10.99, 15.99], "texture": "#1"},
				"south": {"uv": [5.01, 10.01, 5.99, 15.99], "texture": "#1"},
				"west": {"uv": [10.99, 10.01, 5.01, 15.99], "texture": "#1"},
				"up": {"uv": [5.01, 10.01, 10.99, 10.99], "rotation": 270, "texture": "#1"},
				"down": {"uv": [5.01, 15.01, 10.99, 15.99], "rotation": 90, "texture": "#1", "cullface": "down"}
			}
		},
		{
			"from": [6, 0, 10],
			"to": [9.9998, 6, 10.998],
			"faces": {
				"north": {"uv": [9.99, 10.01, 6.01, 15.99], "texture": "#1"},
				"east": {"uv": [0, 0, 0, 0], "texture": "#1"},
				"south": {"uv": [6.01, 10.01, 9.99, 15.99], "texture": "#1"},
				"west": {"uv": [0, 0, 0, 0], "texture": "#1"},
				"up": {"uv": [6.01, 10.01, 9.99, 10.99], "texture": "#1"},
				"down": {"uv": [6.01, 15.01, 9.99, 15.99], "texture": "#1", "cullface": "down"}
			}
		},
		{
			"from": [7.5, 5, 7.5],
			"to": [8.5, 8, 8.5],
			"faces": {
				"north": {"uv": [8, 13, 9, 16], "texture": "#plant"},
				"east": {"uv": [8, 13, 9, 16], "texture": "#plant"},
				"south": {"uv": [8, 13, 9, 16], "texture": "#plant"},
				"west": {"uv": [8, 13, 9, 16], "texture": "#plant"},
				"up": {"uv": [8, 8, 9, 9], "texture": "#plant"},
				"down": {"uv": [8, 15, 9, 16], "texture": "#plant"}
			}
		},
		{
			"from": [7.5, 8, 7.5],
			"to": [8.5, 11, 8.5],
			"faces": {
				"north": {"uv": [8, 13, 9, 16], "rotation": 180, "texture": "#plant"},
				"east": {"uv": [8, 13, 9, 16], "rotation": 180, "texture": "#plant"},
				"south": {"uv": [8, 13, 9, 16], "rotation": 180, "texture": "#plant"},
				"west": {"uv": [8, 13, 9, 16], "rotation": 180, "texture": "#plant"},
				"up": {"uv": [8, 8, 9, 9], "texture": "#plant"},
				"down": {"uv": [8, 15, 9, 16], "texture": "#plant"}
			}
		},
		{
			"from": [8.5, 7, 7],
			"to": [9.5, 9, 8],
			"faces": {
				"north": {"uv": [7, 12, 8, 14], "texture": "#plant"},
				"east": {"uv": [7, 12, 8, 14], "texture": "#plant"},
				"south": {"uv": [7, 12, 8, 14], "texture": "#plant"},
				"west": {"uv": [7, 12, 8, 14], "texture": "#plant"},
				"up": {"uv": [7, 12, 8, 13], "texture": "#plant"},
				"down": {"uv": [7, 13, 8, 14], "texture": "#plant"}
			}
		},
		{
			"from": [9.5, 8, 7.5],
			"to": [10.5, 10, 8.5],
			"faces": {
				"north": {"uv": [6, 11, 7, 13], "texture": "#plant"},
				"east": {"uv": [6, 11, 7, 13], "texture": "#plant"},
				"south": {"uv": [6, 11, 7, 13], "texture": "#plant"},
				"west": {"uv": [6, 11, 7, 13], "texture": "#plant"},
				"up": {"uv": [6, 11, 7, 12], "texture": "#plant"},
				"down": {"uv": [6, 12, 7, 13], "texture": "#plant"}
			}
		},
		{
			"from": [7.5, 8, 7.5],
			"to": [8.5, 10, 8.5],
			"faces": {
				"north": {"uv": [7, 12, 8, 14], "texture": "#plant"},
				"east": {"uv": [7, 12, 8, 14], "texture": "#plant"},
				"south": {"uv": [7, 12, 8, 14], "texture": "#plant"},
				"west": {"uv": [7, 12, 8, 14], "texture": "#plant"},
				"up": {"uv": [7, 12, 8, 13], "texture": "#plant"},
				"down": {"uv": [7, 13, 8, 14], "texture": "#plant"}
			}
		},
		{
			"from": [6.5, 9, 8],
			"to": [7.5, 11, 9],
			"faces": {
				"north": {"uv": [6, 11, 7, 13], "texture": "#plant"},
				"east": {"uv": [6, 11, 7, 13], "texture": "#plant"},
				"south": {"uv": [6, 11, 7, 13], "texture": "#plant"},
				"west": {"uv": [6, 11, 7, 13], "texture": "#plant"},
				"up": {"uv": [6, 11, 7, 12], "texture": "#plant"},
				"down": {"uv": [6, 12, 7, 13], "texture": "#plant"}
			}
		},
		{
			"from": [5.5, 11, 7.5],
			"to": [6.5, 12, 8.5],
			"faces": {
				"north": {"uv": [11, 8, 12, 9], "texture": "#plant"},
				"east": {"uv": [11, 8, 12, 9], "texture": "#plant"},
				"south": {"uv": [11, 8, 12, 9], "texture": "#plant"},
				"west": {"uv": [11, 8, 12, 9], "texture": "#plant"},
				"up": {"uv": [11, 8, 12, 9], "texture": "#plant"},
				"down": {"uv": [11, 8, 12, 9], "texture": "#plant"}
			}
		},
		{
			"from": [4.5, 12, 7],
			"to": [5.5, 13, 8],
			"faces": {
				"north": {"uv": [12, 7, 13, 8], "texture": "#plant"},
				"east": {"uv": [12, 7, 13, 8], "texture": "#plant"},
				"south": {"uv": [12, 7, 13, 8], "texture": "#plant"},
				"west": {"uv": [12, 7, 13, 8], "texture": "#plant"},
				"up": {"uv": [12, 7, 13, 8], "texture": "#plant"},
				"down": {"uv": [12, 7, 13, 8], "texture": "#plant"}
			}
		},
		{
			"from": [10.5, 9, 8],
			"to": [11.5, 10, 9],
			"faces": {
				"north": {"uv": [3, 10, 4, 11], "texture": "#plant"},
				"east": {"uv": [3, 10, 4, 11], "texture": "#plant"},
				"south": {"uv": [3, 10, 4, 11], "texture": "#plant"},
				"west": {"uv": [3, 10, 4, 11], "texture": "#plant"},
				"up": {"uv": [3, 10, 4, 11], "texture": "#plant"},
				"down": {"uv": [3, 10, 4, 11], "texture": "#plant"}
			}
		},
		{
			"from": [11, 9, 9],
			"to": [12, 10, 10],
			"faces": {
				"north": {"uv": [4, 9, 5, 10], "texture": "#plant"},
				"east": {"uv": [4, 9, 5, 10], "texture": "#plant"},
				"south": {"uv": [4, 9, 5, 10], "texture": "#plant"},
				"west": {"uv": [4, 9, 5, 10], "texture": "#plant"},
				"up": {"uv": [4, 9, 5, 10], "texture": "#plant"},
				"down": {"uv": [4, 9, 5, 10], "texture": "#plant"}
			}
		},
		{
			"from": [11, 8, 8],
			"to": [12, 9, 9],
			"faces": {
				"north": {"uv": [4, 9, 5, 10], "texture": "#plant"},
				"east": {"uv": [4, 9, 5, 10], "texture": "#plant"},
				"south": {"uv": [4, 9, 5, 10], "texture": "#plant"},
				"west": {"uv": [4, 9, 5, 10], "texture": "#plant"},
				"up": {"uv": [4, 9, 5, 10], "texture": "#plant"},
				"down": {"uv": [4, 9, 5, 10], "texture": "#plant"}
			}
		},
		{
			"from": [7, 8, 6.5],
			"to": [8, 10, 7.5],
			"faces": {
				"north": {"uv": [7, 12, 8, 14], "texture": "#plant"},
				"east": {"uv": [7, 12, 8, 14], "texture": "#plant"},
				"south": {"uv": [7, 12, 8, 14], "texture": "#plant"},
				"west": {"uv": [7, 12, 8, 14], "texture": "#plant"},
				"up": {"uv": [7, 12, 8, 13], "rotation": 270, "texture": "#plant"},
				"down": {"uv": [7, 13, 8, 14], "rotation": 90, "texture": "#plant"}
			}
		},
		{
			"from": [7.5, 9, 5.5],
			"to": [8.5, 11, 6.5],
			"faces": {
				"north": {"uv": [6, 11, 7, 13], "texture": "#plant"},
				"east": {"uv": [6, 11, 7, 13], "texture": "#plant"},
				"south": {"uv": [6, 11, 7, 13], "texture": "#plant"},
				"west": {"uv": [6, 11, 7, 13], "texture": "#plant"},
				"up": {"uv": [6, 11, 7, 12], "rotation": 270, "texture": "#plant"},
				"down": {"uv": [6, 12, 7, 13], "rotation": 90, "texture": "#plant"}
			}
		},
		{
			"from": [8, 9, 4],
			"to": [9, 10, 5],
			"faces": {
				"north": {"uv": [4, 9, 5, 10], "texture": "#plant"},
				"east": {"uv": [4, 9, 5, 10], "texture": "#plant"},
				"south": {"uv": [4, 9, 5, 10], "texture": "#plant"},
				"west": {"uv": [4, 9, 5, 10], "texture": "#plant"},
				"up": {"uv": [4, 9, 5, 10], "rotation": 270, "texture": "#plant"},
				"down": {"uv": [4, 9, 5, 10], "rotation": 90, "texture": "#plant"}
			}
		},
		{
			"from": [9, 10, 4],
			"to": [10, 11, 5],
			"faces": {
				"north": {"uv": [4, 9, 5, 10], "texture": "#plant"},
				"east": {"uv": [4, 9, 5, 10], "texture": "#plant"},
				"south": {"uv": [4, 9, 5, 10], "texture": "#plant"},
				"west": {"uv": [4, 9, 5, 10], "texture": "#plant"},
				"up": {"uv": [4, 9, 5, 10], "rotation": 270, "texture": "#plant"},
				"down": {"uv": [4, 9, 5, 10], "rotation": 90, "texture": "#plant"}
			}
		},
		{
			"from": [8, 10, 4.5],
			"to": [9, 11, 5.5],
			"faces": {
				"north": {"uv": [3, 10, 4, 11], "texture": "#plant"},
				"east": {"uv": [3, 10, 4, 11], "texture": "#plant"},
				"south": {"uv": [3, 10, 4, 11], "texture": "#plant"},
				"west": {"uv": [3, 10, 4, 11], "texture": "#plant"},
				"up": {"uv": [3, 10, 4, 11], "rotation": 270, "texture": "#plant"},
				"down": {"uv": [3, 10, 4, 11], "rotation": 90, "texture": "#plant"}
			}
		},
		{
			"from": [3.5, 12, 7.5],
			"to": [4.5, 13, 8.5],
			"faces": {
				"north": {"uv": [3, 10, 4, 11], "texture": "#plant"},
				"east": {"uv": [3, 10, 4, 11], "texture": "#plant"},
				"south": {"uv": [3, 10, 4, 11], "texture": "#plant"},
				"west": {"uv": [3, 10, 4, 11], "texture": "#plant"},
				"up": {"uv": [3, 10, 4, 11], "rotation": 180, "texture": "#plant"},
				"down": {"uv": [3, 10, 4, 11], "rotation": 180, "texture": "#plant"}
			}
		},
		{
			"from": [3, 12, 6.5],
			"to": [4, 13, 7.5],
			"faces": {
				"north": {"uv": [4, 9, 5, 10], "texture": "#plant"},
				"east": {"uv": [4, 9, 5, 10], "texture": "#plant"},
				"south": {"uv": [4, 9, 5, 10], "texture": "#plant"},
				"west": {"uv": [4, 9, 5, 10], "texture": "#plant"},
				"up": {"uv": [4, 9, 5, 10], "rotation": 180, "texture": "#plant"},
				"down": {"uv": [4, 9, 5, 10], "rotation": 180, "texture": "#plant"}
			}
		},
		{
			"from": [3, 11, 7.5],
			"to": [4, 12, 8.5],
			"faces": {
				"north": {"uv": [4, 9, 5, 10], "texture": "#plant"},
				"east": {"uv": [4, 9, 5, 10], "texture": "#plant"},
				"south": {"uv": [4, 9, 5, 10], "texture": "#plant"},
				"west": {"uv": [4, 9, 5, 10], "texture": "#plant"},
				"up": {"uv": [4, 9, 5, 10], "rotation": 180, "texture": "#plant"},
				"down": {"uv": [4, 9, 5, 10], "rotation": 180, "texture": "#plant"}
			}
		},
		{
			"from": [7.5, 9, 9.5],
			"to": [8.5, 11, 10.5],
			"faces": {
				"north": {"uv": [6, 11, 7, 13], "texture": "#plant"},
				"east": {"uv": [6, 11, 7, 13], "texture": "#plant"},
				"south": {"uv": [6, 11, 7, 13], "texture": "#plant"},
				"west": {"uv": [6, 11, 7, 13], "texture": "#plant"},
				"up": {"uv": [6, 11, 7, 12], "rotation": 270, "texture": "#plant"},
				"down": {"uv": [6, 12, 7, 13], "rotation": 90, "texture": "#plant"}
			}
		},
		{
			"from": [8, 8, 8.5],
			"to": [9, 10, 9.5],
			"faces": {
				"north": {"uv": [7, 12, 8, 14], "texture": "#plant"},
				"east": {"uv": [7, 12, 8, 14], "texture": "#plant"},
				"south": {"uv": [7, 12, 8, 14], "texture": "#plant"},
				"west": {"uv": [7, 12, 8, 14], "texture": "#plant"},
				"up": {"uv": [7, 12, 8, 13], "rotation": 270, "texture": "#plant"},
				"down": {"uv": [7, 13, 8, 14], "rotation": 90, "texture": "#plant"}
			}
		},
		{
			"from": [7.5, 11, 10.5],
			"to": [8.5, 12, 11.5],
			"faces": {
				"north": {"uv": [11, 8, 12, 9], "texture": "#plant"},
				"east": {"uv": [11, 8, 12, 9], "texture": "#plant"},
				"south": {"uv": [11, 8, 12, 9], "texture": "#plant"},
				"west": {"uv": [11, 8, 12, 9], "texture": "#plant"},
				"up": {"uv": [11, 8, 12, 9], "rotation": 270, "texture": "#plant"},
				"down": {"uv": [11, 8, 12, 9], "rotation": 90, "texture": "#plant"}
			}
		},
		{
			"from": [7, 12, 11.5],
			"to": [8, 13, 12.5],
			"faces": {
				"north": {"uv": [12, 7, 13, 8], "texture": "#plant"},
				"east": {"uv": [12, 7, 13, 8], "texture": "#plant"},
				"south": {"uv": [12, 7, 13, 8], "texture": "#plant"},
				"west": {"uv": [12, 7, 13, 8], "texture": "#plant"},
				"up": {"uv": [12, 7, 13, 8], "rotation": 270, "texture": "#plant"},
				"down": {"uv": [12, 7, 13, 8], "rotation": 90, "texture": "#plant"}
			}
		},
		{
			"from": [7.5, 11, 13],
			"to": [8.5, 12, 14],
			"faces": {
				"north": {"uv": [4, 9, 5, 10], "texture": "#plant"},
				"east": {"uv": [4, 9, 5, 10], "texture": "#plant"},
				"south": {"uv": [4, 9, 5, 10], "texture": "#plant"},
				"west": {"uv": [4, 9, 5, 10], "texture": "#plant"},
				"up": {"uv": [4, 9, 5, 10], "rotation": 90, "texture": "#plant"},
				"down": {"uv": [4, 9, 5, 10], "rotation": 270, "texture": "#plant"}
			}
		},
		{
			"from": [6.5, 12, 13],
			"to": [7.5, 13, 14],
			"faces": {
				"north": {"uv": [4, 9, 5, 10], "texture": "#plant"},
				"east": {"uv": [4, 9, 5, 10], "texture": "#plant"},
				"south": {"uv": [4, 9, 5, 10], "texture": "#plant"},
				"west": {"uv": [4, 9, 5, 10], "texture": "#plant"},
				"up": {"uv": [4, 9, 5, 10], "rotation": 90, "texture": "#plant"},
				"down": {"uv": [4, 9, 5, 10], "rotation": 270, "texture": "#plant"}
			}
		},
		{
			"from": [7.5, 12, 12.5],
			"to": [8.5, 13, 13.5],
			"faces": {
				"north": {"uv": [3, 10, 4, 11], "texture": "#plant"},
				"east": {"uv": [3, 10, 4, 11], "texture": "#plant"},
				"south": {"uv": [3, 10, 4, 11], "texture": "#plant"},
				"west": {"uv": [3, 10, 4, 11], "texture": "#plant"},
				"up": {"uv": [3, 10, 4, 11], "rotation": 90, "texture": "#plant"},
				"down": {"uv": [3, 10, 4, 11], "rotation": 270, "texture": "#plant"}
			}
		},
		{
			"from": [3, 12, 8.5],
			"to": [4, 13, 9.5],
			"faces": {
				"north": {"uv": [4, 9, 5, 10], "texture": "#plant"},
				"east": {"uv": [4, 9, 5, 10], "texture": "#plant"},
				"south": {"uv": [4, 9, 5, 10], "texture": "#plant"},
				"west": {"uv": [4, 9, 5, 10], "texture": "#plant"},
				"up": {"uv": [4, 9, 5, 10], "rotation": 180, "texture": "#plant"},
				"down": {"uv": [4, 9, 5, 10], "rotation": 180, "texture": "#plant"}
			}
		},
		{
			"from": [7.5, 13, 13],
			"to": [8.5, 14, 14],
			"faces": {
				"north": {"uv": [4, 9, 5, 10], "texture": "#plant"},
				"east": {"uv": [4, 9, 5, 10], "texture": "#plant"},
				"south": {"uv": [4, 9, 5, 10], "texture": "#plant"},
				"west": {"uv": [4, 9, 5, 10], "texture": "#plant"},
				"up": {"uv": [4, 9, 5, 10], "rotation": 90, "texture": "#plant"},
				"down": {"uv": [4, 9, 5, 10], "rotation": 270, "texture": "#plant"}
			}
		},
		{
			"from": [8.5, 12, 13],
			"to": [9.5, 13, 14],
			"faces": {
				"north": {"uv": [4, 9, 5, 10], "texture": "#plant"},
				"east": {"uv": [4, 9, 5, 10], "texture": "#plant"},
				"south": {"uv": [4, 9, 5, 10], "texture": "#plant"},
				"west": {"uv": [4, 9, 5, 10], "texture": "#plant"},
				"up": {"uv": [4, 9, 5, 10], "rotation": 90, "texture": "#plant"},
				"down": {"uv": [4, 9, 5, 10], "rotation": 270, "texture": "#plant"}
			}
		},
		{
			"from": [8, 10, 4.5],
			"to": [9, 11, 5.5],
			"faces": {
				"north": {"uv": [3, 10, 4, 11], "texture": "#plant"},
				"east": {"uv": [3, 10, 4, 11], "texture": "#plant"},
				"south": {"uv": [3, 10, 4, 11], "texture": "#plant"},
				"west": {"uv": [3, 10, 4, 11], "texture": "#plant"},
				"up": {"uv": [3, 10, 4, 11], "rotation": 270, "texture": "#plant"},
				"down": {"uv": [3, 10, 4, 11], "rotation": 90, "texture": "#plant"}
			}
		}
	],
	"groups": [
		{
			"name": "group",
			"origin": [0, 0, 0],
			"color": 0,
			"children": [0, 1, 2, 3, 4, 5]
		}, 6, 7, 8, 9, 10, 11, 12, 13, 14, 15, 16, 17, 18, 19, 20, 21, 22, 23, 24, 25, 26, 27, 28, 29, 30, 31, 32, 33, 34, 35]
}