{
	"credit": "by ZiYun",
	"textures": {
		"1": "block/on",
		"particle": "#texture"
	},
	"elements": [
		{
			"from": [1, 0, 1],
			"to": [2, 0.5, 15],
			"faces": {
				"north": {"uv": [1, 15, 15, 15.5], "texture": "#texture"},
				"east": {"uv": [1, 15, 15, 15.5], "texture": "#texture"},
				"south": {"uv": [1, 15, 15, 15.5], "texture": "#texture"},
				"west": {"uv": [1, 15, 15, 15.5], "texture": "#texture"},
				"up": {"uv": [14, 1, 15, 15], "texture": "#texture"},
				"down": {"uv": [14, 1, 15, 15], "texture": "#texture", "cullface": "down"}
			}
		},
		{
			"from": [2, 0, 14],
			"to": [14, 0.5, 15],
			"faces": {
				"north": {"uv": [1, 15, 15, 15.5], "texture": "#texture"},
				"east": {"uv": [1, 15, 15, 15.5], "texture": "#texture"},
				"south": {"uv": [1, 15, 15, 15.5], "texture": "#texture"},
				"west": {"uv": [1, 15, 15, 15.5], "texture": "#texture"},
				"up": {"uv": [1, 1, 15, 2], "texture": "#texture"},
				"down": {"uv": [1, 1, 15, 2], "texture": "#texture", "cullface": "down"}
			}
		},
		{
			"from": [2, 0, 1],
			"to": [14, 0.5, 2],
			"faces": {
				"north": {"uv": [1, 15, 15, 15.5], "texture": "#texture"},
				"east": {"uv": [1, 15, 15, 15.5], "texture": "#texture"},
				"south": {"uv": [1, 15, 15, 15.5], "texture": "#texture"},
				"west": {"uv": [1, 15, 15, 15.5], "texture": "#texture"},
				"up": {"uv": [1, 14, 15, 15], "texture": "#texture"},
				"down": {"uv": [1, 14, 15, 15], "texture": "#texture", "cullface": "down"}
			}
		},
		{
			"from": [3, 0, 3],
			"to": [13, 0.5, 13],
			"faces": {
				"north": {"uv": [1, 15, 15, 15.5], "texture": "#texture"},
				"east": {"uv": [1, 15, 15, 15.5], "texture": "#texture"},
				"south": {"uv": [1, 15, 15, 15.5], "texture": "#texture"},
				"west": {"uv": [1, 15, 15, 15.5], "texture": "#texture"},
				"up": {"uv": [3, 3, 13, 13], "texture": "#texture"},
				"down": {"uv": [3, 3, 13, 13], "texture": "#texture", "cullface": "down"}
			}
		},
		{
			"from": [14, 0, 1],
			"to": [15, 0.5, 15],
			"faces": {
				"north": {"uv": [1, 15, 15, 15.5], "texture": "#texture"},
				"east": {"uv": [1, 15, 15, 15.5], "texture": "#texture"},
				"south": {"uv": [1, 15, 15, 15.5], "texture": "#texture"},
				"west": {"uv": [1, 15, 15, 15.5], "texture": "#texture"},
				"up": {"uv": [1, 1, 2, 15], "texture": "#texture"},
				"down": {"uv": [1, 1, 2, 15], "texture": "#texture", "cullface": "down"}
			}
		},
		{
			"from": [3, 0, 13],
			"to": [13, 0.35, 14],
			"faces": {
				"north": {"uv": [2, 9, 4, 10], "texture": "#1"},
				"east": {"uv": [2, 10, 4, 11], "texture": "#1"},
				"south": {"uv": [2, 10, 4, 11], "texture": "#1"},
				"west": {"uv": [2, 10, 4, 11], "texture": "#1"},
				"up": {"uv": [7, 1, 9, 2], "texture": "#1"},
				"down": {"uv": [7, 1, 9, 2], "texture": "#1", "cullface": "down"}
			}
		},
		{
			"from": [2, 0, 2],
			"to": [3, 0.35, 14],
			"faces": {
				"north": {"uv": [2, 9, 4, 10], "texture": "#1"},
				"east": {"uv": [2, 10, 4, 11], "texture": "#1"},
				"south": {"uv": [2, 10, 4, 11], "texture": "#1"},
				"west": {"uv": [2, 10, 4, 11], "texture": "#1"},
				"up": {"uv": [7, 1, 9, 2], "texture": "#1"},
				"down": {"uv": [7, 1, 9, 2], "texture": "#1", "cullface": "down"}
			}
		},
		{
			"from": [13, 0, 2],
			"to": [14, 0.35, 14],
			"faces": {
				"north": {"uv": [2, 9, 4, 10], "texture": "#1"},
				"east": {"uv": [2, 10, 4, 11], "texture": "#1"},
				"south": {"uv": [2, 10, 4, 11], "texture": "#1"},
				"west": {"uv": [2, 10, 4, 11], "texture": "#1"},
				"up": {"uv": [7, 1, 9, 2], "texture": "#1"},
				"down": {"uv": [7, 1, 9, 2], "texture": "#1", "cullface": "down"}
			}
		},
		{
			"from": [3, 0, 2],
			"to": [13, 0.35, 3],
			"faces": {
				"north": {"uv": [2, 9, 4, 10], "texture": "#1"},
				"east": {"uv": [2, 10, 4, 11], "texture": "#1"},
				"south": {"uv": [2, 10, 4, 11], "texture": "#1"},
				"west": {"uv": [2, 10, 4, 11], "texture": "#1"},
				"up": {"uv": [7, 1, 9, 2], "texture": "#1"},
				"down": {"uv": [7, 1, 9, 2], "texture": "#1", "cullface": "down"}
			}
		}
	],
	"groups": [
		{
			"name": "group",
			"origin": [0, 0, 0],
			"color": 0,
			"children": [0, 1, 2, 3, 4]
		},
		{
			"name": "group",
			"origin": [0, 0, 0],
			"color": 0,
			"children": [5, 6, 7, 8]
		}
	]
}