{
	"credit": "by ZiYun",
	"parent": "minecraft:block/cross",
	"textures": {
		"cross": "block/red_mushroom"
	},
	"elements": [
		{
			"from": [4.5, 0, 10.5],
			"to": [5, 6, 11],
			"faces": {
				"north": {"uv": [7.5, 13, 8, 16], "texture": "#cross"},
				"east": {"uv": [7.5, 13, 8, 16], "texture": "#cross"},
				"south": {"uv": [8, 13, 8.5, 16], "texture": "#cross"},
				"west": {"uv": [8, 13, 8.5, 16], "texture": "#cross"},
				"up": {"uv": [7.5, 13, 8, 13.5], "texture": "#cross"},
				"down": {"uv": [7.5, 13, 8, 13.5], "texture": "#cross"}
			}
		},
		{
			"from": [4.5, 0, 11],
			"to": [5, 6, 11.5],
			"faces": {
				"north": {"uv": [7.5, 13, 8, 16], "texture": "#cross"},
				"east": {"uv": [7.5, 13, 8, 16], "texture": "#cross"},
				"south": {"uv": [8, 13, 8.5, 16], "texture": "#cross"},
				"west": {"uv": [7.5, 13, 8, 16], "texture": "#cross"},
				"up": {"uv": [7.5, 13, 8, 13.5], "texture": "#cross"},
				"down": {"uv": [7.5, 13, 8, 13.5], "texture": "#cross"}
			}
		},
		{
			"from": [5, 0, 10.5],
			"to": [5.5, 6, 11],
			"faces": {
				"north": {"uv": [8, 13, 8.5, 16], "texture": "#cross"},
				"east": {"uv": [7.5, 13, 8, 16], "texture": "#cross"},
				"south": {"uv": [7.5, 13, 8, 16], "texture": "#cross"},
				"west": {"uv": [7.5, 13, 8, 16], "texture": "#cross"},
				"up": {"uv": [7.5, 13, 8, 13.5], "texture": "#cross"},
				"down": {"uv": [7.5, 13, 8, 13.5], "texture": "#cross"}
			}
		},
		{
			"from": [5, 0, 11],
			"to": [5.5, 6, 11.5],
			"faces": {
				"north": {"uv": [8, 13, 8.5, 16], "texture": "#cross"},
				"east": {"uv": [8, 13, 8.5, 16], "texture": "#cross"},
				"south": {"uv": [7.5, 13, 8, 16], "texture": "#cross"},
				"west": {"uv": [7.5, 13, 8, 16], "texture": "#cross"},
				"up": {"uv": [7.5, 13, 8, 13.5], "texture": "#cross"},
				"down": {"uv": [7.5, 13, 8, 13.5], "texture": "#cross"}
			}
		},
		{
			"from": [3, 6, 9],
			"to": [7, 6.5, 13],
			"faces": {
				"north": {"uv": [6, 10, 10, 10.5], "texture": "#cross"},
				"east": {"uv": [6, 12.5, 10, 13], "texture": "#cross"},
				"south": {"uv": [6.5, 11.5, 10.5, 12], "texture": "#cross"},
				"west": {"uv": [6, 9.5, 10, 10], "texture": "#cross"},
				"up": {"uv": [6.5, 9, 10.5, 13], "texture": "#cross"},
				"down": {"uv": [6.5, 9, 10.5, 13], "texture": "#cross"}
			}
		},
		{
			"from": [3, 3.5, 8.5],
			"to": [7, 6, 9],
			"faces": {
				"north": {"uv": [6, 10.5, 10, 13], "texture": "#cross"},
				"east": {"uv": [9, 9.5, 9.5, 12], "texture": "#cross"},
				"south": {"uv": [6, 10, 10, 12.5], "texture": "#cross"},
				"west": {"uv": [6, 10, 6.5, 12.5], "texture": "#cross"},
				"up": {"uv": [6, 10, 10, 10.5], "texture": "#cross"},
				"down": {"uv": [6, 11.5, 10, 12], "texture": "#cross"}
			}
		},
		{
			"from": [3, 3.5, 13],
			"to": [7, 6, 13.5],
			"faces": {
				"north": {"uv": [6, 10.5, 10, 13], "texture": "#cross"},
				"east": {"uv": [9, 9.5, 9.5, 12], "texture": "#cross"},
				"south": {"uv": [6, 10, 10, 12.5], "texture": "#cross"},
				"west": {"uv": [6, 10, 6.5, 12.5], "texture": "#cross"},
				"up": {"uv": [6, 10, 10, 10.5], "texture": "#cross"},
				"down": {"uv": [6, 11.5, 10, 12], "texture": "#cross"}
			}
		},
		{
			"from": [7, 3.5, 9],
			"to": [7.5, 6, 13],
			"faces": {
				"north": {"uv": [9, 9.5, 9.5, 12], "texture": "#cross"},
				"east": {"uv": [6, 10, 10, 12.5], "texture": "#cross"},
				"south": {"uv": [6, 10, 6.5, 12.5], "texture": "#cross"},
				"west": {"uv": [6, 10.5, 10, 13], "texture": "#cross"},
				"up": {"uv": [6, 10, 10, 10.5], "rotation": 270, "texture": "#cross"},
				"down": {"uv": [6, 11.5, 10, 12], "rotation": 90, "texture": "#cross"}
			}
		},
		{
			"from": [2.5, 3.5, 9],
			"to": [3, 6, 13],
			"faces": {
				"north": {"uv": [9, 9.5, 9.5, 12], "texture": "#cross"},
				"east": {"uv": [6, 10, 10, 12.5], "texture": "#cross"},
				"south": {"uv": [6, 10, 6.5, 12.5], "texture": "#cross"},
				"west": {"uv": [6, 10.5, 10, 13], "texture": "#cross"},
				"up": {"uv": [6, 10, 10, 10.5], "rotation": 270, "texture": "#cross"},
				"down": {"uv": [6, 11.5, 10, 12], "rotation": 90, "texture": "#cross"}
			}
		}
	]
}