{
	"credit": "by ZiYun",
	"ambientocclusion": false,
	"textures": {
		"line": "block/redstone_dust_ev-13"
	},
	"elements": [
		{
			"from": [7.845, 0.5, 7.218],
			"to": [8.7825, 1, 7.531],
			"faces": {
				"north": {"uv": [7, 6, 7.9375, 6.5], "texture": "#line"},
				"east": {"uv": [8, 6, 8.313, 6.5], "texture": "#line"},
				"south": {"uv": [7, 6, 7.9375, 6.5], "texture": "#line"},
				"west": {"uv": [8, 6, 8.313, 6.5], "texture": "#line"},
				"up": {"uv": [7, 6, 7.9375, 6.313], "texture": "#line"},
				"down": {"uv": [7, 6, 7.9375, 6.313], "texture": "#line"}
			}
		},
		{
			"from": [8.47, 0.5, 7.53],
			"to": [8.7825, 1, 7.843],
			"faces": {
				"north": {"uv": [7, 6, 7.3125, 6.5], "texture": "#line"},
				"east": {"uv": [8, 6, 8.313, 6.5], "texture": "#line"},
				"south": {"uv": [7, 6, 7.3125, 6.5], "texture": "#line"},
				"west": {"uv": [8, 6, 8.313, 6.5], "texture": "#line"},
				"up": {"uv": [7, 6, 7.3125, 6.313], "texture": "#line"},
				"down": {"uv": [7, 6, 7.3125, 6.313], "texture": "#line"}
			}
		},
		{
			"from": [8.47, 0.5, 8.155],
			"to": [8.7825, 1, 8.468],
			"faces": {
				"north": {"uv": [7, 6, 7.3125, 6.5], "texture": "#line"},
				"east": {"uv": [8, 6, 8.313, 6.5], "texture": "#line"},
				"south": {"uv": [7, 6, 7.3125, 6.5], "texture": "#line"},
				"west": {"uv": [8, 6, 8.313, 6.5], "texture": "#line"},
				"up": {"uv": [7, 6, 7.3125, 6.313], "texture": "#line"},
				"down": {"uv": [7, 6, 7.3125, 6.313], "texture": "#line"}
			}
		},
		{
			"from": [7.845, 0.5, 8.468],
			"to": [8.7825, 1, 8.781],
			"faces": {
				"north": {"uv": [7, 6, 7.9375, 6.5], "texture": "#line"},
				"east": {"uv": [8, 6, 8.313, 6.5], "texture": "#line"},
				"south": {"uv": [7, 6, 7.9375, 6.5], "texture": "#line"},
				"west": {"uv": [8, 6, 8.313, 6.5], "texture": "#line"},
				"up": {"uv": [7, 6, 7.9375, 6.313], "texture": "#line"},
				"down": {"uv": [7, 6, 7.9375, 6.313], "texture": "#line"}
			}
		},
		{
			"from": [7.845, 0.5, 7.8425],
			"to": [8.7825, 1, 8.1555],
			"faces": {
				"north": {"uv": [7, 6, 7.9375, 6.5], "texture": "#line"},
				"east": {"uv": [8, 6, 8.313, 6.5], "texture": "#line"},
				"south": {"uv": [7, 6, 7.9375, 6.5], "texture": "#line"},
				"west": {"uv": [8, 6, 8.313, 6.5], "texture": "#line"},
				"up": {"uv": [7, 6, 7.9375, 6.313], "texture": "#line"},
				"down": {"uv": [7, 6, 7.9375, 6.313], "texture": "#line"}
			}
		},
		{
			"from": [7.219, 0.5, 7.218],
			"to": [7.5315, 1, 8.7793],
			"faces": {
				"north": {"uv": [7, 6, 7.3125, 6.5], "texture": "#line"},
				"east": {"uv": [8, 6, 8.313, 6.5], "texture": "#line"},
				"south": {"uv": [7, 6, 7.3125, 6.5], "texture": "#line"},
				"west": {"uv": [8, 6, 8.313, 6.5], "texture": "#line"},
				"up": {"uv": [8, 6, 8.3125, 6.313], "texture": "#line"},
				"down": {"uv": [7, 6, 7.3125, 6.313], "texture": "#line"}
			}
		}
	],
	"groups": [0,
		{
			"name": "group",
			"origin": [0, 0, 0],
			"color": 0,
			"children": [0, 1, 2, 3, 4, 5]
		}
	]
}