{
	"parent": "minecraft:block/template_torch",
	"textures": {
		"torch": "block/redstone_torch_off"
	},
	"elements": [
		{
			"from": [7, 0, 7],
			"to": [9, 8, 9],
			"faces": {
				"north": {"uv": [7, 8, 9, 16], "texture": "#torch"},
				"east": {"uv": [7, 8, 9, 16], "texture": "#torch"},
				"south": {"uv": [7, 8, 9, 16], "texture": "#torch"},
				"west": {"uv": [7, 8, 9, 16], "texture": "#torch"},
				"up": {"uv": [7, 8, 9, 8.5], "texture": "#torch"},
				"down": {"uv": [7, 12.5, 9, 14.5], "texture": "#torch"}
			}
		},
		{
			"from": [8, 8.5, 7],
			"to": [8.75, 9.25, 7.25],
			"faces": {
				"north": {"uv": [7.5, 6, 8.25, 6.75], "texture": "#torch"},
				"east": {"uv": [8, 6.5, 8.25, 7.25], "texture": "#torch"},
				"south": {"uv": [7.5, 6, 8.25, 6.75], "texture": "#torch"},
				"west": {"uv": [8, 6.5, 8.25, 7.25], "texture": "#torch"},
				"up": {"uv": [8, 6.5, 8.75, 6.75], "texture": "#torch"},
				"down": {"uv": [7.5, 6.5, 8.25, 6.75], "texture": "#torch"}
			}
		},
		{
			"from": [7.25, 8.5, 7],
			"to": [8, 9.25, 7.25],
			"faces": {
				"north": {"uv": [7.5, 6, 8.25, 6.75], "texture": "#torch"},
				"east": {"uv": [8, 6.5, 8.25, 7.25], "texture": "#torch"},
				"south": {"uv": [7.5, 6, 8.25, 6.75], "texture": "#torch"},
				"west": {"uv": [8, 6.5, 8.25, 7.25], "texture": "#torch"},
				"up": {"uv": [8, 6.5, 8.75, 6.75], "texture": "#torch"},
				"down": {"uv": [7.5, 6.5, 8.25, 6.75], "texture": "#torch"}
			}
		},
		{
			"from": [8, 9.25, 7],
			"to": [8.75, 10, 7.25],
			"faces": {
				"north": {"uv": [7.5, 6, 8.25, 6.75], "texture": "#torch"},
				"east": {"uv": [8, 6.5, 8.25, 7.25], "texture": "#torch"},
				"south": {"uv": [7.5, 6, 8.25, 6.75], "texture": "#torch"},
				"west": {"uv": [8, 6.5, 8.25, 7.25], "texture": "#torch"},
				"up": {"uv": [8, 6.5, 8.75, 6.75], "texture": "#torch"},
				"down": {"uv": [7.5, 6.5, 8.25, 6.75], "texture": "#torch"}
			}
		},
		{
			"from": [7.25, 9.25, 7],
			"to": [8, 10, 7.25],
			"faces": {
				"north": {"uv": [7.5, 6, 8.25, 6.75], "texture": "#torch"},
				"east": {"uv": [8, 6.5, 8.25, 7.25], "texture": "#torch"},
				"south": {"uv": [7.5, 6, 8.25, 6.75], "texture": "#torch"},
				"west": {"uv": [8, 6.5, 8.25, 7.25], "texture": "#torch"},
				"up": {"uv": [8, 6.5, 8.75, 6.75], "texture": "#torch"},
				"down": {"uv": [7.5, 6.5, 8.25, 6.75], "texture": "#torch"}
			}
		},
		{
			"from": [8, 8.5, 8.75],
			"to": [8.75, 9.25, 9],
			"faces": {
				"north": {"uv": [7.5, 6.5, 8.25, 7.25], "texture": "#torch"},
				"east": {"uv": [7.5, 6.5, 9, 7.5], "texture": "#torch"},
				"south": {"uv": [7.5, 6, 8.25, 6.75], "texture": "#torch"},
				"west": {"uv": [8, 6.5, 8.25, 7.25], "texture": "#torch"},
				"up": {"uv": [7.5, 6.5, 8.25, 6.75], "texture": "#torch"},
				"down": {"uv": [7.5, 6.5, 8.25, 6.75], "texture": "#torch"}
			}
		},
		{
			"from": [7.25, 8.5, 8.75],
			"to": [8, 9.25, 9],
			"faces": {
				"north": {"uv": [7.5, 6.5, 8.25, 7.25], "texture": "#torch"},
				"east": {"uv": [7.5, 6.5, 9, 7.5], "texture": "#torch"},
				"south": {"uv": [7.5, 6, 8.25, 6.75], "texture": "#torch"},
				"west": {"uv": [8, 6.5, 8.25, 7.25], "texture": "#torch"},
				"up": {"uv": [7.5, 6.5, 8.25, 6.75], "texture": "#torch"},
				"down": {"uv": [7.5, 6.5, 8.25, 6.75], "texture": "#torch"}
			}
		},
		{
			"from": [8, 9.25, 8.75],
			"to": [8.75, 10, 9],
			"faces": {
				"north": {"uv": [7.5, 6.5, 8.25, 7.25], "texture": "#torch"},
				"east": {"uv": [7.5, 6.5, 9, 7.5], "texture": "#torch"},
				"south": {"uv": [7.5, 6, 8.25, 6.75], "texture": "#torch"},
				"west": {"uv": [8, 6.5, 8.25, 7.25], "texture": "#torch"},
				"up": {"uv": [7.5, 6.5, 8.25, 6.75], "texture": "#torch"},
				"down": {"uv": [7.5, 6.5, 8.25, 6.75], "texture": "#torch"}
			}
		},
		{
			"from": [7.25, 9.25, 8.75],
			"to": [8, 10, 9],
			"faces": {
				"north": {"uv": [7.5, 6.5, 8.25, 7.25], "texture": "#torch"},
				"east": {"uv": [7.5, 6.5, 9, 7.5], "texture": "#torch"},
				"south": {"uv": [7.5, 6, 8.25, 6.75], "texture": "#torch"},
				"west": {"uv": [8, 6.5, 8.25, 7.25], "texture": "#torch"},
				"up": {"uv": [7.5, 6.5, 8.25, 6.75], "texture": "#torch"},
				"down": {"uv": [7.5, 6.5, 8.25, 6.75], "texture": "#torch"}
			}
		},
		{
			"from": [7, 9.25, 7.25],
			"to": [7.25, 10, 8],
			"faces": {
				"north": {"uv": [8.5, 7, 8.75, 7.75], "texture": "#torch"},
				"east": {"uv": [8, 7, 8.75, 7.75], "texture": "#torch"},
				"south": {"uv": [7.5, 6.5, 7.75, 7.25], "texture": "#torch"},
				"west": {"uv": [7.5, 6.5, 8.25, 7.25], "texture": "#torch"},
				"up": {"uv": [8, 6.5, 8.25, 7.25], "texture": "#torch"},
				"down": {"uv": [8, 7, 8.25, 7.75], "texture": "#torch"}
			}
		},
		{
			"from": [7, 9.25, 8],
			"to": [7.25, 10, 8.75],
			"faces": {
				"north": {"uv": [8.5, 7, 8.75, 7.75], "texture": "#torch"},
				"east": {"uv": [8, 7, 8.75, 7.75], "texture": "#torch"},
				"south": {"uv": [7.5, 6.5, 7.75, 7.25], "texture": "#torch"},
				"west": {"uv": [7.5, 6.5, 8.25, 7.25], "texture": "#torch"},
				"up": {"uv": [8, 6.5, 8.25, 7.25], "texture": "#torch"},
				"down": {"uv": [8, 7, 8.25, 7.75], "texture": "#torch"}
			}
		},
		{
			"from": [7, 8.5, 8],
			"to": [7.25, 9.25, 8.75],
			"faces": {
				"north": {"uv": [8.5, 7, 8.75, 7.75], "texture": "#torch"},
				"east": {"uv": [8, 7, 8.75, 7.75], "texture": "#torch"},
				"south": {"uv": [7.5, 6.5, 7.75, 7.25], "texture": "#torch"},
				"west": {"uv": [7.5, 6.5, 8.25, 7.25], "texture": "#torch"},
				"up": {"uv": [8, 6.5, 8.25, 7.25], "texture": "#torch"},
				"down": {"uv": [8, 7, 8.25, 7.75], "texture": "#torch"}
			}
		},
		{
			"from": [7, 8.5, 7.25],
			"to": [7.25, 9.25, 8],
			"faces": {
				"north": {"uv": [8.5, 7, 8.75, 7.75], "texture": "#torch"},
				"east": {"uv": [8, 7, 8.75, 7.75], "texture": "#torch"},
				"south": {"uv": [7.5, 6.5, 7.75, 7.25], "texture": "#torch"},
				"west": {"uv": [7.5, 6.5, 8.25, 7.25], "texture": "#torch"},
				"up": {"uv": [8, 6.5, 8.25, 7.25], "texture": "#torch"},
				"down": {"uv": [8, 7, 8.25, 7.75], "texture": "#torch"}
			}
		},
		{
			"from": [8.75, 9.25, 7.25],
			"to": [9, 10, 8],
			"faces": {
				"north": {"uv": [8, 6.5, 8.25, 7.25], "texture": "#torch"},
				"east": {"uv": [7.5, 6.5, 8.25, 7.25], "texture": "#torch"},
				"south": {"uv": [7.5, 6.5, 7.75, 7.25], "texture": "#torch"},
				"west": {"uv": [7.5, 6, 8.25, 6.75], "texture": "#torch"},
				"up": {"uv": [8, 6.5, 8.25, 7.25], "texture": "#torch"},
				"down": {"uv": [8, 7, 8.25, 7.75], "texture": "#torch"}
			}
		},
		{
			"from": [8.75, 9.25, 8],
			"to": [9, 10, 8.75],
			"faces": {
				"north": {"uv": [8, 6.5, 8.25, 7.25], "texture": "#torch"},
				"east": {"uv": [7.5, 6.5, 8.25, 7.25], "texture": "#torch"},
				"south": {"uv": [7.5, 6.5, 7.75, 7.25], "texture": "#torch"},
				"west": {"uv": [7.5, 6, 8.25, 6.75], "texture": "#torch"},
				"up": {"uv": [8, 6.5, 8.25, 7.25], "texture": "#torch"},
				"down": {"uv": [8, 7, 8.25, 7.75], "texture": "#torch"}
			}
		},
		{
			"from": [8.75, 8.5, 8],
			"to": [9, 9.25, 8.75],
			"faces": {
				"north": {"uv": [8, 6.5, 8.25, 7.25], "texture": "#torch"},
				"east": {"uv": [7.5, 6.5, 8.25, 7.25], "texture": "#torch"},
				"south": {"uv": [7.5, 6.5, 7.75, 7.25], "texture": "#torch"},
				"west": {"uv": [7.5, 6, 8.25, 6.75], "texture": "#torch"},
				"up": {"uv": [8, 6.5, 8.25, 7.25], "texture": "#torch"},
				"down": {"uv": [8, 7, 8.25, 7.75], "texture": "#torch"}
			}
		},
		{
			"from": [8.75, 8.5, 7.25],
			"to": [9, 9.25, 8],
			"faces": {
				"north": {"uv": [8, 6.5, 8.25, 7.25], "texture": "#torch"},
				"east": {"uv": [7.5, 6.5, 8.25, 7.25], "texture": "#torch"},
				"south": {"uv": [7.5, 6.5, 7.75, 7.25], "texture": "#torch"},
				"west": {"uv": [7.5, 6, 8.25, 6.75], "texture": "#torch"},
				"up": {"uv": [8, 6.5, 8.25, 7.25], "texture": "#torch"},
				"down": {"uv": [8, 7, 8.25, 7.75], "texture": "#torch"}
			}
		},
		{
			"from": [7.25, 10, 7.25],
			"to": [8, 10.25, 8],
			"faces": {
				"north": {"uv": [7.5, 6.5, 8.25, 6.75], "texture": "#torch"},
				"east": {"uv": [8, 6.5, 8.75, 6.75], "texture": "#torch"},
				"south": {"uv": [8, 7, 8.75, 7.25], "texture": "#torch"},
				"west": {"uv": [8, 7, 8.75, 7.25], "texture": "#torch"},
				"up": {"uv": [7.5, 6, 8.25, 6.75], "texture": "#torch"},
				"down": {"uv": [8, 7, 8.75, 7.75], "texture": "#torch"}
			}
		},
		{
			"from": [8, 10, 7.25],
			"to": [8.75, 10.25, 8],
			"faces": {
				"north": {"uv": [7.5, 6.5, 8.25, 6.75], "texture": "#torch"},
				"east": {"uv": [8, 6.5, 8.75, 6.75], "texture": "#torch"},
				"south": {"uv": [8, 7, 8.75, 7.25], "texture": "#torch"},
				"west": {"uv": [8, 7, 8.75, 7.25], "texture": "#torch"},
				"up": {"uv": [7.5, 6, 8.25, 6.75], "texture": "#torch"},
				"down": {"uv": [8, 7, 8.75, 7.75], "texture": "#torch"}
			}
		},
		{
			"from": [8, 10, 8],
			"to": [8.75, 10.25, 8.75],
			"faces": {
				"north": {"uv": [7.5, 6.5, 8.25, 6.75], "texture": "#torch"},
				"east": {"uv": [8, 6.5, 8.75, 6.75], "texture": "#torch"},
				"south": {"uv": [8, 7, 8.75, 7.25], "texture": "#torch"},
				"west": {"uv": [8, 7, 8.75, 7.25], "texture": "#torch"},
				"up": {"uv": [7.5, 6, 8.25, 6.75], "texture": "#torch"},
				"down": {"uv": [8, 7, 8.75, 7.75], "texture": "#torch"}
			}
		},
		{
			"from": [7.25, 10, 8],
			"to": [8, 10.25, 8.75],
			"faces": {
				"north": {"uv": [7.5, 6.5, 8.25, 6.75], "texture": "#torch"},
				"east": {"uv": [8, 6.5, 8.75, 6.75], "texture": "#torch"},
				"south": {"uv": [8, 7, 8.75, 7.25], "texture": "#torch"},
				"west": {"uv": [8, 7, 8.75, 7.25], "texture": "#torch"},
				"up": {"uv": [7.5, 6, 8.25, 6.75], "texture": "#torch"},
				"down": {"uv": [8, 7, 8.75, 7.75], "texture": "#torch"}
			}
		},
		{
			"from": [7.25, 8.25, 7.25],
			"to": [8, 8.5, 8],
			"faces": {
				"north": {"uv": [8, 7, 8.75, 7.25], "texture": "#torch"},
				"east": {"uv": [7.5, 6.5, 8.25, 6.75], "texture": "#torch"},
				"south": {"uv": [7.5, 6.5, 8.25, 6.75], "texture": "#torch"},
				"west": {"uv": [7.5, 7, 8.25, 7.25], "texture": "#torch"},
				"up": {"uv": [8, 7, 8.75, 7.75], "texture": "#torch"},
				"down": {"uv": [7.5, 6.5, 8.25, 7.25], "texture": "#torch"}
			}
		},
		{
			"from": [8, 8.25, 7.25],
			"to": [8.75, 8.5, 8],
			"faces": {
				"north": {"uv": [8, 7, 8.75, 7.25], "texture": "#torch"},
				"east": {"uv": [7.5, 6.5, 8.25, 6.75], "texture": "#torch"},
				"south": {"uv": [7.5, 6.5, 8.25, 6.75], "texture": "#torch"},
				"west": {"uv": [7.5, 7, 8.25, 7.25], "texture": "#torch"},
				"up": {"uv": [8, 7, 8.75, 7.75], "texture": "#torch"},
				"down": {"uv": [7.5, 6.5, 8.25, 7.25], "texture": "#torch"}
			}
		},
		{
			"from": [8, 8.25, 8],
			"to": [8.75, 8.5, 8.75],
			"faces": {
				"north": {"uv": [8, 7, 8.75, 7.25], "texture": "#torch"},
				"east": {"uv": [7.5, 6.5, 8.25, 6.75], "texture": "#torch"},
				"south": {"uv": [7.5, 6.5, 8.25, 6.75], "texture": "#torch"},
				"west": {"uv": [7.5, 7, 8.25, 7.25], "texture": "#torch"},
				"up": {"uv": [8, 7, 8.75, 7.75], "texture": "#torch"},
				"down": {"uv": [7.5, 6.5, 8.25, 7.25], "texture": "#torch"}
			}
		},
		{
			"from": [7.25, 8.25, 8],
			"to": [8, 8.5, 8.75],
			"faces": {
				"north": {"uv": [8, 7, 8.75, 7.25], "texture": "#torch"},
				"east": {"uv": [7.5, 6.5, 8.25, 6.75], "texture": "#torch"},
				"south": {"uv": [7.5, 6.5, 8.25, 6.75], "texture": "#torch"},
				"west": {"uv": [7.5, 7, 8.25, 7.25], "texture": "#torch"},
				"up": {"uv": [8, 7, 8.75, 7.75], "texture": "#torch"},
				"down": {"uv": [7.5, 6.5, 8.25, 7.25], "texture": "#torch"}
			}
		}
	],
	"display": {
		"thirdperson_righthand": {
			"rotation": [23, -2, 0],
			"translation": [0, 2.75, 1]
		},
		"thirdperson_lefthand": {
			"rotation": [23, -2, 0],
			"translation": [0, 2.75, 1]
		},
		"firstperson_righthand": {
			"rotation": [0, 0, 5],
			"translation": [1.5, 4.25, 0]
		},
		"firstperson_lefthand": {
			"translation": [1.5, 4.25, 0]
		},
		"ground": {
			"translation": [0, 2.25, 0]
		}
	},
	"groups": [0,
		{
			"name": "group",
			"origin": [0, 0, 0],
			"color": 0,
			"children": [1, 2, 3, 4]
		},
		{
			"name": "group",
			"origin": [0, 0, 0],
			"color": 0,
			"children": [5, 6, 7, 8]
		},
		{
			"name": "group",
			"origin": [0, 0, 0],
			"color": 0,
			"children": [9, 10, 11, 12]
		},
		{
			"name": "group",
			"origin": [0, 0, 0],
			"color": 0,
			"children": [13, 14, 15, 16]
		},
		{
			"name": "group",
			"origin": [0, 0, 0],
			"color": 0,
			"children": [17, 18, 19, 20]
		},
		{
			"name": "group",
			"origin": [0, 0, 0],
			"color": 0,
			"children": [21, 22, 23, 24]
		}
	]
}