{
	"parent": "minecraft:block/template_torch_wall",
	"textures": {
		"torch": "block/redstone_torch"
	},
	"elements": [
		{
			"from": [-1.85, 3.5, 7],
			"to": [0.15, 11.5, 9],
			"rotation": {"angle": -22.5, "axis": "z", "origin": [0, 3.5, 0]},
			"faces": {
				"north": {"uv": [7, 8, 9, 16], "texture": "#torch"},
				"east": {"uv": [7, 8, 9, 16], "texture": "#torch"},
				"south": {"uv": [7, 8, 9, 16], "texture": "#torch"},
				"west": {"uv": [7, 8, 9, 16], "texture": "#torch"},
				"up": {"uv": [7, 8, 9, 8.5], "texture": "#torch"},
				"down": {"uv": [7, 12.5, 9, 14.5], "texture": "#torch"}
			}
		},
		{
			"from": [-2.95, 11.5, 7.25],
			"to": [-2.2, 11.75, 8],
			"rotation": {"angle": -22.5, "axis": "z", "origin": [0, 0, 0]},
			"faces": {
				"north": {"uv": [8, 7, 8.75, 7.25], "texture": "#torch"},
				"east": {"uv": [7.5, 6.5, 8.25, 6.75], "texture": "#torch"},
				"south": {"uv": [7.5, 6.5, 8.25, 6.75], "texture": "#torch"},
				"west": {"uv": [7.5, 7, 8.25, 7.25], "texture": "#torch"},
				"up": {"uv": [8, 7, 8.75, 7.75], "texture": "#torch"},
				"down": {"uv": [7.5, 6.5, 8.25, 7.25], "texture": "#torch"}
			}
		},
		{
			"from": [-2.2, 11.5, 7.25],
			"to": [-1.45, 11.75, 8],
			"rotation": {"angle": -22.5, "axis": "z", "origin": [0, 0, 0]},
			"faces": {
				"north": {"uv": [8, 7, 8.75, 7.25], "texture": "#torch"},
				"east": {"uv": [7.5, 6.5, 8.25, 6.75], "texture": "#torch"},
				"south": {"uv": [7.5, 6.5, 8.25, 6.75], "texture": "#torch"},
				"west": {"uv": [7.5, 7, 8.25, 7.25], "texture": "#torch"},
				"up": {"uv": [8, 7, 8.75, 7.75], "texture": "#torch"},
				"down": {"uv": [7.5, 6.5, 8.25, 7.25], "texture": "#torch"}
			}
		},
		{
			"from": [-2.2, 11.5, 8],
			"to": [-1.45, 11.75, 8.75],
			"rotation": {"angle": -22.5, "axis": "z", "origin": [0, 0, 0]},
			"faces": {
				"north": {"uv": [8, 7, 8.75, 7.25], "texture": "#torch"},
				"east": {"uv": [7.5, 6.5, 8.25, 6.75], "texture": "#torch"},
				"south": {"uv": [7.5, 6.5, 8.25, 6.75], "texture": "#torch"},
				"west": {"uv": [7.5, 7, 8.25, 7.25], "texture": "#torch"},
				"up": {"uv": [8, 7, 8.75, 7.75], "texture": "#torch"},
				"down": {"uv": [7.5, 6.5, 8.25, 7.25], "texture": "#torch"}
			}
		},
		{
			"from": [-2.95, 11.5, 8],
			"to": [-2.2, 11.75, 8.75],
			"rotation": {"angle": -22.5, "axis": "z", "origin": [0, 0, 0]},
			"faces": {
				"north": {"uv": [8, 7, 8.75, 7.25], "texture": "#torch"},
				"east": {"uv": [7.5, 6.5, 8.25, 6.75], "texture": "#torch"},
				"south": {"uv": [7.5, 6.5, 8.25, 6.75], "texture": "#torch"},
				"west": {"uv": [7.5, 7, 8.25, 7.25], "texture": "#torch"},
				"up": {"uv": [8, 7, 8.75, 7.75], "texture": "#torch"},
				"down": {"uv": [7.5, 6.5, 8.25, 7.25], "texture": "#torch"}
			}
		},
		{
			"from": [-2.95, 13.25, 7.25],
			"to": [-2.2, 13.5, 8],
			"rotation": {"angle": -22.5, "axis": "z", "origin": [0, 0, 0]},
			"faces": {
				"north": {"uv": [7.5, 6.5, 8.25, 6.75], "texture": "#torch"},
				"east": {"uv": [8, 6.5, 8.75, 6.75], "texture": "#torch"},
				"south": {"uv": [8, 7, 8.75, 7.25], "texture": "#torch"},
				"west": {"uv": [8, 7, 8.75, 7.25], "texture": "#torch"},
				"up": {"uv": [7.5, 6, 8.25, 6.75], "texture": "#torch"},
				"down": {"uv": [8, 7, 8.75, 7.75], "texture": "#torch"}
			}
		},
		{
			"from": [-2.2, 13.25, 7.25],
			"to": [-1.45, 13.5, 8],
			"rotation": {"angle": -22.5, "axis": "z", "origin": [0, 0, 0]},
			"faces": {
				"north": {"uv": [7.5, 6.5, 8.25, 6.75], "texture": "#torch"},
				"east": {"uv": [8, 6.5, 8.75, 6.75], "texture": "#torch"},
				"south": {"uv": [8, 7, 8.75, 7.25], "texture": "#torch"},
				"west": {"uv": [8, 7, 8.75, 7.25], "texture": "#torch"},
				"up": {"uv": [7.5, 6, 8.25, 6.75], "texture": "#torch"},
				"down": {"uv": [8, 7, 8.75, 7.75], "texture": "#torch"}
			}
		},
		{
			"from": [-2.2, 13.25, 8],
			"to": [-1.45, 13.5, 8.75],
			"rotation": {"angle": -22.5, "axis": "z", "origin": [0, 0, 0]},
			"faces": {
				"north": {"uv": [7.5, 6.5, 8.25, 6.75], "texture": "#torch"},
				"east": {"uv": [8, 6.5, 8.75, 6.75], "texture": "#torch"},
				"south": {"uv": [8, 7, 8.75, 7.25], "texture": "#torch"},
				"west": {"uv": [8, 7, 8.75, 7.25], "texture": "#torch"},
				"up": {"uv": [7.5, 6, 8.25, 6.75], "texture": "#torch"},
				"down": {"uv": [8, 7, 8.75, 7.75], "texture": "#torch"}
			}
		},
		{
			"from": [-2.95, 13.25, 8],
			"to": [-2.2, 13.5, 8.75],
			"rotation": {"angle": -22.5, "axis": "z", "origin": [0, 0, 0]},
			"faces": {
				"north": {"uv": [7.5, 6.5, 8.25, 6.75], "texture": "#torch"},
				"east": {"uv": [8, 6.5, 8.75, 6.75], "texture": "#torch"},
				"south": {"uv": [8, 7, 8.75, 7.25], "texture": "#torch"},
				"west": {"uv": [8, 7, 8.75, 7.25], "texture": "#torch"},
				"up": {"uv": [7.5, 6, 8.25, 6.75], "texture": "#torch"},
				"down": {"uv": [8, 7, 8.75, 7.75], "texture": "#torch"}
			}
		},
		{
			"from": [-1.45, 12.5, 7.25],
			"to": [-1.2, 13.25, 8],
			"rotation": {"angle": -22.5, "axis": "z", "origin": [0, 0, 0]},
			"faces": {
				"north": {"uv": [8, 6.5, 8.25, 7.25], "texture": "#torch"},
				"east": {"uv": [7.5, 6.5, 8.25, 7.25], "texture": "#torch"},
				"south": {"uv": [7.5, 6.5, 7.75, 7.25], "texture": "#torch"},
				"west": {"uv": [7.5, 6, 8.25, 6.75], "texture": "#torch"},
				"up": {"uv": [8, 6.5, 8.25, 7.25], "texture": "#torch"},
				"down": {"uv": [8, 7, 8.25, 7.75], "texture": "#torch"}
			}
		},
		{
			"from": [-1.45, 12.5, 8],
			"to": [-1.2, 13.25, 8.75],
			"rotation": {"angle": -22.5, "axis": "z", "origin": [0, 0, 0]},
			"faces": {
				"north": {"uv": [8, 6.5, 8.25, 7.25], "texture": "#torch"},
				"east": {"uv": [7.5, 6.5, 8.25, 7.25], "texture": "#torch"},
				"south": {"uv": [7.5, 6.5, 7.75, 7.25], "texture": "#torch"},
				"west": {"uv": [7.5, 6, 8.25, 6.75], "texture": "#torch"},
				"up": {"uv": [8, 6.5, 8.25, 7.25], "texture": "#torch"},
				"down": {"uv": [8, 7, 8.25, 7.75], "texture": "#torch"}
			}
		},
		{
			"from": [-1.45, 11.75, 8],
			"to": [-1.2, 12.5, 8.75],
			"rotation": {"angle": -22.5, "axis": "z", "origin": [0, 0, 0]},
			"faces": {
				"north": {"uv": [8, 6.5, 8.25, 7.25], "texture": "#torch"},
				"east": {"uv": [7.5, 6.5, 8.25, 7.25], "texture": "#torch"},
				"south": {"uv": [7.5, 6.5, 7.75, 7.25], "texture": "#torch"},
				"west": {"uv": [7.5, 6, 8.25, 6.75], "texture": "#torch"},
				"up": {"uv": [8, 6.5, 8.25, 7.25], "texture": "#torch"},
				"down": {"uv": [8, 7, 8.25, 7.75], "texture": "#torch"}
			}
		},
		{
			"from": [-1.45, 11.75, 7.25],
			"to": [-1.2, 12.5, 8],
			"rotation": {"angle": -22.5, "axis": "z", "origin": [0, 0, 0]},
			"faces": {
				"north": {"uv": [8, 6.5, 8.25, 7.25], "texture": "#torch"},
				"east": {"uv": [7.5, 6.5, 8.25, 7.25], "texture": "#torch"},
				"south": {"uv": [7.5, 6.5, 7.75, 7.25], "texture": "#torch"},
				"west": {"uv": [7.5, 6, 8.25, 6.75], "texture": "#torch"},
				"up": {"uv": [8, 6.5, 8.25, 7.25], "texture": "#torch"},
				"down": {"uv": [8, 7, 8.25, 7.75], "texture": "#torch"}
			}
		},
		{
			"from": [-3.2, 12.5, 7.25],
			"to": [-2.95, 13.25, 8],
			"rotation": {"angle": -22.5, "axis": "z", "origin": [0, 0, 0]},
			"faces": {
				"north": {"uv": [8.5, 7, 8.75, 7.75], "texture": "#torch"},
				"east": {"uv": [8, 7, 8.75, 7.75], "texture": "#torch"},
				"south": {"uv": [7.5, 6.5, 7.75, 7.25], "texture": "#torch"},
				"west": {"uv": [7.5, 6.5, 8.25, 7.25], "texture": "#torch"},
				"up": {"uv": [8, 6.5, 8.25, 7.25], "texture": "#torch"},
				"down": {"uv": [8, 7, 8.25, 7.75], "texture": "#torch"}
			}
		},
		{
			"from": [-3.2, 12.5, 8],
			"to": [-2.95, 13.25, 8.75],
			"rotation": {"angle": -22.5, "axis": "z", "origin": [0, 0, 0]},
			"faces": {
				"north": {"uv": [8.5, 7, 8.75, 7.75], "texture": "#torch"},
				"east": {"uv": [8, 7, 8.75, 7.75], "texture": "#torch"},
				"south": {"uv": [7.5, 6.5, 7.75, 7.25], "texture": "#torch"},
				"west": {"uv": [7.5, 6.5, 8.25, 7.25], "texture": "#torch"},
				"up": {"uv": [8, 6.5, 8.25, 7.25], "texture": "#torch"},
				"down": {"uv": [8, 7, 8.25, 7.75], "texture": "#torch"}
			}
		},
		{
			"from": [-3.2, 11.75, 8],
			"to": [-2.95, 12.5, 8.75],
			"rotation": {"angle": -22.5, "axis": "z", "origin": [0, 0, 0]},
			"faces": {
				"north": {"uv": [8.5, 7, 8.75, 7.75], "texture": "#torch"},
				"east": {"uv": [8, 7, 8.75, 7.75], "texture": "#torch"},
				"south": {"uv": [7.5, 6.5, 7.75, 7.25], "texture": "#torch"},
				"west": {"uv": [7.5, 6.5, 8.25, 7.25], "texture": "#torch"},
				"up": {"uv": [8, 6.5, 8.25, 7.25], "texture": "#torch"},
				"down": {"uv": [8, 7, 8.25, 7.75], "texture": "#torch"}
			}
		},
		{
			"from": [-3.2, 11.75, 7.25],
			"to": [-2.95, 12.5, 8],
			"rotation": {"angle": -22.5, "axis": "z", "origin": [0, 0, 0]},
			"faces": {
				"north": {"uv": [8.5, 7, 8.75, 7.75], "texture": "#torch"},
				"east": {"uv": [8, 7, 8.75, 7.75], "texture": "#torch"},
				"south": {"uv": [7.5, 6.5, 7.75, 7.25], "texture": "#torch"},
				"west": {"uv": [7.5, 6.5, 8.25, 7.25], "texture": "#torch"},
				"up": {"uv": [8, 6.5, 8.25, 7.25], "texture": "#torch"},
				"down": {"uv": [8, 7, 8.25, 7.75], "texture": "#torch"}
			}
		},
		{
			"from": [-2.2, 11.75, 8.75],
			"to": [-1.45, 12.5, 9],
			"rotation": {"angle": -22.5, "axis": "z", "origin": [0, 0, 0]},
			"faces": {
				"north": {"uv": [7.5, 6.5, 8.25, 7.25], "texture": "#torch"},
				"east": {"uv": [7.5, 6.5, 9, 7.5], "texture": "#torch"},
				"south": {"uv": [7.5, 6, 8.25, 6.75], "texture": "#torch"},
				"west": {"uv": [8, 6.5, 8.25, 7.25], "texture": "#torch"},
				"up": {"uv": [7.5, 6.5, 8.25, 6.75], "texture": "#torch"},
				"down": {"uv": [7.5, 6.5, 8.25, 6.75], "texture": "#torch"}
			}
		},
		{
			"from": [-2.95, 11.75, 8.75],
			"to": [-2.2, 12.5, 9],
			"rotation": {"angle": -22.5, "axis": "z", "origin": [0, 0, 0]},
			"faces": {
				"north": {"uv": [7.5, 6.5, 8.25, 7.25], "texture": "#torch"},
				"east": {"uv": [7.5, 6.5, 9, 7.5], "texture": "#torch"},
				"south": {"uv": [7.5, 6, 8.25, 6.75], "texture": "#torch"},
				"west": {"uv": [8, 6.5, 8.25, 7.25], "texture": "#torch"},
				"up": {"uv": [7.5, 6.5, 8.25, 6.75], "texture": "#torch"},
				"down": {"uv": [7.5, 6.5, 8.25, 6.75], "texture": "#torch"}
			}
		},
		{
			"from": [-2.2, 12.5, 8.75],
			"to": [-1.45, 13.25, 9],
			"rotation": {"angle": -22.5, "axis": "z", "origin": [0, 0, 0]},
			"faces": {
				"north": {"uv": [7.5, 6.5, 8.25, 7.25], "texture": "#torch"},
				"east": {"uv": [7.5, 6.5, 9, 7.5], "texture": "#torch"},
				"south": {"uv": [7.5, 6, 8.25, 6.75], "texture": "#torch"},
				"west": {"uv": [8, 6.5, 8.25, 7.25], "texture": "#torch"},
				"up": {"uv": [7.5, 6.5, 8.25, 6.75], "texture": "#torch"},
				"down": {"uv": [7.5, 6.5, 8.25, 6.75], "texture": "#torch"}
			}
		},
		{
			"from": [-2.95, 12.5, 8.75],
			"to": [-2.2, 13.25, 9],
			"rotation": {"angle": -22.5, "axis": "z", "origin": [0, 0, 0]},
			"faces": {
				"north": {"uv": [7.5, 6.5, 8.25, 7.25], "texture": "#torch"},
				"east": {"uv": [7.5, 6.5, 9, 7.5], "texture": "#torch"},
				"south": {"uv": [7.5, 6, 8.25, 6.75], "texture": "#torch"},
				"west": {"uv": [8, 6.5, 8.25, 7.25], "texture": "#torch"},
				"up": {"uv": [7.5, 6.5, 8.25, 6.75], "texture": "#torch"},
				"down": {"uv": [7.5, 6.5, 8.25, 6.75], "texture": "#torch"}
			}
		},
		{
			"from": [-2.2, 11.75, 7],
			"to": [-1.45, 12.5, 7.25],
			"rotation": {"angle": -22.5, "axis": "z", "origin": [0, 0, 0]},
			"faces": {
				"north": {"uv": [7.5, 6, 8.25, 6.75], "texture": "#torch"},
				"east": {"uv": [8, 6.5, 8.25, 7.25], "texture": "#torch"},
				"south": {"uv": [7.5, 6, 8.25, 6.75], "texture": "#torch"},
				"west": {"uv": [8, 6.5, 8.25, 7.25], "texture": "#torch"},
				"up": {"uv": [8, 6.5, 8.75, 6.75], "texture": "#torch"},
				"down": {"uv": [7.5, 6.5, 8.25, 6.75], "texture": "#torch"}
			}
		},
		{
			"from": [-2.95, 11.75, 7],
			"to": [-2.2, 12.5, 7.25],
			"rotation": {"angle": -22.5, "axis": "z", "origin": [0, 0, 0]},
			"faces": {
				"north": {"uv": [7.5, 6, 8.25, 6.75], "texture": "#torch"},
				"east": {"uv": [8, 6.5, 8.25, 7.25], "texture": "#torch"},
				"south": {"uv": [7.5, 6, 8.25, 6.75], "texture": "#torch"},
				"west": {"uv": [8, 6.5, 8.25, 7.25], "texture": "#torch"},
				"up": {"uv": [8, 6.5, 8.75, 6.75], "texture": "#torch"},
				"down": {"uv": [7.5, 6.5, 8.25, 6.75], "texture": "#torch"}
			}
		},
		{
			"from": [-2.2, 12.5, 7],
			"to": [-1.45, 13.25, 7.25],
			"rotation": {"angle": -22.5, "axis": "z", "origin": [0, 0, 0]},
			"faces": {
				"north": {"uv": [7.5, 6, 8.25, 6.75], "texture": "#torch"},
				"east": {"uv": [8, 6.5, 8.25, 7.25], "texture": "#torch"},
				"south": {"uv": [7.5, 6, 8.25, 6.75], "texture": "#torch"},
				"west": {"uv": [8, 6.5, 8.25, 7.25], "texture": "#torch"},
				"up": {"uv": [8, 6.5, 8.75, 6.75], "texture": "#torch"},
				"down": {"uv": [7.5, 6.5, 8.25, 6.75], "texture": "#torch"}
			}
		},
		{
			"from": [-2.95, 12.5, 7],
			"to": [-2.2, 13.25, 7.25],
			"rotation": {"angle": -22.5, "axis": "z", "origin": [0, 0, 0]},
			"faces": {
				"north": {"uv": [7.5, 6, 8.25, 6.75], "texture": "#torch"},
				"east": {"uv": [8, 6.5, 8.25, 7.25], "texture": "#torch"},
				"south": {"uv": [7.5, 6, 8.25, 6.75], "texture": "#torch"},
				"west": {"uv": [8, 6.5, 8.25, 7.25], "texture": "#torch"},
				"up": {"uv": [8, 6.5, 8.75, 6.75], "texture": "#torch"},
				"down": {"uv": [7.5, 6.5, 8.25, 6.75], "texture": "#torch"}
			}
		}
	],
	"groups": [0,
		{
			"name": "group",
			"origin": [0, 0, 0],
			"color": 0,
			"children": [1, 2, 3, 4]
		},
		{
			"name": "group",
			"origin": [0, 0, 0],
			"color": 0,
			"children": [5, 6, 7, 8]
		},
		{
			"name": "group",
			"origin": [0, 0, 0],
			"color": 0,
			"children": [9, 10, 11, 12]
		},
		{
			"name": "group",
			"origin": [0, 0, 0],
			"color": 0,
			"children": [13, 14, 15, 16]
		},
		{
			"name": "group",
			"origin": [0, 0, 0],
			"color": 0,
			"children": [17, 18, 19, 20]
		},
		{
			"name": "group",
			"origin": [0, 0, 0],
			"color": 0,
			"children": [21, 22, 23, 24]
		}
	]
}