{
	"credit": "by ZiYun",
	"ambientocclusion": false,
	"textures": {
		"line": "block/redstone_dust_ev-11"
	},
	"elements": [
		{
			"from": [7.532, 0.5, 7.218],
			"to": [7.8445, 1, 8.7793],
			"faces": {
				"north": {"uv": [6, 6, 6.3125, 6.5], "texture": "#line"},
				"east": {"uv": [8, 6, 8.313, 6.5], "texture": "#line"},
				"south": {"uv": [6, 6, 6.3125, 6.5], "texture": "#line"},
				"west": {"uv": [8, 6, 8.313, 6.5], "texture": "#line"},
				"up": {"uv": [8, 6, 8.3125, 6.313], "texture": "#line"},
				"down": {"uv": [6, 6, 6.3125, 6.313], "texture": "#line"}
			}
		},
		{
			"from": [8.15903, 0.5, 7.218],
			"to": [8.47153, 1, 8.7793],
			"faces": {
				"north": {"uv": [6, 6, 6.3125, 6.5], "texture": "#line"},
				"east": {"uv": [8, 6, 8.313, 6.5], "texture": "#line"},
				"south": {"uv": [6, 6, 6.3125, 6.5], "texture": "#line"},
				"west": {"uv": [8, 6, 8.313, 6.5], "texture": "#line"},
				"up": {"uv": [8, 6, 8.3125, 6.313], "texture": "#line"},
				"down": {"uv": [6, 6, 6.3125, 6.313], "texture": "#line"}
			}
		}
	],
	"groups": [0,
		{
			"name": "group",
			"origin": [0, 0, 0],
			"color": 0,
			"children": [0, 1]
		}
	]
}