{
	"credit": "by ZiYun",
	"ambientocclusion": false,
	"textures": {
		"line": "block/redstone_dust_line0",
		"particle": "block/redstone_dust_overlay",
		"overlay": "block/redstone_dust_overlay"
	},
	"elements": [
		{
			"from": [6.5, 0, 0],
			"to": [9.5, 0.5, 8],
			"shade": false,
			"faces": {
				"north": {"uv": [6.5, 15.5, 9.5, 16], "texture": "#line", "tintindex": 0},
				"east": {"uv": [9, 8, 9.5, 16], "texture": "#line", "tintindex": 0},
				"south": {"uv": [6.5, 15.5, 9.5, 16], "texture": "#line", "tintindex": 0},
				"west": {"uv": [6.5, 8, 7, 16], "texture": "#line", "tintindex": 0},
				"up": {"uv": [6.5, 8, 9.5, 16], "texture": "#line", "tintindex": 0},
				"down": {"uv": [6.5, 8, 9.5, 16], "texture": "#line", "tintindex": 0}
			}
		},
		{
			"from": [6, 0, 0],
			"to": [6.5, 0.25, 8],
			"shade": false,
			"faces": {
				"north": {"uv": [6, 15.5, 6.5, 16], "texture": "#line", "tintindex": 0},
				"east": {"uv": [9.5, 8, 10, 16], "texture": "#line", "tintindex": 0},
				"south": {"uv": [6, 15.5, 6.5, 16], "texture": "#line", "tintindex": 0},
				"west": {"uv": [6, 8, 6.5, 16], "texture": "#line", "tintindex": 0},
				"up": {"uv": [6, 8, 6.5, 16], "texture": "#line", "tintindex": 0},
				"down": {"uv": [9.5, 8, 10, 16], "texture": "#line", "tintindex": 0}
			}
		},
		{
			"from": [9.5, 0, 0],
			"to": [10, 0.25, 8],
			"shade": false,
			"faces": {
				"north": {"uv": [6, 15.5, 6.5, 16], "texture": "#line", "tintindex": 0},
				"east": {"uv": [9.5, 8, 10, 16], "texture": "#line", "tintindex": 0},
				"south": {"uv": [6, 15.5, 6.5, 16], "texture": "#line", "tintindex": 0},
				"west": {"uv": [6, 8, 6.5, 16], "texture": "#line", "tintindex": 0},
				"up": {"uv": [6, 8, 6.5, 16], "texture": "#line", "tintindex": 0},
				"down": {"uv": [9.5, 8, 10, 16], "texture": "#line", "tintindex": 0}
			}
		},
		{
			"from": [6, 0, 0],
			"to": [10, 0.5, 8],
			"shade": false,
			"faces": {
				"north": {"uv": [6.5, 15.5, 9.5, 16], "texture": "#overlay", "tintindex": 0},
				"east": {"uv": [9, 8, 9.5, 16], "texture": "#overlay", "tintindex": 0},
				"south": {"uv": [6.5, 15.5, 9.5, 16], "texture": "#overlay", "tintindex": 0},
				"west": {"uv": [6.5, 8, 7, 16], "texture": "#overlay", "tintindex": 0},
				"up": {"uv": [6.5, 8, 9.5, 16], "texture": "#overlay", "tintindex": 0},
				"down": {"uv": [6.5, 8, 9.5, 16], "texture": "#overlay", "tintindex": 0}
			}
		}
	]
}