{
	"credit": "by ZiYun",
	"ambientocclusion": false,
	"textures": {
		"line": "block/redstone_dust_ev-14"
	},
	"elements": [
		{
			"from": [8, 0.5, 7.532],
			"to": [8.3125, 1, 7.845],
			"faces": {
				"north": {"uv": [9, 6, 9.3125, 6.5], "texture": "#line"},
				"east": {"uv": [9, 6, 9.313, 6.5], "texture": "#line"},
				"south": {"uv": [9, 6, 9.3125, 6.5], "texture": "#line"},
				"west": {"uv": [9, 6, 9.313, 6.5], "texture": "#line"},
				"up": {"uv": [9, 6, 9.3125, 6.313], "texture": "#line"},
				"down": {"uv": [9, 6, 9.3125, 6.313], "texture": "#line"}
			}
		},
		{
			"from": [8.312, 0.5, 7.22],
			"to": [8.6245, 1, 8.158],
			"faces": {
				"north": {"uv": [9, 6, 9.3125, 6.5], "texture": "#line"},
				"east": {"uv": [9, 6, 9.313, 6.5], "texture": "#line"},
				"south": {"uv": [9, 6, 9.3125, 6.5], "texture": "#line"},
				"west": {"uv": [9, 6, 9.313, 6.5], "texture": "#line"},
				"up": {"uv": [9, 6, 9.3125, 6.313], "texture": "#line"},
				"down": {"uv": [9, 6, 9.3125, 6.313], "texture": "#line"}
			}
		},
		{
			"from": [7.68811, 0.5, 7.8439],
			"to": [8.00061, 1, 8.1569],
			"faces": {
				"north": {"uv": [9, 6, 9.3125, 6.5], "texture": "#line"},
				"east": {"uv": [9, 6, 9.313, 6.5], "texture": "#line"},
				"south": {"uv": [9, 6, 9.3125, 6.5], "texture": "#line"},
				"west": {"uv": [9, 6, 9.313, 6.5], "texture": "#line"},
				"up": {"uv": [9, 6, 9.3125, 6.313], "texture": "#line"},
				"down": {"uv": [9, 6, 9.3125, 6.313], "texture": "#line"}
			}
		},
		{
			"from": [8.312, 0.5, 8.4697],
			"to": [8.6245, 1, 8.7827],
			"faces": {
				"north": {"uv": [9, 6, 9.3125, 6.5], "texture": "#line"},
				"east": {"uv": [9, 6, 9.313, 6.5], "texture": "#line"},
				"south": {"uv": [9, 6, 9.3125, 6.5], "texture": "#line"},
				"west": {"uv": [9, 6, 9.313, 6.5], "texture": "#line"},
				"up": {"uv": [9, 6, 9.3125, 6.313], "texture": "#line"},
				"down": {"uv": [9, 6, 9.3125, 6.313], "texture": "#line"}
			}
		},
		{
			"from": [7.688, 0.5, 8.1568],
			"to": [8.938, 1, 8.4698],
			"faces": {
				"north": {"uv": [9, 6, 9.9375, 6.5], "texture": "#line"},
				"east": {"uv": [9, 6, 9.313, 6.5], "texture": "#line"},
				"south": {"uv": [9, 6, 9.9375, 6.5], "texture": "#line"},
				"west": {"uv": [9, 6, 9.313, 6.5], "texture": "#line"},
				"up": {"uv": [9, 6, 9.9375, 6.313], "texture": "#line"},
				"down": {"uv": [9, 6, 9.9375, 6.313], "texture": "#line"}
			}
		},
		{
			"from": [7.0625, 0.5, 7.22],
			"to": [7.375, 1, 8.782],
			"faces": {
				"north": {"uv": [9, 6, 9.3125, 6.5], "texture": "#line"},
				"east": {"uv": [9, 6, 9.313, 6.5], "texture": "#line"},
				"south": {"uv": [9, 6, 9.3125, 6.5], "texture": "#line"},
				"west": {"uv": [9, 6, 9.313, 6.5], "texture": "#line"},
				"up": {"uv": [9, 6, 9.3125, 6.313], "texture": "#line"},
				"down": {"uv": [9, 6, 9.3125, 6.313], "texture": "#line"}
			}
		}
	],
	"groups": [0,
		{
			"name": "group",
			"origin": [0, 0, 0],
			"color": 0,
			"children": [0, 1, 2, 3, 4, 5]
		}
	]
}