{
	"credit": "by ZiYun",
	"ambientocclusion": false,
	"textures": {
		"particle": "block/repeater_on_1",
		"top": "block/repeater_on_1",
		"lit": "block/redstone_torch",
		"lock": "block/bedrock"
	},
	"elements": [
		{
			"from": [2, 2, 6],
			"to": [14, 3, 8],
			"faces": {
				"north": {"uv": [9, 7, 12.5, 9], "texture": "#lock"},
				"east": {"uv": [5, 7, 7, 9], "texture": "#lock"},
				"south": {"uv": [3.5, 7, 7, 9], "texture": "#lock"},
				"west": {"uv": [5, 7, 7, 9], "texture": "#lock"},
				"up": {"uv": [4, 2, 6, 14], "rotation": 90, "texture": "#lock"},
				"down": {"uv": [4, 2, 6, 14], "rotation": 90, "texture": "#lock"}
			}
		},
		{
			"from": [7, 2, 2],
			"to": [9, 5, 4],
			"faces": {
				"north": {"uv": [7, 8, 9, 13], "texture": "#lit"},
				"east": {"uv": [7, 8, 9, 13], "texture": "#lit"},
				"south": {"uv": [7, 8, 9, 13], "texture": "#lit"},
				"west": {"uv": [7, 8, 9, 13], "texture": "#lit"},
				"up": {"uv": [7, 8, 9, 8.5], "texture": "#lit"},
				"down": {"uv": [7, 13, 9, 15], "texture": "#lit"}
			}
		},
		{
			"from": [0, 0, 0],
			"to": [16, 2, 6],
			"faces": {
				"north": {"uv": [0, 14, 16, 16], "texture": "#top"},
				"east": {"uv": [10, 14, 16, 16], "texture": "#top"},
				"south": {"uv": [0, 16, 16, 14], "texture": "#top"},
				"west": {"uv": [0, 14, 6, 16], "texture": "#top"},
				"up": {"uv": [0, 0, 16, 6], "texture": "#top"},
				"down": {"uv": [0, 6, 16, 0], "texture": "#top"}
			}
		},
		{
			"from": [0, 0, 6],
			"to": [7, 2, 14],
			"faces": {
				"north": {"uv": [9, 14, 16, 16], "texture": "#top"},
				"east": {"uv": [4, 16, 12, 14], "texture": "#top"},
				"south": {"uv": [0, 14, 7, 16], "texture": "#top"},
				"west": {"uv": [6, 14, 14, 16], "texture": "#top"},
				"up": {"uv": [0, 6, 7, 14], "texture": "#top"},
				"down": {"uv": [0, 14, 7, 6], "texture": "#top"}
			}
		},
		{
			"from": [9, 0, 6],
			"to": [16, 2, 14],
			"faces": {
				"north": {"uv": [0, 14, 7, 16], "texture": "#top"},
				"east": {"uv": [2, 14, 10, 16], "texture": "#top"},
				"south": {"uv": [9, 14, 16, 16], "texture": "#top"},
				"west": {"uv": [4, 16, 12, 14], "texture": "#top"},
				"up": {"uv": [9, 6, 16, 14], "texture": "#top"},
				"down": {"uv": [9, 14, 16, 6], "texture": "#top"}
			}
		},
		{
			"from": [0, 0, 14],
			"to": [16, 2, 16],
			"faces": {
				"north": {"uv": [0, 16, 16, 14], "texture": "#top"},
				"east": {"uv": [0, 14, 2, 16], "texture": "#top"},
				"south": {"uv": [0, 14, 16, 16], "texture": "#top"},
				"west": {"uv": [14, 14, 16, 16], "texture": "#top"},
				"up": {"uv": [0, 14, 16, 16], "texture": "#top"},
				"down": {"uv": [0, 16, 16, 14], "texture": "#top"}
			}
		},
		{
			"from": [7, 0, 6],
			"to": [9, 1.75, 14],
			"faces": {
				"north": {"uv": [7, 6, 9, 7.75], "texture": "#top"},
				"east": {"uv": [7, 6, 9, 14], "texture": "#top"},
				"south": {"uv": [7, 6, 9, 7.75], "texture": "#top"},
				"west": {"uv": [7, 6, 9, 14], "texture": "#top"},
				"up": {"uv": [7, 6, 9, 14], "texture": "#top"},
				"down": {"uv": [7, 6, 9, 14], "texture": "#top"}
			}
		},
		{
			"from": [7.25, 5.5, 2],
			"to": [8.75, 7, 2.25],
			"faces": {
				"north": {"uv": [7.5, 6, 8.25, 6.75], "texture": "#lit"},
				"east": {"uv": [8, 6.5, 8.25, 7.25], "texture": "#lit"},
				"south": {"uv": [7.5, 6, 8.25, 6.75], "texture": "#lit"},
				"west": {"uv": [8, 6.5, 8.25, 7.25], "texture": "#lit"},
				"up": {"uv": [8, 6.5, 8.75, 6.75], "texture": "#lit"},
				"down": {"uv": [7.5, 6.5, 8.25, 6.75], "texture": "#lit"}
			}
		},
		{
			"from": [7.25, 5.5, 3.75],
			"to": [8.75, 7, 4],
			"faces": {
				"north": {"uv": [7.5, 6, 8.25, 6.75], "texture": "#lit"},
				"east": {"uv": [8, 6.5, 8.25, 7.25], "texture": "#lit"},
				"south": {"uv": [7.5, 6, 8.25, 6.75], "texture": "#lit"},
				"west": {"uv": [8, 6.5, 8.25, 7.25], "texture": "#lit"},
				"up": {"uv": [8, 6.5, 8.75, 6.75], "texture": "#lit"},
				"down": {"uv": [7.5, 6.5, 8.25, 6.75], "texture": "#lit"}
			}
		},
		{
			"from": [7, 5.5, 2.25],
			"to": [7.25, 7, 3.75],
			"faces": {
				"north": {"uv": [7.5, 6, 8.25, 6.75], "texture": "#lit"},
				"east": {"uv": [8, 6.5, 8.25, 7.25], "texture": "#lit"},
				"south": {"uv": [7.5, 6, 8.25, 6.75], "texture": "#lit"},
				"west": {"uv": [8, 6.5, 8.25, 7.25], "texture": "#lit"},
				"up": {"uv": [8, 6.5, 8.75, 6.75], "texture": "#lit"},
				"down": {"uv": [7.5, 6.5, 8.25, 6.75], "texture": "#lit"}
			}
		},
		{
			"from": [8.75, 5.5, 2.25],
			"to": [9, 7, 3.75],
			"faces": {
				"north": {"uv": [7.5, 6, 8.25, 6.75], "texture": "#lit"},
				"east": {"uv": [8, 6.5, 8.25, 7.25], "texture": "#lit"},
				"south": {"uv": [7.5, 6, 8.25, 6.75], "texture": "#lit"},
				"west": {"uv": [8, 6.5, 8.25, 7.25], "texture": "#lit"},
				"up": {"uv": [8, 6.5, 8.75, 6.75], "texture": "#lit"},
				"down": {"uv": [7.5, 6.5, 8.25, 6.75], "texture": "#lit"}
			}
		},
		{
			"from": [7.25, 7, 2.25],
			"to": [8.75, 7.25, 3.75],
			"faces": {
				"north": {"uv": [7.5, 6, 8.25, 6.75], "texture": "#lit"},
				"east": {"uv": [8, 6.5, 8.25, 7.25], "texture": "#lit"},
				"south": {"uv": [7.5, 6, 8.25, 6.75], "texture": "#lit"},
				"west": {"uv": [8, 6.5, 8.25, 7.25], "texture": "#lit"},
				"up": {"uv": [8, 6.5, 8.75, 6.75], "texture": "#lit"},
				"down": {"uv": [7.5, 6.5, 8.25, 6.75], "texture": "#lit"}
			}
		},
		{
			"from": [7.25, 5.25, 2.25],
			"to": [8.75, 5.5, 3.75],
			"faces": {
				"north": {"uv": [7.5, 6, 8.25, 6.75], "texture": "#lit"},
				"east": {"uv": [8, 6.5, 8.25, 7.25], "texture": "#lit"},
				"south": {"uv": [7.5, 6, 8.25, 6.75], "texture": "#lit"},
				"west": {"uv": [8, 6.5, 8.25, 7.25], "texture": "#lit"},
				"up": {"uv": [8, 6.5, 8.75, 6.75], "texture": "#lit"},
				"down": {"uv": [7.5, 6.5, 8.25, 6.75], "texture": "#lit"}
			}
		},
		{
			"from": [12, 2, 4.5],
			"to": [13.5, 2.5, 5],
			"faces": {
				"north": {"uv": [2.5, 4.5, 4, 5], "texture": "#top"},
				"east": {"uv": [3, 1.5, 3.5, 2], "texture": "#top"},
				"south": {"uv": [2.5, 4.5, 4, 5], "texture": "#top"},
				"west": {"uv": [3, 1.5, 3.5, 2], "texture": "#top"},
				"up": {"uv": [2.5, 4.5, 4, 5], "texture": "#top"},
				"down": {"uv": [2.5, 4.5, 4, 5], "texture": "#top"}
			}
		},
		{
			"from": [12, 2, 1.5],
			"to": [13, 2.5, 2],
			"faces": {
				"north": {"uv": [2.5, 4.5, 3.5, 5], "texture": "#top"},
				"east": {"uv": [3, 1.5, 3.5, 2], "texture": "#top"},
				"south": {"uv": [2.5, 4.5, 3.5, 5], "texture": "#top"},
				"west": {"uv": [3, 1.5, 3.5, 2], "texture": "#top"},
				"up": {"uv": [2.5, 4.5, 3.5, 5], "texture": "#top"},
				"down": {"uv": [2.5, 4.5, 3.5, 5], "texture": "#top"}
			}
		},
		{
			"from": [12.5, 2, 2],
			"to": [13, 2.5, 4.5],
			"faces": {
				"north": {"uv": [2.5, 4.5, 3, 5], "texture": "#top"},
				"east": {"uv": [3, 1.5, 3.5, 4.5], "texture": "#top"},
				"south": {"uv": [2.5, 4.5, 3, 5], "texture": "#top"},
				"west": {"uv": [3, 1.5, 3.5, 4.5], "texture": "#top"},
				"up": {"uv": [3, 2, 3.5, 4.5], "texture": "#top"},
				"down": {"uv": [3, 2, 3.5, 4.5], "texture": "#top"}
			}
		},
		{
			"from": [2.5, 2, 4.5],
			"to": [4, 2.5, 5],
			"faces": {
				"north": {"uv": [2.5, 4.5, 4, 5], "texture": "#top"},
				"east": {"uv": [3, 1.5, 3.5, 2], "texture": "#top"},
				"south": {"uv": [2.5, 4.5, 4, 5], "texture": "#top"},
				"west": {"uv": [3, 1.5, 3.5, 2], "texture": "#top"},
				"up": {"uv": [2.5, 4.5, 4, 5], "texture": "#top"},
				"down": {"uv": [2.5, 4.5, 4, 5], "texture": "#top"}
			}
		},
		{
			"from": [2.5, 2, 1.5],
			"to": [3.5, 2.5, 2],
			"faces": {
				"north": {"uv": [2.5, 4.5, 3.5, 5], "texture": "#top"},
				"east": {"uv": [3, 1.5, 3.5, 2], "texture": "#top"},
				"south": {"uv": [2.5, 4.5, 3.5, 5], "texture": "#top"},
				"west": {"uv": [3, 1.5, 3.5, 2], "texture": "#top"},
				"up": {"uv": [2.5, 4.5, 3.5, 5], "texture": "#top"},
				"down": {"uv": [2.5, 4.5, 3.5, 5], "texture": "#top"}
			}
		},
		{
			"from": [3, 2, 2],
			"to": [3.5, 2.5, 4.5],
			"faces": {
				"north": {"uv": [2.5, 4.5, 3, 5], "texture": "#top"},
				"east": {"uv": [3, 1.5, 3.5, 4.5], "texture": "#top"},
				"south": {"uv": [2.5, 4.5, 3, 5], "texture": "#top"},
				"west": {"uv": [3, 1.5, 3.5, 4.5], "texture": "#top"},
				"up": {"uv": [3, 2, 3.5, 4.5], "texture": "#top"},
				"down": {"uv": [3, 2, 3.5, 4.5], "texture": "#top"}
			}
		}
	],
	"groups": [0, 1, 2, 3, 4, 5, 6,
		{
			"name": "group",
			"origin": [0, 0, 0],
			"color": 0,
			"children": [7, 8, 9, 10, 11, 12]
		},
		{
			"name": "group",
			"origin": [0, 0, 0],
			"color": 0,
			"children": [13, 14, 15]
		},
		{
			"name": "group",
			"origin": [0, 0, 0],
			"color": 0,
			"children": [16, 17, 18]
		}
	]
}