{
	"credit": "by ZiYun",
	"ambientocclusion": false,
	"textures": {
		"particle": "block/repeater_3",
		"top": "block/repeater_3",
		"unlit": "block/redstone_torch_off"
	},
	"elements": [
		{
			"from": [7, 1.75, 10],
			"to": [9, 5, 12],
			"faces": {
				"north": {"uv": [7, 8, 9, 13], "texture": "#unlit"},
				"east": {"uv": [7, 8, 9, 13], "texture": "#unlit"},
				"south": {"uv": [7, 8, 9, 13], "texture": "#unlit"},
				"west": {"uv": [7, 8, 9, 13], "texture": "#unlit"},
				"up": {"uv": [7, 8, 9, 8.5], "texture": "#unlit"},
				"down": {"uv": [7, 13, 9, 15], "texture": "#unlit"}
			}
		},
		{
			"from": [7, 2, 2],
			"to": [9, 5, 4],
			"faces": {
				"north": {"uv": [7, 8, 9, 13], "texture": "#unlit"},
				"east": {"uv": [7, 8, 9, 13], "texture": "#unlit"},
				"south": {"uv": [7, 8, 9, 13], "texture": "#unlit"},
				"west": {"uv": [7, 8, 9, 13], "texture": "#unlit"},
				"up": {"uv": [7, 8, 9, 8.5], "texture": "#unlit"},
				"down": {"uv": [7, 13, 9, 15], "texture": "#unlit"}
			}
		},
		{
			"from": [0, 0, 0],
			"to": [16, 2, 6],
			"faces": {
				"north": {"uv": [0, 14, 16, 16], "texture": "#top"},
				"east": {"uv": [10, 14, 16, 16], "texture": "#top"},
				"south": {"uv": [0, 16, 16, 14], "texture": "#top"},
				"west": {"uv": [0, 14, 6, 16], "texture": "#top"},
				"up": {"uv": [0, 0, 16, 6], "texture": "#top"},
				"down": {"uv": [0, 6, 16, 0], "texture": "#top"}
			}
		},
		{
			"from": [0, 0, 6],
			"to": [7, 2, 14],
			"faces": {
				"north": {"uv": [9, 14, 16, 16], "texture": "#top"},
				"east": {"uv": [4, 16, 12, 14], "texture": "#top"},
				"south": {"uv": [0, 14, 7, 16], "texture": "#top"},
				"west": {"uv": [6, 14, 14, 16], "texture": "#top"},
				"up": {"uv": [0, 6, 7, 14], "texture": "#top"},
				"down": {"uv": [0, 14, 7, 6], "texture": "#top"}
			}
		},
		{
			"from": [9, 0, 6],
			"to": [16, 2, 14],
			"faces": {
				"north": {"uv": [0, 14, 7, 16], "texture": "#top"},
				"east": {"uv": [2, 14, 10, 16], "texture": "#top"},
				"south": {"uv": [9, 14, 16, 16], "texture": "#top"},
				"west": {"uv": [4, 16, 12, 14], "texture": "#top"},
				"up": {"uv": [9, 6, 16, 14], "texture": "#top"},
				"down": {"uv": [9, 14, 16, 6], "texture": "#top"}
			}
		},
		{
			"from": [0, 0, 14],
			"to": [16, 2, 16],
			"faces": {
				"north": {"uv": [0, 16, 16, 14], "texture": "#top"},
				"east": {"uv": [0, 14, 2, 16], "texture": "#top"},
				"south": {"uv": [0, 14, 16, 16], "texture": "#top"},
				"west": {"uv": [14, 14, 16, 16], "texture": "#top"},
				"up": {"uv": [0, 14, 16, 16], "texture": "#top"},
				"down": {"uv": [0, 16, 16, 14], "texture": "#top"}
			}
		},
		{
			"from": [7, 0, 6],
			"to": [9, 1.75, 14],
			"faces": {
				"north": {"uv": [7, 6, 9, 7.75], "texture": "#top"},
				"east": {"uv": [7, 6, 9, 14], "texture": "#top"},
				"south": {"uv": [7, 6, 9, 7.75], "texture": "#top"},
				"west": {"uv": [7, 6, 9, 14], "texture": "#top"},
				"up": {"uv": [7, 6, 9, 14], "texture": "#top"},
				"down": {"uv": [7, 6, 9, 14], "texture": "#top"}
			}
		},
		{
			"from": [7.25, 5.5, 2],
			"to": [8.75, 7, 2.25],
			"faces": {
				"north": {"uv": [7.5, 6, 8.25, 6.75], "texture": "#unlit"},
				"east": {"uv": [8, 6.5, 8.25, 7.25], "texture": "#unlit"},
				"south": {"uv": [7.5, 6, 8.25, 6.75], "texture": "#unlit"},
				"west": {"uv": [8, 6.5, 8.25, 7.25], "texture": "#unlit"},
				"up": {"uv": [8, 6.5, 8.75, 6.75], "texture": "#unlit"},
				"down": {"uv": [7.5, 6.5, 8.25, 6.75], "texture": "#unlit"}
			}
		},
		{
			"from": [7.25, 5.5, 3.75],
			"to": [8.75, 7, 4],
			"faces": {
				"north": {"uv": [7.5, 6, 8.25, 6.75], "texture": "#unlit"},
				"east": {"uv": [8, 6.5, 8.25, 7.25], "texture": "#unlit"},
				"south": {"uv": [7.5, 6, 8.25, 6.75], "texture": "#unlit"},
				"west": {"uv": [8, 6.5, 8.25, 7.25], "texture": "#unlit"},
				"up": {"uv": [8, 6.5, 8.75, 6.75], "texture": "#unlit"},
				"down": {"uv": [7.5, 6.5, 8.25, 6.75], "texture": "#unlit"}
			}
		},
		{
			"from": [7, 5.5, 2.25],
			"to": [7.25, 7, 3.75],
			"faces": {
				"north": {"uv": [7.5, 6, 8.25, 6.75], "texture": "#unlit"},
				"east": {"uv": [8, 6.5, 8.25, 7.25], "texture": "#unlit"},
				"south": {"uv": [7.5, 6, 8.25, 6.75], "texture": "#unlit"},
				"west": {"uv": [8, 6.5, 8.25, 7.25], "texture": "#unlit"},
				"up": {"uv": [8, 6.5, 8.75, 6.75], "texture": "#unlit"},
				"down": {"uv": [7.5, 6.5, 8.25, 6.75], "texture": "#unlit"}
			}
		},
		{
			"from": [8.75, 5.5, 2.25],
			"to": [9, 7, 3.75],
			"faces": {
				"north": {"uv": [7.5, 6, 8.25, 6.75], "texture": "#unlit"},
				"east": {"uv": [8, 6.5, 8.25, 7.25], "texture": "#unlit"},
				"south": {"uv": [7.5, 6, 8.25, 6.75], "texture": "#unlit"},
				"west": {"uv": [8, 6.5, 8.25, 7.25], "texture": "#unlit"},
				"up": {"uv": [8, 6.5, 8.75, 6.75], "texture": "#unlit"},
				"down": {"uv": [7.5, 6.5, 8.25, 6.75], "texture": "#unlit"}
			}
		},
		{
			"from": [7.25, 7, 2.25],
			"to": [8.75, 7.25, 3.75],
			"faces": {
				"north": {"uv": [7.5, 6, 8.25, 6.75], "texture": "#unlit"},
				"east": {"uv": [8, 6.5, 8.25, 7.25], "texture": "#unlit"},
				"south": {"uv": [7.5, 6, 8.25, 6.75], "texture": "#unlit"},
				"west": {"uv": [8, 6.5, 8.25, 7.25], "texture": "#unlit"},
				"up": {"uv": [8, 6.5, 8.75, 6.75], "texture": "#unlit"},
				"down": {"uv": [7.5, 6.5, 8.25, 6.75], "texture": "#unlit"}
			}
		},
		{
			"from": [7.25, 5.25, 2.25],
			"to": [8.75, 5.5, 3.75],
			"faces": {
				"north": {"uv": [7.5, 6, 8.25, 6.75], "texture": "#unlit"},
				"east": {"uv": [8, 6.5, 8.25, 7.25], "texture": "#unlit"},
				"south": {"uv": [7.5, 6, 8.25, 6.75], "texture": "#unlit"},
				"west": {"uv": [8, 6.5, 8.25, 7.25], "texture": "#unlit"},
				"up": {"uv": [8, 6.5, 8.75, 6.75], "texture": "#unlit"},
				"down": {"uv": [7.5, 6.5, 8.25, 6.75], "texture": "#unlit"}
			}
		},
		{
			"from": [7.25, 5.5, 10],
			"to": [8.75, 7, 10.25],
			"faces": {
				"north": {"uv": [7.5, 6, 8.25, 6.75], "texture": "#unlit"},
				"east": {"uv": [8, 6.5, 8.25, 7.25], "texture": "#unlit"},
				"south": {"uv": [7.5, 6, 8.25, 6.75], "texture": "#unlit"},
				"west": {"uv": [8, 6.5, 8.25, 7.25], "texture": "#unlit"},
				"up": {"uv": [8, 6.5, 8.75, 6.75], "texture": "#unlit"},
				"down": {"uv": [7.5, 6.5, 8.25, 6.75], "texture": "#unlit"}
			}
		},
		{
			"from": [7.25, 5.5, 11.75],
			"to": [8.75, 7, 12],
			"faces": {
				"north": {"uv": [7.5, 6, 8.25, 6.75], "texture": "#unlit"},
				"east": {"uv": [8, 6.5, 8.25, 7.25], "texture": "#unlit"},
				"south": {"uv": [7.5, 6, 8.25, 6.75], "texture": "#unlit"},
				"west": {"uv": [8, 6.5, 8.25, 7.25], "texture": "#unlit"},
				"up": {"uv": [8, 6.5, 8.75, 6.75], "texture": "#unlit"},
				"down": {"uv": [7.5, 6.5, 8.25, 6.75], "texture": "#unlit"}
			}
		},
		{
			"from": [7, 5.5, 10.25],
			"to": [7.25, 7, 11.75],
			"faces": {
				"north": {"uv": [7.5, 6, 8.25, 6.75], "texture": "#unlit"},
				"east": {"uv": [8, 6.5, 8.25, 7.25], "texture": "#unlit"},
				"south": {"uv": [7.5, 6, 8.25, 6.75], "texture": "#unlit"},
				"west": {"uv": [8, 6.5, 8.25, 7.25], "texture": "#unlit"},
				"up": {"uv": [8, 6.5, 8.75, 6.75], "texture": "#unlit"},
				"down": {"uv": [7.5, 6.5, 8.25, 6.75], "texture": "#unlit"}
			}
		},
		{
			"from": [8.75, 5.5, 10.25],
			"to": [9, 7, 11.75],
			"faces": {
				"north": {"uv": [7.5, 6, 8.25, 6.75], "texture": "#unlit"},
				"east": {"uv": [8, 6.5, 8.25, 7.25], "texture": "#unlit"},
				"south": {"uv": [7.5, 6, 8.25, 6.75], "texture": "#unlit"},
				"west": {"uv": [8, 6.5, 8.25, 7.25], "texture": "#unlit"},
				"up": {"uv": [8, 6.5, 8.75, 6.75], "texture": "#unlit"},
				"down": {"uv": [7.5, 6.5, 8.25, 6.75], "texture": "#unlit"}
			}
		},
		{
			"from": [7.25, 7, 10.25],
			"to": [8.75, 7.25, 11.75],
			"faces": {
				"north": {"uv": [7.5, 6, 8.25, 6.75], "texture": "#unlit"},
				"east": {"uv": [8, 6.5, 8.25, 7.25], "texture": "#unlit"},
				"south": {"uv": [7.5, 6, 8.25, 6.75], "texture": "#unlit"},
				"west": {"uv": [8, 6.5, 8.25, 7.25], "texture": "#unlit"},
				"up": {"uv": [8, 6.5, 8.75, 6.75], "texture": "#unlit"},
				"down": {"uv": [7.5, 6.5, 8.25, 6.75], "texture": "#unlit"}
			}
		},
		{
			"from": [7.25, 5.25, 10.25],
			"to": [8.75, 5.5, 11.75],
			"faces": {
				"north": {"uv": [7.5, 6, 8.25, 6.75], "texture": "#unlit"},
				"east": {"uv": [8, 6.5, 8.25, 7.25], "texture": "#unlit"},
				"south": {"uv": [7.5, 6, 8.25, 6.75], "texture": "#unlit"},
				"west": {"uv": [8, 6.5, 8.25, 7.25], "texture": "#unlit"},
				"up": {"uv": [8, 6.5, 8.75, 6.75], "texture": "#unlit"},
				"down": {"uv": [7.5, 6.5, 8.25, 6.75], "texture": "#unlit"}
			}
		},
		{
			"from": [9, 2, 6.5],
			"to": [11, 2.35, 7.5],
			"faces": {
				"north": {"uv": [5, 6.5, 7, 6.75], "texture": "#top"},
				"east": {"uv": [5, 6.5, 6, 6.75], "texture": "#top"},
				"south": {"uv": [5, 6.5, 7, 6.75], "texture": "#top"},
				"west": {"uv": [5.5, 6.5, 6.5, 6.75], "texture": "#top"},
				"up": {"uv": [9, 8.5, 12, 9.5], "texture": "#top"},
				"down": {"uv": [9, 8.5, 12, 9.5], "texture": "#top"}
			}
		},
		{
			"from": [5, 2, 6.5],
			"to": [7, 2.35, 7.5],
			"faces": {
				"north": {"uv": [5, 6.5, 7, 6.75], "texture": "#top"},
				"east": {"uv": [5, 6.5, 6, 6.75], "texture": "#top"},
				"south": {"uv": [5, 6.5, 7, 6.75], "texture": "#top"},
				"west": {"uv": [5.5, 6.5, 6.5, 6.75], "texture": "#top"},
				"up": {"uv": [4, 8.5, 7, 9.5], "texture": "#top"},
				"down": {"uv": [4, 8.5, 7, 9.5], "texture": "#top"}
			}
		},
		{
			"from": [9, 2, 8.5],
			"to": [12, 2.35, 9.5],
			"faces": {
				"north": {"uv": [5, 6.5, 7, 6.75], "texture": "#top"},
				"east": {"uv": [5, 6.5, 6, 6.75], "texture": "#top"},
				"south": {"uv": [5, 6.5, 7, 6.75], "texture": "#top"},
				"west": {"uv": [5.5, 6.5, 6.5, 6.75], "texture": "#top"},
				"up": {"uv": [9, 8.5, 12, 9.5], "texture": "#top"},
				"down": {"uv": [9, 8.5, 12, 9.5], "texture": "#top"}
			}
		},
		{
			"from": [4, 2, 8.5],
			"to": [7, 2.35, 9.5],
			"faces": {
				"north": {"uv": [5, 6.5, 7, 6.75], "texture": "#top"},
				"east": {"uv": [5, 6.5, 6, 6.75], "texture": "#top"},
				"south": {"uv": [5, 6.5, 7, 6.75], "texture": "#top"},
				"west": {"uv": [5.5, 6.5, 6.5, 6.75], "texture": "#top"},
				"up": {"uv": [4, 8.5, 7, 9.5], "texture": "#top"},
				"down": {"uv": [4, 8.5, 7, 9.5], "texture": "#top"}
			}
		},
		{
			"from": [3, 2, 10.5],
			"to": [7, 2.35, 11.5],
			"faces": {
				"north": {"uv": [5, 6.5, 7, 6.75], "texture": "#top"},
				"east": {"uv": [5, 6.5, 6, 6.75], "texture": "#top"},
				"south": {"uv": [5, 6.5, 7, 6.75], "texture": "#top"},
				"west": {"uv": [5.5, 6.5, 6.5, 6.75], "texture": "#top"},
				"up": {"uv": [3, 10.5, 7, 11.5], "texture": "#top"},
				"down": {"uv": [3, 10.5, 7, 11.5], "texture": "#top"}
			}
		},
		{
			"from": [9, 2, 10.5],
			"to": [13, 2.35, 11.5],
			"faces": {
				"north": {"uv": [5, 6.5, 7, 6.75], "texture": "#top"},
				"east": {"uv": [5, 6.5, 6, 6.75], "texture": "#top"},
				"south": {"uv": [5, 6.5, 7, 6.75], "texture": "#top"},
				"west": {"uv": [5.5, 6.5, 6.5, 6.75], "texture": "#top"},
				"up": {"uv": [9, 10.5, 13, 11.5], "texture": "#top"},
				"down": {"uv": [9, 10.5, 13, 11.5], "texture": "#top"}
			}
		},
		{
			"from": [2.5, 2, 1.5],
			"to": [4.5, 2.5, 2],
			"faces": {
				"north": {"uv": [2.5, 4.5, 4.5, 5], "texture": "#top"},
				"east": {"uv": [2.5, 4.5, 3, 5], "texture": "#top"},
				"south": {"uv": [2.5, 4.5, 4.5, 5], "texture": "#top"},
				"west": {"uv": [2.5, 4.5, 3, 5], "texture": "#top"},
				"up": {"uv": [2.5, 4.5, 4.5, 5], "texture": "#top"},
				"down": {"uv": [2.5, 4.5, 4.5, 5], "texture": "#top"}
			}
		},
		{
			"from": [2.5, 2, 3],
			"to": [4.5, 2.5, 3.5],
			"faces": {
				"north": {"uv": [2.5, 4.5, 4.5, 5], "texture": "#top"},
				"east": {"uv": [2.5, 4.5, 3, 5], "texture": "#top"},
				"south": {"uv": [2.5, 4.5, 4.5, 5], "texture": "#top"},
				"west": {"uv": [2.5, 4.5, 3, 5], "texture": "#top"},
				"up": {"uv": [2.5, 4.5, 4.5, 5], "texture": "#top"},
				"down": {"uv": [2.5, 4.5, 4.5, 5], "texture": "#top"}
			}
		},
		{
			"from": [2.5, 2, 4.5],
			"to": [4.5, 2.5, 5],
			"faces": {
				"north": {"uv": [2.5, 4.5, 4.5, 5], "texture": "#top"},
				"east": {"uv": [2.5, 4.5, 3, 5], "texture": "#top"},
				"south": {"uv": [2.5, 4.5, 4.5, 5], "texture": "#top"},
				"west": {"uv": [2.5, 4.5, 3, 5], "texture": "#top"},
				"up": {"uv": [2.5, 4.5, 4.5, 5], "texture": "#top"},
				"down": {"uv": [2.5, 4.5, 4.5, 5], "texture": "#top"}
			}
		},
		{
			"from": [4, 2, 3.5],
			"to": [4.5, 2.5, 4.5],
			"faces": {
				"north": {"uv": [2.5, 4.5, 3, 5], "texture": "#top"},
				"east": {"uv": [2.5, 4.5, 3.5, 5], "texture": "#top"},
				"south": {"uv": [2.5, 4.5, 3, 5], "texture": "#top"},
				"west": {"uv": [2.5, 4.5, 3.5, 5], "texture": "#top"},
				"up": {"uv": [4, 3.5, 4.5, 4.5], "texture": "#top"},
				"down": {"uv": [4, 3.5, 4.5, 4.5], "texture": "#top"}
			}
		},
		{
			"from": [4, 2, 2],
			"to": [4.5, 2.5, 3],
			"faces": {
				"north": {"uv": [2.5, 4.5, 3, 5], "texture": "#top"},
				"east": {"uv": [2.5, 4.5, 3.5, 5], "texture": "#top"},
				"south": {"uv": [2.5, 4.5, 3, 5], "texture": "#top"},
				"west": {"uv": [2.5, 4.5, 3.5, 5], "texture": "#top"},
				"up": {"uv": [4, 3.5, 4.5, 4.5], "texture": "#top"},
				"down": {"uv": [4, 3.5, 4.5, 4.5], "texture": "#top"}
			}
		},
		{
			"from": [11.5, 2, 1.5],
			"to": [13.5, 2.5, 2],
			"faces": {
				"north": {"uv": [2.5, 4.5, 4.5, 5], "texture": "#top"},
				"east": {"uv": [2.5, 4.5, 3, 5], "texture": "#top"},
				"south": {"uv": [2.5, 4.5, 4.5, 5], "texture": "#top"},
				"west": {"uv": [2.5, 4.5, 3, 5], "texture": "#top"},
				"up": {"uv": [2.5, 4.5, 4.5, 5], "texture": "#top"},
				"down": {"uv": [2.5, 4.5, 4.5, 5], "texture": "#top"}
			}
		},
		{
			"from": [11.5, 2, 3],
			"to": [13.5, 2.5, 3.5],
			"faces": {
				"north": {"uv": [2.5, 4.5, 4.5, 5], "texture": "#top"},
				"east": {"uv": [2.5, 4.5, 3, 5], "texture": "#top"},
				"south": {"uv": [2.5, 4.5, 4.5, 5], "texture": "#top"},
				"west": {"uv": [2.5, 4.5, 3, 5], "texture": "#top"},
				"up": {"uv": [2.5, 4.5, 4.5, 5], "texture": "#top"},
				"down": {"uv": [2.5, 4.5, 4.5, 5], "texture": "#top"}
			}
		},
		{
			"from": [11.5, 2, 4.5],
			"to": [13.5, 2.5, 5],
			"faces": {
				"north": {"uv": [2.5, 4.5, 4.5, 5], "texture": "#top"},
				"east": {"uv": [2.5, 4.5, 3, 5], "texture": "#top"},
				"south": {"uv": [2.5, 4.5, 4.5, 5], "texture": "#top"},
				"west": {"uv": [2.5, 4.5, 3, 5], "texture": "#top"},
				"up": {"uv": [2.5, 4.5, 4.5, 5], "texture": "#top"},
				"down": {"uv": [2.5, 4.5, 4.5, 5], "texture": "#top"}
			}
		},
		{
			"from": [13, 2, 3.5],
			"to": [13.5, 2.5, 4.5],
			"faces": {
				"north": {"uv": [2.5, 4.5, 3, 5], "texture": "#top"},
				"east": {"uv": [2.5, 4.5, 3.5, 5], "texture": "#top"},
				"south": {"uv": [2.5, 4.5, 3, 5], "texture": "#top"},
				"west": {"uv": [2.5, 4.5, 3.5, 5], "texture": "#top"},
				"up": {"uv": [4, 3.5, 4.5, 4.5], "texture": "#top"},
				"down": {"uv": [4, 3.5, 4.5, 4.5], "texture": "#top"}
			}
		},
		{
			"from": [13, 2, 2],
			"to": [13.5, 2.5, 3],
			"faces": {
				"north": {"uv": [2.5, 4.5, 3, 5], "texture": "#top"},
				"east": {"uv": [2.5, 4.5, 3.5, 5], "texture": "#top"},
				"south": {"uv": [2.5, 4.5, 3, 5], "texture": "#top"},
				"west": {"uv": [2.5, 4.5, 3.5, 5], "texture": "#top"},
				"up": {"uv": [4, 3.5, 4.5, 4.5], "texture": "#top"},
				"down": {"uv": [4, 3.5, 4.5, 4.5], "texture": "#top"}
			}
		}
	],
	"groups": [0, 1, 2, 3, 4, 5, 6,
		{
			"name": "group",
			"origin": [0, 0, 0],
			"color": 0,
			"children": [7, 8, 9, 10, 11, 12]
		},
		{
			"name": "group",
			"origin": [0, 0, 0],
			"color": 0,
			"children": [13, 14, 15, 16, 17, 18]
		},
		{
			"name": "group",
			"origin": [0, 0, 0],
			"color": 0,
			"children": [19, 20, 21, 22, 23, 24]
		},
		{
			"name": "group",
			"origin": [0, 0, 0],
			"color": 0,
			"children": [25, 26, 27, 28, 29]
		},
		{
			"name": "group",
			"origin": [0, 0, 0],
			"color": 0,
			"children": [30, 31, 32, 33, 34]
		}
	]
}