{
	"credit": "by ZiYun",
	"parent": "minecraft:block/slab",
	"textures": {
		"bottom": "block/smooth_stone",
		"side": "block/smooth_stone_slab_side"
	},
	"elements": [
		{
			"from": [0, 0, 0],
			"to": [16, 8, 16],
			"faces": {
				"north": {"uv": [0, 0, 16, 8], "texture": "#side"},
				"east": {"uv": [0, 0, 16, 8], "texture": "#side"},
				"south": {"uv": [0, 0, 16, 8], "texture": "#side"},
				"west": {"uv": [0, 0, 16, 8], "texture": "#side"},
				"up": {"uv": [0, 0, 16, 16], "texture": "#bottom"},
				"down": {"uv": [0, 0, 16, 16], "texture": "#bottom"}
			}
		}
	]
}