{
	"credit": "by ZiYun",
	"parent": "minecraft:block/template_lantern",
	"textures": {
		"1": "block/soul_torch",
		"particle": "block/soul_torch",
		"lantern": "block/soul_lantern"
	},
	"elements": [
		{
			"from": [5, 0.5, 5],
			"to": [11, 1, 11],
			"faces": {
				"north": {"uv": [0.01, 9.01, 5.99, 9.99], "texture": "#lantern"},
				"east": {"uv": [5.01, 9.01, 5.99, 14.99], "rotation": 90, "texture": "#lantern"},
				"south": {"uv": [0.01, 14.01, 5.99, 14.99], "rotation": 180, "texture": "#lantern"},
				"west": {"uv": [0.01, 9.01, 0.99, 14.99], "rotation": 270, "texture": "#lantern"},
				"up": {"uv": [0.01, 9.01, 5.99, 14.99], "texture": "#lantern"},
				"down": {"uv": [0.01, 9.01, 5.99, 14.99], "texture": "#lantern"}
			}
		},
		{
			"from": [5, 0, 5],
			"to": [7, 1, 6],
			"faces": {
				"north": {"uv": [0.01, 9.01, 1.99, 9.99], "rotation": 180, "texture": "#lantern"},
				"east": {"uv": [1.01, 9.01, 1.99, 9.99], "texture": "#lantern"},
				"south": {"uv": [0.01, 9.01, 1.99, 9.99], "texture": "#lantern"},
				"west": {"uv": [0.01, 9.01, 0.99, 9.99], "texture": "#lantern"},
				"up": {"uv": [0, 10, 2, 11], "texture": "#lantern"},
				"down": {"uv": [0.01, 9.01, 1.99, 9.99], "texture": "#lantern"}
			}
		},
		{
			"from": [9, 0, 5],
			"to": [11, 1, 6],
			"faces": {
				"north": {"uv": [4.01, 9.01, 5.99, 9.99], "rotation": 180, "texture": "#lantern"},
				"east": {"uv": [5.01, 9.01, 5.99, 9.99], "texture": "#lantern"},
				"south": {"uv": [4.01, 9.01, 5.99, 9.99], "texture": "#lantern"},
				"west": {"uv": [4.01, 9.01, 4.99, 9.99], "texture": "#lantern"},
				"up": {"uv": [0, 9, 2, 10], "texture": "#lantern"},
				"down": {"uv": [4.01, 9.01, 5.99, 9.99], "texture": "#lantern"}
			}
		},
		{
			"from": [10, 0, 6],
			"to": [11, 1, 7],
			"faces": {
				"north": {"uv": [0, 0, 0, 0], "texture": "#lantern"},
				"east": {"uv": [5.01, 10.01, 5.99, 10.99], "texture": "#lantern"},
				"south": {"uv": [5.01, 10.01, 5.99, 10.99], "texture": "#lantern"},
				"west": {"uv": [5.01, 10.01, 5.99, 10.99], "texture": "#lantern"},
				"up": {"uv": [0, 9, 1, 10], "texture": "#lantern"},
				"down": {"uv": [5.01, 10.01, 5.99, 10.99], "texture": "#lantern"}
			}
		},
		{
			"from": [10, 0, 9],
			"to": [11, 1, 10],
			"faces": {
				"north": {"uv": [5.01, 13.01, 5.99, 13.99], "texture": "#lantern"},
				"east": {"uv": [5.01, 13.01, 5.99, 13.99], "texture": "#lantern"},
				"south": {"uv": [0, 0, 0, 0], "texture": "#lantern"},
				"west": {"uv": [5.01, 13.01, 5.99, 13.99], "texture": "#lantern"},
				"up": {"uv": [0, 9, 1, 10], "texture": "#lantern"},
				"down": {"uv": [5.01, 13.01, 5.99, 13.99], "texture": "#lantern"}
			}
		},
		{
			"from": [9, 0, 10],
			"to": [11, 1, 11],
			"faces": {
				"north": {"uv": [4.01, 14.01, 5.99, 14.99], "rotation": 180, "texture": "#lantern"},
				"east": {"uv": [5.01, 14.01, 5.99, 14.99], "texture": "#lantern"},
				"south": {"uv": [4.01, 14.01, 5.99, 14.99], "texture": "#lantern"},
				"west": {"uv": [4.01, 14.01, 4.99, 14.99], "texture": "#lantern"},
				"up": {"uv": [0, 9, 2, 10], "texture": "#lantern"},
				"down": {"uv": [4.01, 14.01, 5.99, 14.99], "texture": "#lantern"}
			}
		},
		{
			"from": [5, 0, 10],
			"to": [7, 1, 11],
			"faces": {
				"north": {"uv": [0.01, 14.01, 1.99, 14.99], "rotation": 180, "texture": "#lantern"},
				"east": {"uv": [1.01, 14.01, 1.99, 14.99], "texture": "#lantern"},
				"south": {"uv": [0.01, 14.01, 1.99, 14.99], "texture": "#lantern"},
				"west": {"uv": [0.01, 14.01, 0.99, 14.99], "texture": "#lantern"},
				"up": {"uv": [0, 9, 2, 10], "texture": "#lantern"},
				"down": {"uv": [0.01, 14.01, 1.99, 14.99], "texture": "#lantern"}
			}
		},
		{
			"from": [5, 0, 9],
			"to": [6, 1, 10],
			"faces": {
				"north": {"uv": [0.01, 13.01, 0.99, 13.99], "texture": "#lantern"},
				"east": {"uv": [0.01, 13.01, 0.99, 13.99], "texture": "#lantern"},
				"south": {"uv": [0, 0, 0, 0], "texture": "#lantern"},
				"west": {"uv": [0.01, 13.01, 0.99, 13.99], "texture": "#lantern"},
				"up": {"uv": [0, 9, 1, 10], "texture": "#lantern"},
				"down": {"uv": [0.01, 13.01, 0.99, 13.99], "texture": "#lantern"}
			}
		},
		{
			"from": [5, 0, 6],
			"to": [6, 1, 7],
			"faces": {
				"north": {"uv": [0, 0, 0, 0], "texture": "#lantern"},
				"east": {"uv": [0.01, 10.01, 0.99, 10.99], "texture": "#lantern"},
				"south": {"uv": [0.01, 10.01, 0.99, 10.99], "texture": "#lantern"},
				"west": {"uv": [0.01, 10.01, 0.99, 10.99], "texture": "#lantern"},
				"up": {"uv": [0, 10, 1, 11], "texture": "#lantern"},
				"down": {"uv": [0.01, 10.01, 0.99, 10.99], "texture": "#lantern"}
			}
		},
		{
			"from": [5, 1, 5],
			"to": [6, 6, 6],
			"faces": {
				"north": {"uv": [0.01, 3.01, 0.99, 7.99], "texture": "#lantern"},
				"east": {"uv": [0.01, 3.01, 0.99, 7.99], "texture": "#lantern"},
				"south": {"uv": [0.01, 3.01, 0.99, 7.99], "texture": "#lantern"},
				"west": {"uv": [0.01, 3.01, 0.99, 7.99], "texture": "#lantern"},
				"up": {"uv": [0, 0, 0, 0], "texture": "#lantern"},
				"down": {"uv": [0, 0, 0, 0], "texture": "#lantern"}
			}
		},
		{
			"from": [10, 1, 5],
			"to": [11, 6, 6],
			"faces": {
				"north": {"uv": [0.01, 3.01, 0.99, 7.99], "texture": "#lantern"},
				"east": {"uv": [0.01, 3.01, 0.99, 7.99], "texture": "#lantern"},
				"south": {"uv": [0.01, 3.01, 0.99, 7.99], "texture": "#lantern"},
				"west": {"uv": [0.01, 3.01, 0.99, 7.99], "texture": "#lantern"},
				"up": {"uv": [0, 0, 0, 0], "texture": "#lantern"},
				"down": {"uv": [0, 0, 0, 0], "texture": "#lantern"}
			}
		},
		{
			"from": [5, 1, 10],
			"to": [6, 6, 11],
			"faces": {
				"north": {"uv": [0.01, 3.01, 0.99, 7.99], "texture": "#lantern"},
				"east": {"uv": [0.01, 3.01, 0.99, 7.99], "texture": "#lantern"},
				"south": {"uv": [0.01, 3.01, 0.99, 7.99], "texture": "#lantern"},
				"west": {"uv": [0.01, 3.01, 0.99, 7.99], "texture": "#lantern"},
				"up": {"uv": [0, 0, 0, 0], "texture": "#lantern"},
				"down": {"uv": [0, 0, 0, 0], "texture": "#lantern"}
			}
		},
		{
			"from": [10, 1, 10],
			"to": [11, 6, 11],
			"faces": {
				"north": {"uv": [0.01, 3.01, 0.99, 7.99], "texture": "#lantern"},
				"east": {"uv": [0.01, 3.01, 0.99, 7.99], "texture": "#lantern"},
				"south": {"uv": [0.01, 3.01, 0.99, 7.99], "texture": "#lantern"},
				"west": {"uv": [0.01, 3.01, 0.99, 7.99], "texture": "#lantern"},
				"up": {"uv": [0, 0, 0, 0], "texture": "#lantern"},
				"down": {"uv": [0, 0, 0, 0], "texture": "#lantern"}
			}
		},
		{
			"from": [6.5, 10, 7.75],
			"to": [9.5, 11, 8.25],
			"rotation": {"angle": 45, "axis": "y", "origin": [8, 8, 8]},
			"faces": {
				"north": {"uv": [11, 1, 13.98, 1.98], "rotation": 180, "texture": "#lantern"},
				"east": {"uv": [13, 1, 13.98, 1.98], "texture": "#lantern"},
				"south": {"uv": [11, 1, 13.98, 1.98], "texture": "#lantern"},
				"west": {"uv": [13, 1, 13.98, 1.98], "texture": "#lantern"},
				"up": {"uv": [11, 1, 13.98, 1.98], "texture": "#lantern"},
				"down": {"uv": [11, 1, 13.98, 1.98], "texture": "#lantern"}
			}
		},
		{
			"from": [8.5, 9, 7.75],
			"to": [9.5, 10, 8.25],
			"rotation": {"angle": 45, "axis": "y", "origin": [8, 8, 8]},
			"faces": {
				"north": {"uv": [11, 2, 11.98, 2.98], "rotation": 180, "texture": "#lantern"},
				"east": {"uv": [11, 2, 11.98, 2.98], "texture": "#lantern"},
				"south": {"uv": [11, 2, 11.98, 2.98], "texture": "#lantern"},
				"west": {"uv": [11, 2, 11.98, 2.98], "texture": "#lantern"},
				"up": {"uv": [0, 0, 0, 0], "texture": "#lantern"},
				"down": {"uv": [0, 0, 0, 0], "texture": "#lantern"}
			}
		},
		{
			"from": [6.5, 9, 7.75],
			"to": [7.5, 10, 8.25],
			"rotation": {"angle": 45, "axis": "y", "origin": [8, 8, 8]},
			"faces": {
				"north": {"uv": [13.01, 1.01, 13.99, 1.99], "rotation": 180, "texture": "#lantern"},
				"east": {"uv": [13.01, 1.01, 13.99, 1.99], "texture": "#lantern"},
				"south": {"uv": [13.01, 1.01, 13.99, 1.99], "texture": "#lantern"},
				"west": {"uv": [13.01, 1.01, 13.99, 1.99], "texture": "#lantern"},
				"up": {"uv": [0, 0, 0, 0], "texture": "#lantern"},
				"down": {"uv": [0, 0, 0, 0], "texture": "#lantern"}
			}
		},
		{
			"from": [5, 6, 5],
			"to": [11, 7, 11],
			"faces": {
				"north": {"uv": [0, 2, 5.98, 2.98], "texture": "#lantern"},
				"east": {"uv": [0, 2, 6, 3], "rotation": 90, "texture": "#lantern"},
				"south": {"uv": [0, 2, 5.98, 2.98], "rotation": 180, "texture": "#lantern"},
				"west": {"uv": [0, 2, 6, 3], "rotation": 270, "texture": "#lantern"},
				"up": {"uv": [0, 9, 5.98, 14.98], "texture": "#lantern"},
				"down": {"uv": [0, 9, 5.98, 14.98], "texture": "#lantern"}
			}
		},
		{
			"from": [6, 7, 6],
			"to": [10, 8, 10],
			"faces": {
				"north": {"uv": [1.01, 9.01, 4.99, 9.99], "texture": "#lantern"},
				"east": {"uv": [4.01, 10.01, 4.99, 13.99], "rotation": 90, "texture": "#lantern"},
				"south": {"uv": [1.01, 14.01, 4.99, 14.99], "rotation": 180, "texture": "#lantern"},
				"west": {"uv": [1.01, 10.01, 1.99, 13.99], "rotation": 270, "texture": "#lantern"},
				"up": {"uv": [1.01, 10.01, 4.99, 13.99], "texture": "#lantern"},
				"down": {"uv": [0, 0, 0, 0], "texture": "#lantern"}
			}
		},
		{
			"from": [7, 7, 5],
			"to": [9, 8, 11],
			"faces": {
				"north": {"uv": [2.01, 9.01, 3.99, 9.99], "texture": "#lantern"},
				"east": {"uv": [3.01, 9.01, 3.99, 14.99], "rotation": 90, "texture": "#lantern"},
				"south": {"uv": [2.01, 14.01, 3.99, 14.99], "rotation": 180, "texture": "#lantern"},
				"west": {"uv": [2.01, 9.01, 2.99, 14.99], "rotation": 270, "texture": "#lantern"},
				"up": {"uv": [2.01, 9.01, 3.99, 14.99], "texture": "#lantern"},
				"down": {"uv": [0, 0, 0, 0], "texture": "#lantern"}
			}
		},
		{
			"from": [5, 7, 7],
			"to": [11, 8, 9],
			"faces": {
				"north": {"uv": [0.01, 11.01, 5.99, 11.99], "texture": "#lantern"},
				"east": {"uv": [5.01, 11.01, 5.99, 12.99], "rotation": 90, "texture": "#lantern"},
				"south": {"uv": [0.01, 12.01, 5.99, 12.99], "rotation": 180, "texture": "#lantern"},
				"west": {"uv": [0.01, 11.01, 0.99, 12.99], "rotation": 270, "texture": "#lantern"},
				"up": {"uv": [0.01, 11.01, 5.99, 12.99], "texture": "#lantern"},
				"down": {"uv": [0, 0, 0, 0], "texture": "#lantern"}
			}
		},
		{
			"from": [7, 8, 6],
			"to": [9, 9, 10],
			"faces": {
				"north": {"uv": [2.01, 10.01, 3.99, 10.99], "texture": "#lantern"},
				"east": {"uv": [3.01, 10.01, 3.99, 13.99], "rotation": 90, "texture": "#lantern"},
				"south": {"uv": [2.01, 13.01, 3.99, 13.99], "rotation": 180, "texture": "#lantern"},
				"west": {"uv": [2.01, 10.01, 2.99, 13.99], "rotation": 270, "texture": "#lantern"},
				"up": {"uv": [2.01, 10.01, 3.99, 13.99], "texture": "#lantern"},
				"down": {"uv": [0, 0, 0, 0], "texture": "#lantern"}
			}
		},
		{
			"from": [6, 8, 7],
			"to": [10, 9, 9],
			"faces": {
				"north": {"uv": [1.01, 11.01, 4.99, 11.99], "texture": "#lantern"},
				"east": {"uv": [4.01, 11.01, 4.99, 12.99], "rotation": 90, "texture": "#lantern"},
				"south": {"uv": [1.01, 12.01, 4.99, 12.99], "rotation": 180, "texture": "#lantern"},
				"west": {"uv": [1.01, 11.01, 1.99, 12.99], "rotation": 270, "texture": "#lantern"},
				"up": {"uv": [1.01, 11.01, 4.99, 12.99], "texture": "#lantern"},
				"down": {"uv": [0, 0, 0, 0], "texture": "#lantern"}
			}
		},
		{
			"from": [7.25, 3.25, 7.25],
			"to": [8.75, 3.5, 8.75],
			"faces": {
				"north": {"uv": [8, 6, 8.25, 8], "rotation": 90, "texture": "#1"},
				"east": {"uv": [7, 6.5, 9, 6.75], "texture": "#1"},
				"south": {"uv": [8, 6, 8.25, 8], "rotation": 270, "texture": "#1"},
				"west": {"uv": [7, 6.5, 9, 6.75], "rotation": 180, "texture": "#1"},
				"up": {"uv": [7, 6, 9, 8], "rotation": 270, "texture": "#1"},
				"down": {"uv": [7, 6, 9, 8], "rotation": 270, "texture": "#1"}
			}
		},
		{
			"from": [7, 1, 7],
			"to": [9, 3, 9],
			"faces": {
				"north": {"uv": [7, 8, 9, 10], "texture": "#1"},
				"east": {"uv": [7, 8, 9, 10], "texture": "#1"},
				"south": {"uv": [7, 8, 9, 10], "texture": "#1"},
				"west": {"uv": [7, 8, 9, 10], "texture": "#1"},
				"up": {"uv": [7, 8, 9, 8.5], "texture": "#1"},
				"down": {"uv": [7, 12, 9, 14], "texture": "#1"}
			}
		},
		{
			"from": [7.25, 3.5, 7],
			"to": [8.75, 5, 7.25],
			"faces": {
				"north": {"uv": [7, 6, 9, 8], "texture": "#1"},
				"east": {"uv": [8, 6, 8.25, 8], "texture": "#1"},
				"south": {"uv": [7, 6, 9, 8], "texture": "#1"},
				"west": {"uv": [8, 6, 8.25, 8], "texture": "#1"},
				"up": {"uv": [7, 6.5, 9, 6.75], "texture": "#1"},
				"down": {"uv": [7, 6.5, 9, 6.75], "texture": "#1"}
			}
		},
		{
			"from": [7.25, 3.5, 8.75],
			"to": [8.75, 5, 9],
			"faces": {
				"north": {"uv": [7, 6, 9, 8], "texture": "#1"},
				"east": {"uv": [8, 6, 8.25, 8], "texture": "#1"},
				"south": {"uv": [7, 6, 9, 8], "texture": "#1"},
				"west": {"uv": [8, 6, 8.25, 8], "texture": "#1"},
				"up": {"uv": [7, 6.5, 9, 6.75], "texture": "#1"},
				"down": {"uv": [7, 6.5, 9, 6.75], "texture": "#1"}
			}
		},
		{
			"from": [8.75, 3.5, 7.25],
			"to": [9, 5, 8.75],
			"faces": {
				"north": {"uv": [8, 6, 8.25, 8], "texture": "#1"},
				"east": {"uv": [7, 6, 9, 8], "texture": "#1"},
				"south": {"uv": [8, 6, 8.25, 8], "texture": "#1"},
				"west": {"uv": [7, 6, 9, 8], "texture": "#1"},
				"up": {"uv": [7, 6.5, 9, 6.75], "rotation": 270, "texture": "#1"},
				"down": {"uv": [7, 6.5, 9, 6.75], "rotation": 90, "texture": "#1"}
			}
		},
		{
			"from": [7, 3.5, 7.25],
			"to": [7.25, 5, 8.75],
			"faces": {
				"north": {"uv": [8, 6, 8.25, 8], "texture": "#1"},
				"east": {"uv": [7, 6, 9, 8], "texture": "#1"},
				"south": {"uv": [8, 6, 8.25, 8], "texture": "#1"},
				"west": {"uv": [7, 6, 9, 8], "texture": "#1"},
				"up": {"uv": [7, 6.5, 9, 6.75], "rotation": 270, "texture": "#1"},
				"down": {"uv": [7, 6.5, 9, 6.75], "rotation": 90, "texture": "#1"}
			}
		},
		{
			"from": [7.25, 5, 7.25],
			"to": [8.75, 5.25, 8.75],
			"faces": {
				"north": {"uv": [8, 6, 8.25, 8], "rotation": 90, "texture": "#1"},
				"east": {"uv": [7, 6.5, 9, 6.75], "texture": "#1"},
				"south": {"uv": [8, 6, 8.25, 8], "rotation": 270, "texture": "#1"},
				"west": {"uv": [7, 6.5, 9, 6.75], "rotation": 180, "texture": "#1"},
				"up": {"uv": [7, 6, 9, 8], "rotation": 270, "texture": "#1"},
				"down": {"uv": [7, 6, 9, 8], "rotation": 270, "texture": "#1"}
			}
		}
	]
}