{
	"parent": "minecraft:block/template_torch_wall",
	"textures": {
		"torch": "block/torch"
	},
	"elements": [
		{
			"from": [-1.85, 3.5, 7],
			"to": [0.15, 11.5, 9],
			"rotation": {"angle": -22.5, "axis": "z", "origin": [0, 3.5, 0]},
			"faces": {
				"north": {"uv": [7, 8, 9, 16], "texture": "#torch"},
				"east": {"uv": [7, 8, 9, 16], "texture": "#torch"},
				"south": {"uv": [7, 8, 9, 16], "texture": "#torch"},
				"west": {"uv": [7, 8, 9, 16], "texture": "#torch"},
				"up": {"uv": [7, 8, 9, 8.5], "texture": "#torch"},
				"down": {"uv": [7, 12.5, 9, 14.5], "texture": "#torch"}
			}
		},
		{
			"from": [-1.45, 11.75, 7.25],
			"to": [-1.2, 13.25, 8.75],
			"rotation": {"angle": -22.5, "axis": "z", "origin": [0, 0, 0]},
			"faces": {
				"north": {"uv": [8, 6, 8.25, 8], "texture": "#torch"},
				"east": {"uv": [7, 6, 9, 8], "texture": "#torch"},
				"south": {"uv": [7.5, 6, 7.75, 8], "texture": "#torch"},
				"west": {"uv": [7, 6, 9, 8], "texture": "#torch"},
				"up": {"uv": [7, 6, 7.25, 8], "texture": "#torch"},
				"down": {"uv": [8, 6, 8.25, 8], "texture": "#torch"}
			}
		},
		{
			"from": [-3.2, 11.75, 7.25],
			"to": [-2.95, 13.25, 8.75],
			"rotation": {"angle": -22.5, "axis": "z", "origin": [0, 0, 0]},
			"faces": {
				"north": {"uv": [8, 6, 8.25, 8], "texture": "#torch"},
				"east": {"uv": [7, 6, 9, 8], "texture": "#torch"},
				"south": {"uv": [7.5, 6, 7.75, 8], "texture": "#torch"},
				"west": {"uv": [7, 6, 9, 8], "texture": "#torch"},
				"up": {"uv": [7, 6, 7.25, 8], "texture": "#torch"},
				"down": {"uv": [8, 6, 8.25, 8], "texture": "#torch"}
			}
		},
		{
			"from": [-2.95, 11.75, 7],
			"to": [-1.45, 13.25, 7.25],
			"rotation": {"angle": -22.5, "axis": "z", "origin": [0, 0, 0]},
			"faces": {
				"north": {"uv": [7, 6, 9, 8], "texture": "#torch"},
				"east": {"uv": [7.5, 6, 7.75, 8], "texture": "#torch"},
				"south": {"uv": [7, 6, 9, 8], "texture": "#torch"},
				"west": {"uv": [8, 6, 8.25, 8], "texture": "#torch"},
				"up": {"uv": [7, 6, 7.25, 8], "rotation": 270, "texture": "#torch"},
				"down": {"uv": [8, 6, 8.25, 8], "rotation": 90, "texture": "#torch"}
			}
		},
		{
			"from": [-2.95, 11.75, 8.75],
			"to": [-1.45, 13.25, 9],
			"rotation": {"angle": -22.5, "axis": "z", "origin": [0, 0, 0]},
			"faces": {
				"north": {"uv": [7, 6, 9, 8], "texture": "#torch"},
				"east": {"uv": [7.5, 6, 7.75, 8], "texture": "#torch"},
				"south": {"uv": [7, 6, 9, 8], "texture": "#torch"},
				"west": {"uv": [8, 6, 8.25, 8], "texture": "#torch"},
				"up": {"uv": [7, 6, 7.25, 8], "rotation": 270, "texture": "#torch"},
				"down": {"uv": [8, 6, 8.25, 8], "rotation": 90, "texture": "#torch"}
			}
		},
		{
			"from": [-2.95, 13.25, 7.25],
			"to": [-1.45, 13.5, 8.75],
			"rotation": {"angle": -22.5, "axis": "z", "origin": [0, 0, 0]},
			"faces": {
				"north": {"uv": [8, 6, 8.25, 8], "rotation": 270, "texture": "#torch"},
				"east": {"uv": [7.5, 6, 7.75, 8], "rotation": 270, "texture": "#torch"},
				"south": {"uv": [7, 6, 7.25, 8], "rotation": 270, "texture": "#torch"},
				"west": {"uv": [8, 6, 8.25, 8], "rotation": 90, "texture": "#torch"},
				"up": {"uv": [7, 6, 9, 8], "rotation": 180, "texture": "#torch"},
				"down": {"uv": [7, 6, 9, 8], "texture": "#torch"}
			}
		},
		{
			"from": [-2.95, 11.5, 7.25],
			"to": [-1.45, 11.75, 8.75],
			"rotation": {"angle": -22.5, "axis": "z", "origin": [0, 0, 0]},
			"faces": {
				"north": {"uv": [8, 6, 8.25, 8], "rotation": 270, "texture": "#torch"},
				"east": {"uv": [7.5, 6, 7.75, 8], "rotation": 270, "texture": "#torch"},
				"south": {"uv": [7, 6, 7.25, 8], "rotation": 270, "texture": "#torch"},
				"west": {"uv": [8, 6, 8.25, 8], "rotation": 90, "texture": "#torch"},
				"up": {"uv": [7, 6, 9, 8], "rotation": 180, "texture": "#torch"},
				"down": {"uv": [7, 6, 9, 8], "texture": "#torch"}
			}
		}
	]
}