{
	"credit": "by ZiYun",
	"parent": "minecraft:block/cross",
	"textures": {
		"cross": "block/warped_fungus"
	},
	"elements": [
		{
			"from": [4, 0, 5],
			"to": [6, 6, 7],
			"faces": {
				"north": {"uv": [7.5, 13.5, 8.5, 16], "texture": "#cross"},
				"east": {"uv": [7.5, 13.5, 8.5, 16], "texture": "#cross"},
				"south": {"uv": [7.5, 13.5, 8.5, 16], "texture": "#cross"},
				"west": {"uv": [7.5, 13.5, 8.5, 16], "texture": "#cross"},
				"down": {"uv": [7.5, 15, 8.5, 16], "texture": "#cross", "cullface": "down"}
			}
		},
		{
			"from": [1, 6, 2],
			"to": [9, 11, 10],
			"faces": {
				"north": {"uv": [6, 11.5, 10, 13.5], "texture": "#cross"},
				"east": {"uv": [6, 9.5, 10, 11.5], "texture": "#cross"},
				"south": {"uv": [6, 11.5, 10, 13.5], "texture": "#cross"},
				"west": {"uv": [6, 9.5, 10, 12], "texture": "#cross"},
				"up": {"uv": [6, 9.5, 10, 13.5], "texture": "#cross"},
				"down": {"uv": [6, 9.5, 10, 13.5], "texture": "#cross"}
			}
		}
	]
}