{
	"credit": "by ZiYun",
	"parent": "minecraft:block/cross",
	"textures": {
		"cross": "block/wither_rose"
	},
	"elements": [
		{
			"from": [7.5, 7, 7.5],
			"to": [8.5, 7.9, 8.5],
			"faces": {
				"north": {"uv": [8, 6, 9, 7], "texture": "#cross"},
				"east": {"uv": [8, 6, 9, 7], "texture": "#cross"},
				"south": {"uv": [8, 6, 9, 7], "texture": "#cross"},
				"west": {"uv": [8, 6, 9, 7], "texture": "#cross"},
				"up": {"uv": [8, 6, 9, 7], "texture": "#cross"},
				"down": {"uv": [8, 6, 9, 7], "texture": "#cross"}
			}
		},
		{
			"from": [6.5, 7, 7.5],
			"to": [7.5, 7.5, 8.5],
			"faces": {
				"north": {"uv": [9, 7, 10, 8], "texture": "#cross"},
				"east": {"uv": [9, 7, 10, 8], "texture": "#cross"},
				"south": {"uv": [9, 7, 10, 8], "texture": "#cross"},
				"west": {"uv": [9, 7, 10, 8], "texture": "#cross"},
				"up": {"uv": [9, 7, 10, 8], "texture": "#cross"},
				"down": {"uv": [5, 7, 6, 8], "texture": "#cross"}
			}
		},
		{
			"from": [8.5, 7, 7.5],
			"to": [9.5, 7.5, 8.5],
			"faces": {
				"north": {"uv": [9, 7, 10, 8], "texture": "#cross"},
				"east": {"uv": [9, 7, 10, 8], "texture": "#cross"},
				"south": {"uv": [9, 7, 10, 8], "texture": "#cross"},
				"west": {"uv": [9, 7, 10, 8], "texture": "#cross"},
				"up": {"uv": [9, 7, 10, 8], "texture": "#cross"},
				"down": {"uv": [9, 7, 10, 8], "texture": "#cross"}
			}
		},
		{
			"from": [7.5, 7, 6.5],
			"to": [8.5, 7.5, 7.5],
			"faces": {
				"north": {"uv": [8, 7, 9, 8], "texture": "#cross"},
				"east": {"uv": [8, 7, 9, 8], "texture": "#cross"},
				"south": {"uv": [8, 7, 9, 8], "texture": "#cross"},
				"west": {"uv": [8, 7, 9, 8], "texture": "#cross"},
				"up": {"uv": [8, 7, 9, 8], "texture": "#cross"},
				"down": {"uv": [8, 7, 9, 8], "texture": "#cross"}
			}
		},
		{
			"from": [7.5, 7, 8.5],
			"to": [8.5, 7.5, 9.5],
			"faces": {
				"north": {"uv": [9, 6, 10, 7], "texture": "#cross"},
				"east": {"uv": [9, 6, 10, 7], "texture": "#cross"},
				"south": {"uv": [9, 6, 10, 7], "texture": "#cross"},
				"west": {"uv": [9, 6, 10, 7], "texture": "#cross"},
				"up": {"uv": [9, 6, 10, 7], "texture": "#cross"},
				"down": {"uv": [9, 6, 10, 7], "texture": "#cross"}
			}
		},
		{
			"from": [8.5, 7.5, 8.5],
			"to": [9.5, 8.25, 9.5],
			"faces": {
				"north": {"uv": [6, 7, 7, 8], "texture": "#cross"},
				"east": {"uv": [6, 7, 7, 8], "texture": "#cross"},
				"south": {"uv": [6, 7, 7, 8], "texture": "#cross"},
				"west": {"uv": [6, 7, 7, 8], "texture": "#cross"},
				"up": {"uv": [6, 7, 7, 8], "texture": "#cross"},
				"down": {"uv": [6, 7, 7, 8], "texture": "#cross"}
			}
		},
		{
			"from": [9.5, 7.75, 8.5],
			"to": [10.5, 8.5, 9.5],
			"faces": {
				"north": {"uv": [7, 7, 8, 8], "texture": "#cross"},
				"east": {"uv": [7, 7, 8, 8], "texture": "#cross"},
				"south": {"uv": [8, 7, 9, 8], "texture": "#cross"},
				"west": {"uv": [8, 7, 9, 8], "texture": "#cross"},
				"up": {"uv": [7, 7, 8, 8], "texture": "#cross"},
				"down": {"uv": [7, 7, 8, 8], "texture": "#cross"}
			}
		},
		{
			"from": [8.5, 7.55, 9.5],
			"to": [9.5, 8.3, 10.5],
			"faces": {
				"north": {"uv": [6, 7, 7, 8], "texture": "#cross"},
				"east": {"uv": [6, 7, 7, 8], "texture": "#cross"},
				"south": {"uv": [6, 7, 7, 8], "texture": "#cross"},
				"west": {"uv": [6, 7, 7, 8], "texture": "#cross"},
				"up": {"uv": [6, 7, 7, 8], "texture": "#cross"},
				"down": {"uv": [6, 7, 7, 8], "texture": "#cross"}
			}
		},
		{
			"from": [8.5, 7.5, 6.5],
			"to": [9.5, 8.25, 7.5],
			"faces": {
				"north": {"uv": [10, 6, 11, 7], "texture": "#cross"},
				"east": {"uv": [10, 6, 11, 7], "texture": "#cross"},
				"south": {"uv": [10, 6, 11, 7], "texture": "#cross"},
				"west": {"uv": [10, 6, 11, 7], "texture": "#cross"},
				"up": {"uv": [10, 6, 11, 7], "texture": "#cross"},
				"down": {"uv": [10, 6, 11, 7], "texture": "#cross"}
			}
		},
		{
			"from": [9.5, 7.6, 6.5],
			"to": [10.5, 8.35, 7.5],
			"faces": {
				"north": {"uv": [9, 6, 10, 7], "texture": "#cross"},
				"east": {"uv": [9, 6, 10, 7], "texture": "#cross"},
				"south": {"uv": [9, 6, 10, 7], "texture": "#cross"},
				"west": {"uv": [9, 6, 10, 7], "texture": "#cross"},
				"up": {"uv": [9, 6, 10, 7], "texture": "#cross"},
				"down": {"uv": [9, 6, 10, 7], "texture": "#cross"}
			}
		},
		{
			"from": [8.5, 7.25, 5.5],
			"to": [9.5, 8, 6.5],
			"faces": {
				"north": {"uv": [9, 5, 10, 6], "texture": "#cross"},
				"east": {"uv": [9, 5, 10, 6], "texture": "#cross"},
				"south": {"uv": [9, 5, 10, 6], "texture": "#cross"},
				"west": {"uv": [9, 5, 10, 6], "texture": "#cross"},
				"up": {"uv": [9, 5, 10, 6], "texture": "#cross"},
				"down": {"uv": [9, 5, 10, 6], "texture": "#cross"}
			}
		},
		{
			"from": [6.5, 7.5, 6.5],
			"to": [7.5, 8.25, 7.5],
			"faces": {
				"north": {"uv": [7, 6, 8, 7], "texture": "#cross"},
				"east": {"uv": [7, 6, 8, 7], "texture": "#cross"},
				"south": {"uv": [7, 6, 8, 7], "texture": "#cross"},
				"west": {"uv": [7, 6, 8, 7], "texture": "#cross"},
				"up": {"uv": [7, 6, 8, 7], "texture": "#cross"},
				"down": {"uv": [7, 6, 8, 7], "texture": "#cross"}
			}
		},
		{
			"from": [6.5, 7.75, 5.5],
			"to": [7.5, 8.5, 6.5],
			"faces": {
				"north": {"uv": [7, 7, 8, 8], "texture": "#cross"},
				"east": {"uv": [7, 7, 8, 8], "texture": "#cross"},
				"south": {"uv": [7, 7, 8, 8], "texture": "#cross"},
				"west": {"uv": [7, 7, 8, 8], "texture": "#cross"},
				"up": {"uv": [7, 7, 8, 8], "texture": "#cross"},
				"down": {"uv": [7, 7, 8, 8], "texture": "#cross"}
			}
		},
		{
			"from": [5.5, 7.55, 6.5],
			"to": [6.5, 8.3, 7.5],
			"faces": {
				"north": {"uv": [10, 6, 11, 7], "texture": "#cross"},
				"east": {"uv": [10, 6, 11, 7], "texture": "#cross"},
				"south": {"uv": [10, 6, 11, 7], "texture": "#cross"},
				"west": {"uv": [10, 6, 11, 7], "texture": "#cross"},
				"up": {"uv": [10, 6, 11, 7], "texture": "#cross"},
				"down": {"uv": [10, 6, 11, 7], "texture": "#cross"}
			}
		},
		{
			"from": [6.5, 7.5, 8.5],
			"to": [7.5, 8.25, 9.5],
			"faces": {
				"north": {"uv": [8, 7, 9, 8], "texture": "#cross"},
				"east": {"uv": [8, 7, 9, 8], "texture": "#cross"},
				"south": {"uv": [8, 7, 9, 8], "texture": "#cross"},
				"west": {"uv": [8, 7, 9, 8], "texture": "#cross"},
				"up": {"uv": [8, 7, 9, 8], "texture": "#cross"},
				"down": {"uv": [8, 7, 9, 8], "texture": "#cross"}
			}
		},
		{
			"from": [5.5, 7.25, 8.5],
			"to": [6.5, 8, 9.5],
			"faces": {
				"north": {"uv": [9, 7, 10, 8], "texture": "#cross"},
				"east": {"uv": [9, 7, 10, 8], "texture": "#cross"},
				"south": {"uv": [9, 7, 10, 8], "texture": "#cross"},
				"west": {"uv": [9, 7, 10, 8], "texture": "#cross"},
				"up": {"uv": [9, 7, 10, 8], "texture": "#cross"},
				"down": {"uv": [9, 7, 10, 8], "texture": "#cross"}
			}
		},
		{
			"from": [6.5, 7.75, 9.5],
			"to": [7.5, 8.5, 10.5],
			"faces": {
				"north": {"uv": [9, 7, 10, 8], "texture": "#cross"},
				"east": {"uv": [9, 7, 10, 8], "texture": "#cross"},
				"south": {"uv": [9, 7, 10, 8], "texture": "#cross"},
				"west": {"uv": [9, 7, 10, 8], "texture": "#cross"},
				"up": {"uv": [9, 7, 10, 8], "texture": "#cross"},
				"down": {"uv": [9, 7, 10, 8], "texture": "#cross"}
			}
		},
		{
			"from": [7.5, 7.5, 5.5],
			"to": [8.5, 8.75, 6.5],
			"faces": {
				"north": {"uv": [7, 6, 8, 7], "texture": "#cross"},
				"east": {"uv": [7, 6, 8, 7], "texture": "#cross"},
				"south": {"uv": [7, 6, 8, 7], "texture": "#cross"},
				"west": {"uv": [7, 6, 8, 7], "texture": "#cross"},
				"up": {"uv": [7, 6, 8, 7], "texture": "#cross"},
				"down": {"uv": [7, 6, 8, 7], "texture": "#cross"}
			}
		},
		{
			"from": [7.5, 7.5, 9.5],
			"to": [8.5, 8.7, 10.5],
			"faces": {
				"north": {"uv": [9, 5, 10, 6], "texture": "#cross"},
				"east": {"uv": [9, 5, 10, 6], "texture": "#cross"},
				"south": {"uv": [9, 5, 10, 6], "texture": "#cross"},
				"west": {"uv": [9, 5, 10, 6], "texture": "#cross"},
				"up": {"uv": [9, 5, 10, 6], "texture": "#cross"},
				"down": {"uv": [9, 5, 10, 6], "texture": "#cross"}
			}
		},
		{
			"from": [9.5, 7.5, 7.5],
			"to": [10.5, 9, 8.5],
			"faces": {
				"north": {"uv": [7, 6, 8, 7], "texture": "#cross"},
				"east": {"uv": [7, 6, 8, 7], "texture": "#cross"},
				"south": {"uv": [7, 6, 8, 7], "texture": "#cross"},
				"west": {"uv": [10, 6, 11, 7], "texture": "#cross"},
				"up": {"uv": [7, 6, 8, 7], "texture": "#cross"},
				"down": {"uv": [7, 6, 8, 7], "texture": "#cross"}
			}
		},
		{
			"from": [5.5, 7.5, 7.5],
			"to": [6.5, 8.85, 8.5],
			"faces": {
				"north": {"uv": [9, 5, 10, 6], "texture": "#cross"},
				"east": {"uv": [9, 5, 10, 6], "texture": "#cross"},
				"south": {"uv": [9, 5, 10, 6], "texture": "#cross"},
				"west": {"uv": [9, 5, 10, 6], "texture": "#cross"},
				"up": {"uv": [9, 5, 10, 6], "texture": "#cross"},
				"down": {"uv": [9, 5, 10, 6], "texture": "#cross"}
			}
		},
		{
			"from": [6.5, 0, 7.5],
			"to": [7.5, 1, 8.5],
			"faces": {
				"north": {"uv": [7, 15, 8, 16], "texture": "#cross"},
				"east": {"uv": [7, 15, 8, 16], "texture": "#cross"},
				"south": {"uv": [7, 15, 8, 16], "texture": "#cross"},
				"west": {"uv": [7, 15, 8, 16], "texture": "#cross"},
				"up": {"uv": [7, 15, 8, 16], "texture": "#cross"},
				"down": {"uv": [7, 15, 8, 16], "texture": "#cross"}
			}
		},
		{
			"from": [7.5, 0, 7.5],
			"to": [8.5, 7, 8.5],
			"faces": {
				"north": {"uv": [8, 9, 9, 16], "texture": "#cross"},
				"east": {"uv": [8, 9, 9, 16], "texture": "#cross"},
				"south": {"uv": [8, 9, 9, 16], "texture": "#cross"},
				"west": {"uv": [8, 9, 9, 16], "texture": "#cross"},
				"up": {"uv": [8, 9, 9, 10], "texture": "#cross"},
				"down": {"uv": [8, 15, 9, 16], "texture": "#cross"}
			}
		},
		{
			"from": [7.5, 0, 6.5],
			"to": [8.5, 1, 7.5],
			"faces": {
				"north": {"uv": [7, 15, 8, 16], "texture": "#cross"},
				"east": {"uv": [7, 15, 8, 16], "texture": "#cross"},
				"south": {"uv": [7, 15, 8, 16], "texture": "#cross"},
				"west": {"uv": [7, 15, 8, 16], "texture": "#cross"},
				"up": {"uv": [7, 15, 8, 16], "texture": "#cross"},
				"down": {"uv": [7, 15, 8, 16], "texture": "#cross"}
			}
		},
		{
			"from": [7.5, 0, 8.5],
			"to": [8.5, 1, 9.5],
			"faces": {
				"north": {"uv": [7, 15, 8, 16], "texture": "#cross"},
				"east": {"uv": [7, 15, 8, 16], "texture": "#cross"},
				"south": {"uv": [7, 15, 8, 16], "texture": "#cross"},
				"west": {"uv": [7, 15, 8, 16], "texture": "#cross"},
				"up": {"uv": [7, 15, 8, 16], "texture": "#cross"},
				"down": {"uv": [7, 15, 8, 16], "texture": "#cross"}
			}
		},
		{
			"from": [8.5, 0, 7.5],
			"to": [9.5, 1, 8.5],
			"faces": {
				"north": {"uv": [7, 15, 8, 16], "texture": "#cross"},
				"east": {"uv": [7, 15, 8, 16], "texture": "#cross"},
				"south": {"uv": [7, 15, 8, 16], "texture": "#cross"},
				"west": {"uv": [7, 15, 8, 16], "texture": "#cross"},
				"up": {"uv": [7, 15, 8, 16], "texture": "#cross"},
				"down": {"uv": [7, 15, 8, 16], "texture": "#cross"}
			}
		},
		{
			"from": [8, 2, 3.5],
			"to": [9, 3, 4.5],
			"faces": {
				"north": {"uv": [11, 11, 12, 12], "texture": "#cross"},
				"east": {"uv": [11, 11, 12, 12], "texture": "#cross"},
				"south": {"uv": [11, 11, 12, 12], "texture": "#cross"},
				"west": {"uv": [11, 11, 12, 12], "texture": "#cross"},
				"up": {"uv": [11, 11, 12, 12], "texture": "#cross"},
				"down": {"uv": [11, 11, 12, 12], "texture": "#cross"}
			}
		},
		{
			"from": [7.5, 4, 6.5],
			"to": [8.5, 6, 7.5],
			"faces": {
				"north": {"uv": [9, 10, 10, 12], "texture": "#cross"},
				"east": {"uv": [9, 10, 10, 12], "texture": "#cross"},
				"south": {"uv": [9, 10, 10, 12], "texture": "#cross"},
				"west": {"uv": [9, 10, 10, 12], "texture": "#cross"},
				"up": {"uv": [9, 10, 10, 11], "texture": "#cross"},
				"down": {"uv": [9, 11, 10, 12], "texture": "#cross"}
			}
		},
		{
			"from": [7, 3.5, 5.5],
			"to": [8, 5.5, 6.5],
			"faces": {
				"north": {"uv": [10, 10, 11, 12], "texture": "#cross"},
				"east": {"uv": [10, 10, 11, 12], "texture": "#cross"},
				"south": {"uv": [10, 10, 11, 12], "texture": "#cross"},
				"west": {"uv": [10, 10, 11, 12], "texture": "#cross"},
				"up": {"uv": [10, 10, 11, 11], "texture": "#cross"},
				"down": {"uv": [10, 11, 11, 12], "texture": "#cross"}
			}
		},
		{
			"from": [7.5, 3, 4.5],
			"to": [8.5, 4, 5.5],
			"faces": {
				"north": {"uv": [11, 11, 12, 12], "texture": "#cross"},
				"east": {"uv": [11, 11, 12, 12], "texture": "#cross"},
				"south": {"uv": [11, 11, 12, 12], "texture": "#cross"},
				"west": {"uv": [11, 11, 12, 12], "texture": "#cross"},
				"up": {"uv": [11, 11, 12, 12], "texture": "#cross"},
				"down": {"uv": [11, 11, 12, 12], "texture": "#cross"}
			}
		},
		{
			"from": [6.5, 3.5, 7.5],
			"to": [7.5, 5.5, 8.5],
			"faces": {
				"north": {"uv": [9, 10, 10, 12], "texture": "#cross"},
				"east": {"uv": [9, 10, 10, 12], "texture": "#cross"},
				"south": {"uv": [9, 10, 10, 12], "texture": "#cross"},
				"west": {"uv": [9, 10, 10, 12], "texture": "#cross"},
				"up": {"uv": [9, 10, 10, 11], "rotation": 270, "texture": "#cross"},
				"down": {"uv": [9, 11, 10, 12], "rotation": 90, "texture": "#cross"}
			}
		},
		{
			"from": [5.5, 3, 8],
			"to": [6.5, 5, 9],
			"faces": {
				"north": {"uv": [10, 10, 11, 12], "texture": "#cross"},
				"east": {"uv": [10, 10, 11, 12], "texture": "#cross"},
				"south": {"uv": [10, 10, 11, 12], "texture": "#cross"},
				"west": {"uv": [10, 10, 11, 12], "texture": "#cross"},
				"up": {"uv": [10, 10, 11, 11], "rotation": 270, "texture": "#cross"},
				"down": {"uv": [10, 11, 11, 12], "rotation": 90, "texture": "#cross"}
			}
		},
		{
			"from": [4.5, 2, 7.5],
			"to": [5.5, 3, 8.5],
			"faces": {
				"north": {"uv": [11, 11, 12, 12], "texture": "#cross"},
				"east": {"uv": [11, 11, 12, 12], "texture": "#cross"},
				"south": {"uv": [11, 11, 12, 12], "texture": "#cross"},
				"west": {"uv": [11, 11, 12, 12], "texture": "#cross"},
				"up": {"uv": [11, 11, 12, 12], "rotation": 270, "texture": "#cross"},
				"down": {"uv": [11, 11, 12, 12], "rotation": 90, "texture": "#cross"}
			}
		},
		{
			"from": [7.5, 2.5, 8.5],
			"to": [8.5, 4.5, 9.5],
			"faces": {
				"north": {"uv": [9, 10, 10, 12], "texture": "#cross"},
				"east": {"uv": [9, 10, 10, 12], "texture": "#cross"},
				"south": {"uv": [9, 10, 10, 12], "texture": "#cross"},
				"west": {"uv": [9, 10, 10, 12], "texture": "#cross"},
				"up": {"uv": [9, 10, 10, 11], "rotation": 180, "texture": "#cross"},
				"down": {"uv": [9, 11, 10, 12], "rotation": 180, "texture": "#cross"}
			}
		},
		{
			"from": [8, 2, 9.5],
			"to": [9, 4, 10.5],
			"faces": {
				"north": {"uv": [10, 10, 11, 12], "texture": "#cross"},
				"east": {"uv": [10, 10, 11, 12], "texture": "#cross"},
				"south": {"uv": [10, 10, 11, 12], "texture": "#cross"},
				"west": {"uv": [10, 10, 11, 12], "texture": "#cross"},
				"up": {"uv": [10, 10, 11, 11], "rotation": 180, "texture": "#cross"},
				"down": {"uv": [10, 11, 11, 12], "rotation": 180, "texture": "#cross"}
			}
		},
		{
			"from": [7.5, 1, 10.5],
			"to": [8.5, 2, 11.5],
			"faces": {
				"north": {"uv": [11, 11, 12, 12], "texture": "#cross"},
				"east": {"uv": [11, 11, 12, 12], "texture": "#cross"},
				"south": {"uv": [11, 11, 12, 12], "texture": "#cross"},
				"west": {"uv": [11, 11, 12, 12], "texture": "#cross"},
				"up": {"uv": [11, 11, 12, 12], "rotation": 180, "texture": "#cross"},
				"down": {"uv": [11, 11, 12, 12], "rotation": 180, "texture": "#cross"}
			}
		},
		{
			"from": [8.5, 4.5, 7.5],
			"to": [9.5, 6.5, 8.5],
			"faces": {
				"north": {"uv": [9, 10, 10, 12], "texture": "#cross"},
				"east": {"uv": [9, 10, 10, 12], "texture": "#cross"},
				"south": {"uv": [9, 10, 10, 12], "texture": "#cross"},
				"west": {"uv": [9, 10, 10, 12], "texture": "#cross"},
				"up": {"uv": [9, 10, 10, 11], "rotation": 90, "texture": "#cross"},
				"down": {"uv": [9, 11, 10, 12], "rotation": 270, "texture": "#cross"}
			}
		},
		{
			"from": [9.5, 4, 7],
			"to": [10.5, 6, 8],
			"faces": {
				"north": {"uv": [10, 10, 11, 12], "texture": "#cross"},
				"east": {"uv": [10, 10, 11, 12], "texture": "#cross"},
				"south": {"uv": [10, 10, 11, 12], "texture": "#cross"},
				"west": {"uv": [10, 10, 11, 12], "texture": "#cross"},
				"up": {"uv": [10, 10, 11, 11], "rotation": 90, "texture": "#cross"},
				"down": {"uv": [10, 11, 11, 12], "rotation": 270, "texture": "#cross"}
			}
		},
		{
			"from": [10.5, 3, 7.5],
			"to": [11.5, 4, 8.5],
			"faces": {
				"north": {"uv": [11, 11, 12, 12], "texture": "#cross"},
				"east": {"uv": [11, 11, 12, 12], "texture": "#cross"},
				"south": {"uv": [11, 11, 12, 12], "texture": "#cross"},
				"west": {"uv": [11, 11, 12, 12], "texture": "#cross"},
				"up": {"uv": [11, 11, 12, 12], "rotation": 90, "texture": "#cross"},
				"down": {"uv": [11, 11, 12, 12], "rotation": 270, "texture": "#cross"}
			}
		}
	],
	"groups": [
		{
			"name": "group",
			"origin": [0, 0, 0],
			"color": 0,
			"children": [0, 1, 2, 3, 4, 5, 6, 7, 8, 9, 10, 11, 12, 13, 14, 15, 16, 17, 18, 19, 20]
		},
		{
			"name": "group",
			"origin": [0, 0, 0],
			"color": 0,
			"children": [21, 22, 23, 24, 25]
		},
		{
			"name": "group",
			"origin": [0, 0, 0],
			"color": 0,
			"children": [26, 27, 28, 29]
		},
		{
			"name": "group",
			"origin": [0, 0, 0],
			"color": 0,
			"children": [30, 31, 32]
		},
		{
			"name": "group",
			"origin": [0, 0, 0],
			"color": 0,
			"children": [33, 34, 35]
		},
		{
			"name": "group",
			"origin": [0, 0, 0],
			"color": 0,
			"children": [36, 37, 38]
		}
	]
}