{
	"credit": "by ZiYun",
	"parent": "minecraft:block/cross",
	"textures": {
		"cross": "block/allium"
	},
	"elements": [
		{
			"from": [7.5, 0, 7.5],
			"to": [8.5, 8, 8.5],
			"faces": {
				"north": {"uv": [7, 7, 7.98, 15.98], "texture": "#cross"},
				"east": {"uv": [7, 7, 7.98, 15.98], "texture": "#cross"},
				"south": {"uv": [7, 7, 7.98, 15.98], "texture": "#cross"},
				"west": {"uv": [7, 7, 7.98, 15.98], "texture": "#cross"},
				"up": {"uv": [0, 0, 0, 0], "texture": "#cross"},
				"down": {"uv": [7, 15, 7.98, 15.98], "texture": "#cross", "cullface": "down"}
			}
		},
		{
			"from": [5.5, 10, 5.5],
			"to": [10.5, 12, 10.5],
			"faces": {
				"north": {"uv": [5, 4, 9.98, 5.98], "texture": "#cross"},
				"east": {"uv": [9.98, 4, 5, 5.98], "texture": "#cross"},
				"south": {"uv": [5, 4, 9.98, 5.98], "texture": "#cross"},
				"west": {"uv": [9.98, 4, 5, 5.98], "texture": "#cross"},
				"up": {"uv": [5, 3, 10, 7], "texture": "#cross"},
				"down": {"uv": [5, 3, 10, 7], "texture": "#cross"}
			}
		},
		{
			"from": [5.5, 9, 6.5],
			"to": [10.5, 13, 9.5],
			"faces": {
				"north": {"uv": [5, 3, 9.98, 6.98], "texture": "#cross"},
				"east": {"uv": [6, 2, 8.98, 5.98], "texture": "#cross"},
				"south": {"uv": [5, 3, 9.98, 6.98], "texture": "#cross"},
				"west": {"uv": [6, 2, 8.98, 5.98], "texture": "#cross"},
				"up": {"uv": [6, 2, 8.98, 6.98], "rotation": 90, "texture": "#cross"},
				"down": {"uv": [6, 2, 8.98, 6.98], "rotation": 270, "texture": "#cross"}
			}
		},
		{
			"from": [6.5, 9, 5.5],
			"to": [9.5, 13, 10.5],
			"faces": {
				"north": {"uv": [6, 2, 8.98, 5.98], "texture": "#cross"},
				"east": {"uv": [5, 3, 9.98, 6.98], "texture": "#cross"},
				"south": {"uv": [6, 2, 8.98, 5.98], "texture": "#cross"},
				"west": {"uv": [5, 3, 9.98, 6.98], "texture": "#cross"},
				"up": {"uv": [6, 2, 8.98, 6.98], "texture": "#cross"},
				"down": {"uv": [6, 2, 8.98, 6.98], "texture": "#cross"}
			}
		},
		{
			"from": [6.5, 13, 6.5],
			"to": [9.5, 14, 9.5],
			"faces": {
				"north": {"uv": [6, 2, 8.98, 2.98], "rotation": 180, "texture": "#cross"},
				"east": {"uv": [8, 2, 8.98, 4.98], "rotation": 90, "texture": "#cross"},
				"south": {"uv": [6, 2, 8.98, 2.98], "texture": "#cross"},
				"west": {"uv": [6, 2, 6.98, 4.98], "rotation": 270, "texture": "#cross"},
				"up": {"uv": [6, 3, 8.98, 5.98], "texture": "#cross"},
				"down": {"uv": [0, 0, 0, 0], "texture": "#cross"}
			}
		},
		{
			"from": [6.5, 8, 6.5],
			"to": [9.5, 9, 9.5],
			"faces": {
				"north": {"uv": [6, 2, 8.98, 2.98], "rotation": 180, "texture": "#cross"},
				"east": {"uv": [8, 2, 8.98, 4.98], "rotation": 90, "texture": "#cross"},
				"south": {"uv": [6, 4, 8.98, 4.98], "texture": "#cross"},
				"west": {"uv": [6, 2, 6.98, 4.98], "rotation": 270, "texture": "#cross"},
				"up": {"uv": [0, 0, 0, 0], "texture": "#cross"},
				"down": {"uv": [6, 4.98, 8.98, 2], "texture": "#cross"}
			}
		},
		{
			"from": [6.49, 9.99, 4.5],
			"to": [9.51, 12.01, 5.5],
			"faces": {
				"north": {"uv": [6, 3, 8.98, 4.98], "texture": "#cross"},
				"east": {"uv": [8, 3, 8.98, 4.98], "texture": "#cross"},
				"south": {"uv": [0, 0, 0, 0], "texture": "#cross"},
				"west": {"uv": [6, 3, 6.98, 4.98], "texture": "#cross"},
				"up": {"uv": [6, 3, 8.98, 3.98], "rotation": 180, "texture": "#cross"},
				"down": {"uv": [6, 3, 8.98, 3.98], "rotation": 180, "texture": "#cross"}
			}
		},
		{
			"from": [10.5, 9.99, 6.49],
			"to": [11.5, 12.01, 9.51],
			"faces": {
				"north": {"uv": [6, 4, 6.98, 5.98], "texture": "#cross"},
				"east": {"uv": [6, 4, 8.98, 5.98], "texture": "#cross"},
				"south": {"uv": [7, 3, 7.98, 4.98], "texture": "#cross"},
				"west": {"uv": [0, 0, 0, 0], "texture": "#cross"},
				"up": {"uv": [6, 5, 8.98, 5.98], "rotation": 270, "texture": "#cross"},
				"down": {"uv": [6, 5, 8.98, 5.98], "rotation": 90, "texture": "#cross"}
			}
		},
		{
			"from": [6.49, 9.99, 10.5],
			"to": [9.51, 12.01, 11.5],
			"faces": {
				"north": {"uv": [0, 0, 0, 0], "texture": "#cross"},
				"east": {"uv": [6, 4, 6.98, 5.98], "texture": "#cross"},
				"south": {"uv": [6, 5, 8.98, 6.98], "texture": "#cross"},
				"west": {"uv": [9, 3, 9.98, 4.98], "texture": "#cross"},
				"up": {"uv": [7, 4, 9.98, 4.98], "texture": "#cross"},
				"down": {"uv": [7, 5, 9.98, 5.98], "texture": "#cross"}
			}
		},
		{
			"from": [4.5, 9.99, 6.49],
			"to": [5.5, 12.01, 9.51],
			"faces": {
				"north": {"uv": [5, 4, 5.98, 5.98], "texture": "#cross"},
				"east": {"uv": [0, 0, 0, 0], "texture": "#cross"},
				"south": {"uv": [8, 3, 8.98, 4.98], "texture": "#cross"},
				"west": {"uv": [7, 4, 9.98, 5.98], "texture": "#cross"},
				"up": {"uv": [6, 4, 8.98, 4.98], "rotation": 90, "texture": "#cross"},
				"down": {"uv": [5, 4, 7.98, 4.98], "rotation": 270, "texture": "#cross"}
			}
		}
	],
	"display": {
		"thirdperson_righthand": {
			"rotation": [25, 0, 0],
			"translation": [0, 3.25, 2],
			"scale": [0.5, 0.5, 0.5]
		},
		"thirdperson_lefthand": {
			"rotation": [25, 0, 0],
			"translation": [0, 3.25, 2],
			"scale": [0.5, 0.5, 0.5]
		},
		"firstperson_righthand": {
			"rotation": [0, 10, 10],
			"translation": [1, 3.75, 0],
			"scale": [0.6, 0.6, 0.6]
		},
		"firstperson_lefthand": {
			"rotation": [0, 10, 10],
			"translation": [2, 3.75, 0],
			"scale": [0.6, 0.6, 0.6]
		},
		"ground": {
			"translation": [0, -0.75, 0],
			"scale": [0.5, 0.5, 0.5]
		},
		"gui": {
			"rotation": [30, 225, 0],
			"translation": [0, -0.75, 0]
		},
		"fixed": {
			"rotation": [-15, 0, 0],
			"translation": [0, -0.4, -2.5]
		}
	}
}