{
	"credit": "by ZiYun",
	"parent": "minecraft:block/cross",
	"textures": {
		"cross": "block/azure_bluet"
	},
	"elements": [
		{
			"from": [7.5, 0, 7.5],
			"to": [8.5, 4, 8.5],
			"faces": {
				"north": {"uv": [7, 12, 8, 16], "texture": "#cross"},
				"east": {"uv": [7, 12, 8, 16], "texture": "#cross"},
				"south": {"uv": [7, 12, 8, 16], "texture": "#cross"},
				"west": {"uv": [7, 12, 8, 16], "texture": "#cross"},
				"up": {"uv": [7, 12, 8, 13], "texture": "#cross"},
				"down": {"uv": [7, 12, 8, 13], "texture": "#cross"}
			}
		},
		{
			"from": [7.5, 4, 7.5],
			"to": [8.5, 8, 8.5],
			"faces": {
				"north": {"uv": [7, 12, 8, 16], "texture": "#cross"},
				"east": {"uv": [7, 12, 8, 16], "texture": "#cross"},
				"south": {"uv": [7, 12, 8, 16], "texture": "#cross"},
				"west": {"uv": [7, 12, 8, 16], "texture": "#cross"},
				"up": {"uv": [7, 12, 8, 13], "texture": "#cross"},
				"down": {"uv": [7, 12, 8, 13], "texture": "#cross"}
			}
		},
		{
			"from": [6.5, 1, 7.5],
			"to": [7.5, 5, 8.5],
			"faces": {
				"north": {"uv": [7, 12, 8, 16], "texture": "#cross"},
				"east": {"uv": [7, 12, 8, 16], "texture": "#cross"},
				"south": {"uv": [7, 12, 8, 16], "texture": "#cross"},
				"west": {"uv": [7, 12, 8, 16], "texture": "#cross"},
				"up": {"uv": [7, 12, 8, 13], "texture": "#cross"},
				"down": {"uv": [7, 12, 8, 13], "texture": "#cross"}
			}
		},
		{
			"from": [5.5, 2, 7.5],
			"to": [6.5, 3, 8.5],
			"faces": {
				"north": {"uv": [11, 11, 11.98, 11.98], "texture": "#cross"},
				"east": {"uv": [11, 11, 11.98, 11.98], "texture": "#cross"},
				"south": {"uv": [11, 11, 11.98, 11.98], "texture": "#cross"},
				"west": {"uv": [11, 11, 11.98, 11.98], "texture": "#cross"},
				"up": {"uv": [11, 11, 11.98, 11.98], "texture": "#cross"},
				"down": {"uv": [11, 11, 11.98, 11.98], "texture": "#cross"}
			}
		},
		{
			"from": [5, 2, 6.5],
			"to": [6, 3, 7.5],
			"faces": {
				"north": {"uv": [10, 11, 10.98, 11.98], "texture": "#cross"},
				"east": {"uv": [10, 11, 10.98, 11.98], "texture": "#cross"},
				"south": {"uv": [10, 11, 10.98, 11.98], "texture": "#cross"},
				"west": {"uv": [10, 11, 10.98, 11.98], "texture": "#cross"},
				"up": {"uv": [10, 11, 10.98, 11.98], "texture": "#cross"},
				"down": {"uv": [10, 11, 10.98, 11.98], "texture": "#cross"}
			}
		},
		{
			"from": [5, 3, 7.5],
			"to": [6, 4, 8.5],
			"faces": {
				"north": {"uv": [10, 11, 10.98, 11.98], "texture": "#cross"},
				"east": {"uv": [10, 11, 10.98, 11.98], "texture": "#cross"},
				"south": {"uv": [10, 11, 10.98, 11.98], "texture": "#cross"},
				"west": {"uv": [10, 11, 10.98, 11.98], "texture": "#cross"},
				"up": {"uv": [10, 11, 10.98, 11.98], "texture": "#cross"},
				"down": {"uv": [10, 11, 10.98, 11.98], "texture": "#cross"}
			}
		},
		{
			"from": [5, 1, 7.5],
			"to": [6, 2, 8.5],
			"faces": {
				"north": {"uv": [10, 11, 10.98, 11.98], "texture": "#cross"},
				"east": {"uv": [10, 11, 10.98, 11.98], "texture": "#cross"},
				"south": {"uv": [10, 11, 10.98, 11.98], "texture": "#cross"},
				"west": {"uv": [10, 11, 10.98, 11.98], "texture": "#cross"},
				"up": {"uv": [10, 11, 10.98, 11.98], "texture": "#cross"},
				"down": {"uv": [10, 11, 10.98, 11.98], "texture": "#cross"}
			}
		},
		{
			"from": [5, 2, 8.5],
			"to": [6, 3, 9.5],
			"faces": {
				"north": {"uv": [10, 11, 10.98, 11.98], "texture": "#cross"},
				"east": {"uv": [10, 11, 10.98, 11.98], "texture": "#cross"},
				"south": {"uv": [10, 11, 10.98, 11.98], "texture": "#cross"},
				"west": {"uv": [10, 11, 10.98, 11.98], "texture": "#cross"},
				"up": {"uv": [10, 11, 10.98, 11.98], "texture": "#cross"},
				"down": {"uv": [10, 11, 10.98, 11.98], "texture": "#cross"}
			}
		},
		{
			"from": [7.5, 1, 8.5],
			"to": [8.5, 5, 9.5],
			"faces": {
				"north": {"uv": [7, 12, 8, 16], "texture": "#cross"},
				"east": {"uv": [7, 12, 8, 16], "texture": "#cross"},
				"south": {"uv": [7, 12, 8, 16], "texture": "#cross"},
				"west": {"uv": [7, 12, 8, 16], "texture": "#cross"},
				"up": {"uv": [7, 12, 8, 13], "rotation": 270, "texture": "#cross"},
				"down": {"uv": [7, 12, 8, 13], "rotation": 90, "texture": "#cross"}
			}
		},
		{
			"from": [7, 2, 9.5],
			"to": [8, 3, 10.5],
			"faces": {
				"north": {"uv": [9, 13, 10, 14], "texture": "#cross"},
				"east": {"uv": [9, 13, 10, 14], "texture": "#cross"},
				"south": {"uv": [9, 13, 10, 14], "texture": "#cross"},
				"west": {"uv": [9, 13, 10, 14], "texture": "#cross"},
				"up": {"uv": [9, 13, 10, 14], "rotation": 270, "texture": "#cross"},
				"down": {"uv": [9, 13, 10, 14], "rotation": 90, "texture": "#cross"}
			}
		},
		{
			"from": [7.5, 3, 10.5],
			"to": [8.5, 4, 11.5],
			"faces": {
				"north": {"uv": [9, 13, 10, 14], "texture": "#cross"},
				"east": {"uv": [9, 13, 10, 14], "texture": "#cross"},
				"south": {"uv": [9, 13, 10, 14], "texture": "#cross"},
				"west": {"uv": [9, 13, 10, 14], "texture": "#cross"},
				"up": {"uv": [9, 13, 10, 14], "rotation": 270, "texture": "#cross"},
				"down": {"uv": [9, 13, 10, 14], "rotation": 90, "texture": "#cross"}
			}
		},
		{
			"from": [7.5, 4, 11.5],
			"to": [8.5, 5, 12.5],
			"faces": {
				"north": {"uv": [11, 11, 11.98, 11.98], "texture": "#cross"},
				"east": {"uv": [11, 11, 11.98, 11.98], "texture": "#cross"},
				"south": {"uv": [11, 11, 11.98, 11.98], "texture": "#cross"},
				"west": {"uv": [11, 11, 11.98, 11.98], "texture": "#cross"},
				"up": {"uv": [11, 11, 11.98, 11.98], "rotation": 270, "texture": "#cross"},
				"down": {"uv": [11, 11, 11.98, 11.98], "rotation": 90, "texture": "#cross"}
			}
		},
		{
			"from": [6.5, 4, 12],
			"to": [7.5, 5, 13],
			"faces": {
				"north": {"uv": [10, 11, 10.98, 11.98], "texture": "#cross"},
				"east": {"uv": [10, 11, 10.98, 11.98], "texture": "#cross"},
				"south": {"uv": [10, 11, 10.98, 11.98], "texture": "#cross"},
				"west": {"uv": [10, 11, 10.98, 11.98], "texture": "#cross"},
				"up": {"uv": [10, 11, 10.98, 11.98], "rotation": 270, "texture": "#cross"},
				"down": {"uv": [10, 11, 10.98, 11.98], "rotation": 90, "texture": "#cross"}
			}
		},
		{
			"from": [7.5, 5, 12],
			"to": [8.5, 6, 13],
			"faces": {
				"north": {"uv": [10, 11, 10.98, 11.98], "texture": "#cross"},
				"east": {"uv": [10, 11, 10.98, 11.98], "texture": "#cross"},
				"south": {"uv": [10, 11, 10.98, 11.98], "texture": "#cross"},
				"west": {"uv": [10, 11, 10.98, 11.98], "texture": "#cross"},
				"up": {"uv": [10, 11, 10.98, 11.98], "rotation": 270, "texture": "#cross"},
				"down": {"uv": [10, 11, 10.98, 11.98], "rotation": 90, "texture": "#cross"}
			}
		},
		{
			"from": [7.5, 3, 12],
			"to": [8.5, 4, 13],
			"faces": {
				"north": {"uv": [10, 11, 10.98, 11.98], "texture": "#cross"},
				"east": {"uv": [10, 11, 10.98, 11.98], "texture": "#cross"},
				"south": {"uv": [10, 11, 10.98, 11.98], "texture": "#cross"},
				"west": {"uv": [10, 11, 10.98, 11.98], "texture": "#cross"},
				"up": {"uv": [10, 11, 10.98, 11.98], "rotation": 270, "texture": "#cross"},
				"down": {"uv": [10, 11, 10.98, 11.98], "rotation": 90, "texture": "#cross"}
			}
		},
		{
			"from": [8.5, 4, 12],
			"to": [9.5, 5, 13],
			"faces": {
				"north": {"uv": [10, 11, 10.98, 11.98], "texture": "#cross"},
				"east": {"uv": [10, 11, 10.98, 11.98], "texture": "#cross"},
				"south": {"uv": [10, 11, 10.98, 11.98], "texture": "#cross"},
				"west": {"uv": [10, 11, 10.98, 11.98], "texture": "#cross"},
				"up": {"uv": [10, 11, 10.98, 11.98], "rotation": 270, "texture": "#cross"},
				"down": {"uv": [10, 11, 10.98, 11.98], "rotation": 90, "texture": "#cross"}
			}
		},
		{
			"from": [8.5, 2, 7.5],
			"to": [9.5, 6, 8.5],
			"faces": {
				"north": {"uv": [7, 12, 8, 16], "texture": "#cross"},
				"east": {"uv": [7, 12, 8, 16], "texture": "#cross"},
				"south": {"uv": [7, 12, 8, 16], "texture": "#cross"},
				"west": {"uv": [7, 12, 8, 16], "texture": "#cross"},
				"up": {"uv": [7, 12, 8, 13], "rotation": 180, "texture": "#cross"},
				"down": {"uv": [7, 12, 8, 13], "rotation": 180, "texture": "#cross"}
			}
		},
		{
			"from": [9.5, 2, 8],
			"to": [10.5, 3, 9],
			"faces": {
				"north": {"uv": [9, 13, 10, 14], "texture": "#cross"},
				"east": {"uv": [9, 13, 10, 14], "texture": "#cross"},
				"south": {"uv": [9, 13, 10, 14], "texture": "#cross"},
				"west": {"uv": [9, 13, 10, 14], "texture": "#cross"},
				"up": {"uv": [9, 13, 10, 14], "rotation": 180, "texture": "#cross"},
				"down": {"uv": [9, 13, 10, 14], "rotation": 180, "texture": "#cross"}
			}
		},
		{
			"from": [10.5, 3, 7.5],
			"to": [11.5, 4, 8.5],
			"faces": {
				"north": {"uv": [11, 11, 11.98, 11.98], "texture": "#cross"},
				"east": {"uv": [11, 11, 11.98, 11.98], "texture": "#cross"},
				"south": {"uv": [11, 11, 11.98, 11.98], "texture": "#cross"},
				"west": {"uv": [11, 11, 11.98, 11.98], "texture": "#cross"},
				"up": {"uv": [11, 11, 11.98, 11.98], "rotation": 180, "texture": "#cross"},
				"down": {"uv": [11, 11, 11.98, 11.98], "rotation": 180, "texture": "#cross"}
			}
		},
		{
			"from": [11, 3, 8.5],
			"to": [12, 4, 9.5],
			"faces": {
				"north": {"uv": [10, 11, 10.98, 11.98], "texture": "#cross"},
				"east": {"uv": [10, 11, 10.98, 11.98], "texture": "#cross"},
				"south": {"uv": [10, 11, 10.98, 11.98], "texture": "#cross"},
				"west": {"uv": [10, 11, 10.98, 11.98], "texture": "#cross"},
				"up": {"uv": [10, 11, 10.98, 11.98], "rotation": 180, "texture": "#cross"},
				"down": {"uv": [10, 11, 10.98, 11.98], "rotation": 180, "texture": "#cross"}
			}
		},
		{
			"from": [11, 4, 7.5],
			"to": [12, 5, 8.5],
			"faces": {
				"north": {"uv": [10, 11, 10.98, 11.98], "texture": "#cross"},
				"east": {"uv": [10, 11, 10.98, 11.98], "texture": "#cross"},
				"south": {"uv": [10, 11, 10.98, 11.98], "texture": "#cross"},
				"west": {"uv": [10, 11, 10.98, 11.98], "texture": "#cross"},
				"up": {"uv": [10, 11, 10.98, 11.98], "rotation": 180, "texture": "#cross"},
				"down": {"uv": [10, 11, 10.98, 11.98], "rotation": 180, "texture": "#cross"}
			}
		},
		{
			"from": [11, 2, 7.5],
			"to": [12, 3, 8.5],
			"faces": {
				"north": {"uv": [10, 11, 10.98, 11.98], "texture": "#cross"},
				"east": {"uv": [10, 11, 10.98, 11.98], "texture": "#cross"},
				"south": {"uv": [10, 11, 10.98, 11.98], "texture": "#cross"},
				"west": {"uv": [10, 11, 10.98, 11.98], "texture": "#cross"},
				"up": {"uv": [10, 11, 10.98, 11.98], "rotation": 180, "texture": "#cross"},
				"down": {"uv": [10, 11, 10.98, 11.98], "rotation": 180, "texture": "#cross"}
			}
		},
		{
			"from": [11, 3, 6.5],
			"to": [12, 4, 7.5],
			"faces": {
				"north": {"uv": [10, 11, 10.98, 11.98], "texture": "#cross"},
				"east": {"uv": [10, 11, 10.98, 11.98], "texture": "#cross"},
				"south": {"uv": [10, 11, 10.98, 11.98], "texture": "#cross"},
				"west": {"uv": [10, 11, 10.98, 11.98], "texture": "#cross"},
				"up": {"uv": [10, 11, 10.98, 11.98], "rotation": 180, "texture": "#cross"},
				"down": {"uv": [10, 11, 10.98, 11.98], "rotation": 180, "texture": "#cross"}
			}
		},
		{
			"from": [7.5, 1, 6.5],
			"to": [8.5, 5, 7.5],
			"faces": {
				"north": {"uv": [7, 12, 8, 16], "texture": "#cross"},
				"east": {"uv": [7, 12, 8, 16], "texture": "#cross"},
				"south": {"uv": [7, 12, 8, 16], "texture": "#cross"},
				"west": {"uv": [7, 12, 8, 16], "texture": "#cross"},
				"up": {"uv": [7, 12, 8, 13], "rotation": 90, "texture": "#cross"},
				"down": {"uv": [7, 12, 8, 13], "rotation": 270, "texture": "#cross"}
			}
		},
		{
			"from": [7.5, 2, 5.5],
			"to": [8.5, 3, 6.5],
			"faces": {
				"north": {"uv": [9, 13, 10, 14], "texture": "#cross"},
				"east": {"uv": [9, 13, 10, 14], "texture": "#cross"},
				"south": {"uv": [9, 13, 10, 14], "texture": "#cross"},
				"west": {"uv": [9, 13, 10, 14], "texture": "#cross"},
				"up": {"uv": [9, 13, 10, 14], "rotation": 90, "texture": "#cross"},
				"down": {"uv": [9, 13, 10, 14], "rotation": 270, "texture": "#cross"}
			}
		},
		{
			"from": [7, 2.5, 4.5],
			"to": [8, 3.5, 5.5],
			"faces": {
				"north": {"uv": [9, 13, 10, 14], "texture": "#cross"},
				"east": {"uv": [9, 13, 10, 14], "texture": "#cross"},
				"south": {"uv": [9, 13, 10, 14], "texture": "#cross"},
				"west": {"uv": [9, 13, 10, 14], "texture": "#cross"},
				"up": {"uv": [9, 13, 10, 14], "rotation": 90, "texture": "#cross"},
				"down": {"uv": [9, 13, 10, 14], "rotation": 270, "texture": "#cross"}
			}
		},
		{
			"from": [7.5, 3, 3.5],
			"to": [8.5, 4, 4.5],
			"faces": {
				"north": {"uv": [11, 11, 11.98, 11.98], "texture": "#cross"},
				"east": {"uv": [11, 11, 11.98, 11.98], "texture": "#cross"},
				"south": {"uv": [11, 11, 11.98, 11.98], "texture": "#cross"},
				"west": {"uv": [11, 11, 11.98, 11.98], "texture": "#cross"},
				"up": {"uv": [11, 11, 11.98, 11.98], "rotation": 90, "texture": "#cross"},
				"down": {"uv": [11, 11, 11.98, 11.98], "rotation": 270, "texture": "#cross"}
			}
		},
		{
			"from": [8.5, 3, 3],
			"to": [9.5, 4, 4],
			"faces": {
				"north": {"uv": [10, 11, 10.98, 11.98], "texture": "#cross"},
				"east": {"uv": [10, 11, 10.98, 11.98], "texture": "#cross"},
				"south": {"uv": [10, 11, 10.98, 11.98], "texture": "#cross"},
				"west": {"uv": [10, 11, 10.98, 11.98], "texture": "#cross"},
				"up": {"uv": [10, 11, 10.98, 11.98], "rotation": 90, "texture": "#cross"},
				"down": {"uv": [10, 11, 10.98, 11.98], "rotation": 270, "texture": "#cross"}
			}
		},
		{
			"from": [7.5, 4, 3],
			"to": [8.5, 5, 4],
			"faces": {
				"north": {"uv": [10, 11, 10.98, 11.98], "texture": "#cross"},
				"east": {"uv": [10, 11, 10.98, 11.98], "texture": "#cross"},
				"south": {"uv": [10, 11, 10.98, 11.98], "texture": "#cross"},
				"west": {"uv": [10, 11, 10.98, 11.98], "texture": "#cross"},
				"up": {"uv": [10, 11, 10.98, 11.98], "rotation": 90, "texture": "#cross"},
				"down": {"uv": [10, 11, 10.98, 11.98], "rotation": 270, "texture": "#cross"}
			}
		},
		{
			"from": [7.5, 2, 3],
			"to": [8.5, 3, 4],
			"faces": {
				"north": {"uv": [10, 11, 10.98, 11.98], "texture": "#cross"},
				"east": {"uv": [10, 11, 10.98, 11.98], "texture": "#cross"},
				"south": {"uv": [10, 11, 10.98, 11.98], "texture": "#cross"},
				"west": {"uv": [10, 11, 10.98, 11.98], "texture": "#cross"},
				"up": {"uv": [10, 11, 10.98, 11.98], "rotation": 90, "texture": "#cross"},
				"down": {"uv": [10, 11, 10.98, 11.98], "rotation": 270, "texture": "#cross"}
			}
		},
		{
			"from": [6.5, 3, 3],
			"to": [7.5, 4, 4],
			"faces": {
				"north": {"uv": [10, 11, 10.98, 11.98], "texture": "#cross"},
				"east": {"uv": [10, 11, 10.98, 11.98], "texture": "#cross"},
				"south": {"uv": [10, 11, 10.98, 11.98], "texture": "#cross"},
				"west": {"uv": [10, 11, 10.98, 11.98], "texture": "#cross"},
				"up": {"uv": [10, 11, 10.98, 11.98], "rotation": 90, "texture": "#cross"},
				"down": {"uv": [10, 11, 10.98, 11.98], "rotation": 270, "texture": "#cross"}
			}
		},
		{
			"from": [7, 5, 5.5],
			"to": [8, 6, 6.5],
			"faces": {
				"north": {"uv": [9, 10, 10, 11], "texture": "#cross"},
				"east": {"uv": [9, 10, 10, 11], "texture": "#cross"},
				"south": {"uv": [9, 10, 10, 11], "texture": "#cross"},
				"west": {"uv": [9, 10, 10, 11], "texture": "#cross"},
				"up": {"uv": [9, 10, 10, 11], "texture": "#cross"},
				"down": {"uv": [9, 9, 10, 10], "texture": "#cross"}
			}
		},
		{
			"from": [9.5, 6, 7],
			"to": [10.5, 8, 8],
			"faces": {
				"north": {"uv": [9, 9, 10, 11], "texture": "#cross"},
				"east": {"uv": [9, 9, 10, 11], "texture": "#cross"},
				"south": {"uv": [9, 9, 10, 11], "texture": "#cross"},
				"west": {"uv": [9, 9, 10, 11], "texture": "#cross"},
				"up": {"uv": [9, 10, 10, 11], "texture": "#cross"},
				"down": {"uv": [9, 9, 10, 10], "texture": "#cross"}
			}
		},
		{
			"from": [5.5, 5, 8],
			"to": [6.5, 7, 9],
			"faces": {
				"north": {"uv": [9, 9, 10, 11], "texture": "#cross"},
				"east": {"uv": [9, 9, 10, 11], "texture": "#cross"},
				"south": {"uv": [9, 9, 10, 11], "texture": "#cross"},
				"west": {"uv": [9, 9, 10, 11], "texture": "#cross"},
				"up": {"uv": [9, 10, 10, 11], "texture": "#cross"},
				"down": {"uv": [9, 9, 10, 10], "texture": "#cross"}
			}
		},
		{
			"from": [8, 5, 9.5],
			"to": [9, 7, 10.5],
			"faces": {
				"north": {"uv": [9, 9, 10, 11], "texture": "#cross"},
				"east": {"uv": [9, 9, 10, 11], "texture": "#cross"},
				"south": {"uv": [9, 9, 10, 11], "texture": "#cross"},
				"west": {"uv": [9, 9, 10, 11], "texture": "#cross"},
				"up": {"uv": [9, 10, 10, 11], "texture": "#cross"},
				"down": {"uv": [9, 9, 10, 10], "texture": "#cross"}
			}
		},
		{
			"from": [6.5, 6, 4.5],
			"to": [7.5, 7, 5.5],
			"faces": {
				"north": {"uv": [11, 11, 11.98, 11.98], "texture": "#cross"},
				"east": {"uv": [11, 11, 11.98, 11.98], "texture": "#cross"},
				"south": {"uv": [11, 11, 11.98, 11.98], "texture": "#cross"},
				"west": {"uv": [11, 11, 11.98, 11.98], "texture": "#cross"},
				"up": {"uv": [11, 11, 11.98, 11.98], "rotation": 90, "texture": "#cross"},
				"down": {"uv": [11, 11, 11.98, 11.98], "rotation": 270, "texture": "#cross"}
			}
		},
		{
			"from": [7.5, 6, 4],
			"to": [8.5, 7, 5],
			"faces": {
				"north": {"uv": [10, 11, 10.98, 11.98], "texture": "#cross"},
				"east": {"uv": [10, 11, 10.98, 11.98], "texture": "#cross"},
				"south": {"uv": [10, 11, 10.98, 11.98], "texture": "#cross"},
				"west": {"uv": [10, 11, 10.98, 11.98], "texture": "#cross"},
				"up": {"uv": [10, 11, 10.98, 11.98], "rotation": 90, "texture": "#cross"},
				"down": {"uv": [10, 11, 10.98, 11.98], "rotation": 270, "texture": "#cross"}
			}
		},
		{
			"from": [6.5, 7, 4],
			"to": [7.5, 8, 5],
			"faces": {
				"north": {"uv": [10, 11, 10.98, 11.98], "texture": "#cross"},
				"east": {"uv": [10, 11, 10.98, 11.98], "texture": "#cross"},
				"south": {"uv": [10, 11, 10.98, 11.98], "texture": "#cross"},
				"west": {"uv": [10, 11, 10.98, 11.98], "texture": "#cross"},
				"up": {"uv": [10, 11, 10.98, 11.98], "rotation": 90, "texture": "#cross"},
				"down": {"uv": [10, 11, 10.98, 11.98], "rotation": 270, "texture": "#cross"}
			}
		},
		{
			"from": [6.5, 5, 4],
			"to": [7.5, 6, 5],
			"faces": {
				"north": {"uv": [10, 11, 10.98, 11.98], "texture": "#cross"},
				"east": {"uv": [10, 11, 10.98, 11.98], "texture": "#cross"},
				"south": {"uv": [10, 11, 10.98, 11.98], "texture": "#cross"},
				"west": {"uv": [10, 11, 10.98, 11.98], "texture": "#cross"},
				"up": {"uv": [10, 11, 10.98, 11.98], "rotation": 90, "texture": "#cross"},
				"down": {"uv": [10, 11, 10.98, 11.98], "rotation": 270, "texture": "#cross"}
			}
		},
		{
			"from": [5.5, 6, 4],
			"to": [6.5, 7, 5],
			"faces": {
				"north": {"uv": [10, 11, 10.98, 11.98], "texture": "#cross"},
				"east": {"uv": [10, 11, 10.98, 11.98], "texture": "#cross"},
				"south": {"uv": [10, 11, 10.98, 11.98], "texture": "#cross"},
				"west": {"uv": [10, 11, 10.98, 11.98], "texture": "#cross"},
				"up": {"uv": [10, 11, 10.98, 11.98], "rotation": 90, "texture": "#cross"},
				"down": {"uv": [10, 11, 10.98, 11.98], "rotation": 270, "texture": "#cross"}
			}
		},
		{
			"from": [4.5, 7, 8.5],
			"to": [5.5, 8, 9.5],
			"faces": {
				"north": {"uv": [11, 11, 11.98, 11.98], "texture": "#cross"},
				"east": {"uv": [11, 11, 11.98, 11.98], "texture": "#cross"},
				"south": {"uv": [11, 11, 11.98, 11.98], "texture": "#cross"},
				"west": {"uv": [11, 11, 11.98, 11.98], "texture": "#cross"},
				"up": {"uv": [11, 11, 11.98, 11.98], "texture": "#cross"},
				"down": {"uv": [11, 11, 11.98, 11.98], "texture": "#cross"}
			}
		},
		{
			"from": [4, 7, 7.5],
			"to": [5, 8, 8.5],
			"faces": {
				"north": {"uv": [10, 11, 10.98, 11.98], "texture": "#cross"},
				"east": {"uv": [10, 11, 10.98, 11.98], "texture": "#cross"},
				"south": {"uv": [10, 11, 10.98, 11.98], "texture": "#cross"},
				"west": {"uv": [10, 11, 10.98, 11.98], "texture": "#cross"},
				"up": {"uv": [10, 11, 10.98, 11.98], "texture": "#cross"},
				"down": {"uv": [10, 11, 10.98, 11.98], "texture": "#cross"}
			}
		},
		{
			"from": [4, 8, 8.5],
			"to": [5, 9, 9.5],
			"faces": {
				"north": {"uv": [10, 11, 10.98, 11.98], "texture": "#cross"},
				"east": {"uv": [10, 11, 10.98, 11.98], "texture": "#cross"},
				"south": {"uv": [10, 11, 10.98, 11.98], "texture": "#cross"},
				"west": {"uv": [10, 11, 10.98, 11.98], "texture": "#cross"},
				"up": {"uv": [10, 11, 10.98, 11.98], "texture": "#cross"},
				"down": {"uv": [10, 11, 10.98, 11.98], "texture": "#cross"}
			}
		},
		{
			"from": [4, 6, 8.5],
			"to": [5, 7, 9.5],
			"faces": {
				"north": {"uv": [10, 11, 10.98, 11.98], "texture": "#cross"},
				"east": {"uv": [10, 11, 10.98, 11.98], "texture": "#cross"},
				"south": {"uv": [10, 11, 10.98, 11.98], "texture": "#cross"},
				"west": {"uv": [10, 11, 10.98, 11.98], "texture": "#cross"},
				"up": {"uv": [10, 11, 10.98, 11.98], "texture": "#cross"},
				"down": {"uv": [10, 11, 10.98, 11.98], "texture": "#cross"}
			}
		},
		{
			"from": [4, 7, 9.5],
			"to": [5, 8, 10.5],
			"faces": {
				"north": {"uv": [10, 11, 10.98, 11.98], "texture": "#cross"},
				"east": {"uv": [10, 11, 10.98, 11.98], "texture": "#cross"},
				"south": {"uv": [10, 11, 10.98, 11.98], "texture": "#cross"},
				"west": {"uv": [10, 11, 10.98, 11.98], "texture": "#cross"},
				"up": {"uv": [10, 11, 10.98, 11.98], "texture": "#cross"},
				"down": {"uv": [10, 11, 10.98, 11.98], "texture": "#cross"}
			}
		},
		{
			"from": [8.5, 7, 10.5],
			"to": [9.5, 8, 11.5],
			"faces": {
				"north": {"uv": [11, 11, 11.98, 11.98], "texture": "#cross"},
				"east": {"uv": [11, 11, 11.98, 11.98], "texture": "#cross"},
				"south": {"uv": [11, 11, 11.98, 11.98], "texture": "#cross"},
				"west": {"uv": [11, 11, 11.98, 11.98], "texture": "#cross"},
				"up": {"uv": [11, 11, 11.98, 11.98], "rotation": 270, "texture": "#cross"},
				"down": {"uv": [11, 11, 11.98, 11.98], "rotation": 90, "texture": "#cross"}
			}
		},
		{
			"from": [7.5, 7, 11],
			"to": [8.5, 8, 12],
			"faces": {
				"north": {"uv": [10, 11, 10.98, 11.98], "texture": "#cross"},
				"east": {"uv": [10, 11, 10.98, 11.98], "texture": "#cross"},
				"south": {"uv": [10, 11, 10.98, 11.98], "texture": "#cross"},
				"west": {"uv": [10, 11, 10.98, 11.98], "texture": "#cross"},
				"up": {"uv": [10, 11, 10.98, 11.98], "rotation": 270, "texture": "#cross"},
				"down": {"uv": [10, 11, 10.98, 11.98], "rotation": 90, "texture": "#cross"}
			}
		},
		{
			"from": [8.5, 8, 11],
			"to": [9.5, 9, 12],
			"faces": {
				"north": {"uv": [10, 11, 10.98, 11.98], "texture": "#cross"},
				"east": {"uv": [10, 11, 10.98, 11.98], "texture": "#cross"},
				"south": {"uv": [10, 11, 10.98, 11.98], "texture": "#cross"},
				"west": {"uv": [10, 11, 10.98, 11.98], "texture": "#cross"},
				"up": {"uv": [10, 11, 10.98, 11.98], "rotation": 270, "texture": "#cross"},
				"down": {"uv": [10, 11, 10.98, 11.98], "rotation": 90, "texture": "#cross"}
			}
		},
		{
			"from": [8.5, 6, 11],
			"to": [9.5, 7, 12],
			"faces": {
				"north": {"uv": [10, 11, 10.98, 11.98], "texture": "#cross"},
				"east": {"uv": [10, 11, 10.98, 11.98], "texture": "#cross"},
				"south": {"uv": [10, 11, 10.98, 11.98], "texture": "#cross"},
				"west": {"uv": [10, 11, 10.98, 11.98], "texture": "#cross"},
				"up": {"uv": [10, 11, 10.98, 11.98], "rotation": 270, "texture": "#cross"},
				"down": {"uv": [10, 11, 10.98, 11.98], "rotation": 90, "texture": "#cross"}
			}
		},
		{
			"from": [9.5, 7, 11],
			"to": [10.5, 8, 12],
			"faces": {
				"north": {"uv": [10, 11, 10.98, 11.98], "texture": "#cross"},
				"east": {"uv": [10, 11, 10.98, 11.98], "texture": "#cross"},
				"south": {"uv": [10, 11, 10.98, 11.98], "texture": "#cross"},
				"west": {"uv": [10, 11, 10.98, 11.98], "texture": "#cross"},
				"up": {"uv": [10, 11, 10.98, 11.98], "rotation": 270, "texture": "#cross"},
				"down": {"uv": [10, 11, 10.98, 11.98], "rotation": 90, "texture": "#cross"}
			}
		},
		{
			"from": [10.5, 8, 6.5],
			"to": [11.5, 9, 7.5],
			"faces": {
				"north": {"uv": [11, 11, 11.98, 11.98], "texture": "#cross"},
				"east": {"uv": [11, 11, 11.98, 11.98], "texture": "#cross"},
				"south": {"uv": [11, 11, 11.98, 11.98], "texture": "#cross"},
				"west": {"uv": [11, 11, 11.98, 11.98], "texture": "#cross"},
				"up": {"uv": [11, 11, 11.98, 11.98], "rotation": 180, "texture": "#cross"},
				"down": {"uv": [11, 11, 11.98, 11.98], "rotation": 180, "texture": "#cross"}
			}
		},
		{
			"from": [11, 8, 7.5],
			"to": [12, 9, 8.5],
			"faces": {
				"north": {"uv": [10, 11, 10.98, 11.98], "texture": "#cross"},
				"east": {"uv": [10, 11, 10.98, 11.98], "texture": "#cross"},
				"south": {"uv": [10, 11, 10.98, 11.98], "texture": "#cross"},
				"west": {"uv": [10, 11, 10.98, 11.98], "texture": "#cross"},
				"up": {"uv": [10, 11, 10.98, 11.98], "rotation": 180, "texture": "#cross"},
				"down": {"uv": [10, 11, 10.98, 11.98], "rotation": 180, "texture": "#cross"}
			}
		},
		{
			"from": [11, 9, 6.5],
			"to": [12, 10, 7.5],
			"faces": {
				"north": {"uv": [10, 11, 10.98, 11.98], "texture": "#cross"},
				"east": {"uv": [10, 11, 10.98, 11.98], "texture": "#cross"},
				"south": {"uv": [10, 11, 10.98, 11.98], "texture": "#cross"},
				"west": {"uv": [10, 11, 10.98, 11.98], "texture": "#cross"},
				"up": {"uv": [10, 11, 10.98, 11.98], "rotation": 180, "texture": "#cross"},
				"down": {"uv": [10, 11, 10.98, 11.98], "rotation": 180, "texture": "#cross"}
			}
		},
		{
			"from": [11, 7, 6.5],
			"to": [12, 8, 7.5],
			"faces": {
				"north": {"uv": [10, 11, 10.98, 11.98], "texture": "#cross"},
				"east": {"uv": [10, 11, 10.98, 11.98], "texture": "#cross"},
				"south": {"uv": [10, 11, 10.98, 11.98], "texture": "#cross"},
				"west": {"uv": [10, 11, 10.98, 11.98], "texture": "#cross"},
				"up": {"uv": [10, 11, 10.98, 11.98], "rotation": 180, "texture": "#cross"},
				"down": {"uv": [10, 11, 10.98, 11.98], "rotation": 180, "texture": "#cross"}
			}
		},
		{
			"from": [11, 8, 5.5],
			"to": [12, 9, 6.5],
			"faces": {
				"north": {"uv": [10, 11, 10.98, 11.98], "texture": "#cross"},
				"east": {"uv": [10, 11, 10.98, 11.98], "texture": "#cross"},
				"south": {"uv": [10, 11, 10.98, 11.98], "texture": "#cross"},
				"west": {"uv": [10, 11, 10.98, 11.98], "texture": "#cross"},
				"up": {"uv": [10, 11, 10.98, 11.98], "rotation": 180, "texture": "#cross"},
				"down": {"uv": [10, 11, 10.98, 11.98], "rotation": 180, "texture": "#cross"}
			}
		},
		{
			"from": [7.5, 8, 7.5],
			"to": [8.5, 9, 8.5],
			"faces": {
				"north": {"uv": [11, 11, 11.98, 11.98], "rotation": 90, "texture": "#cross"},
				"east": {"uv": [11, 11, 11.98, 11.98], "rotation": 90, "texture": "#cross"},
				"south": {"uv": [11, 11, 11.98, 11.98], "rotation": 270, "texture": "#cross"},
				"west": {"uv": [11, 11, 11.98, 11.98], "rotation": 90, "texture": "#cross"},
				"up": {"uv": [11, 11, 11.98, 11.98], "rotation": 270, "texture": "#cross"},
				"down": {"uv": [11, 11, 11.98, 11.98], "rotation": 270, "texture": "#cross"}
			}
		},
		{
			"from": [7.5, 8.5, 8.5],
			"to": [8.5, 9.5, 9.5],
			"faces": {
				"north": {"uv": [10, 11, 10.98, 11.98], "rotation": 90, "texture": "#cross"},
				"east": {"uv": [10, 11, 10.98, 11.98], "rotation": 90, "texture": "#cross"},
				"south": {"uv": [10, 11, 10.98, 11.98], "rotation": 270, "texture": "#cross"},
				"west": {"uv": [10, 11, 10.98, 11.98], "rotation": 90, "texture": "#cross"},
				"up": {"uv": [10, 11, 10.98, 11.98], "rotation": 270, "texture": "#cross"},
				"down": {"uv": [10, 11, 10.98, 11.98], "rotation": 270, "texture": "#cross"}
			}
		},
		{
			"from": [6.5, 8.5, 7.5],
			"to": [7.5, 9.5, 8.5],
			"faces": {
				"north": {"uv": [10, 11, 10.98, 11.98], "rotation": 90, "texture": "#cross"},
				"east": {"uv": [10, 11, 10.98, 11.98], "rotation": 90, "texture": "#cross"},
				"south": {"uv": [10, 11, 10.98, 11.98], "rotation": 270, "texture": "#cross"},
				"west": {"uv": [10, 11, 10.98, 11.98], "rotation": 90, "texture": "#cross"},
				"up": {"uv": [10, 11, 10.98, 11.98], "rotation": 270, "texture": "#cross"},
				"down": {"uv": [10, 11, 10.98, 11.98], "rotation": 270, "texture": "#cross"}
			}
		},
		{
			"from": [8.5, 8.5, 7.5],
			"to": [9.5, 9.5, 8.5],
			"faces": {
				"north": {"uv": [10, 11, 10.98, 11.98], "rotation": 90, "texture": "#cross"},
				"east": {"uv": [10, 11, 10.98, 11.98], "rotation": 90, "texture": "#cross"},
				"south": {"uv": [10, 11, 10.98, 11.98], "rotation": 270, "texture": "#cross"},
				"west": {"uv": [10, 11, 10.98, 11.98], "rotation": 90, "texture": "#cross"},
				"up": {"uv": [10, 11, 10.98, 11.98], "rotation": 270, "texture": "#cross"},
				"down": {"uv": [10, 11, 10.98, 11.98], "rotation": 270, "texture": "#cross"}
			}
		},
		{
			"from": [7.5, 8.5, 6.5],
			"to": [8.5, 9.5, 7.5],
			"faces": {
				"north": {"uv": [10, 11, 10.98, 11.98], "rotation": 90, "texture": "#cross"},
				"east": {"uv": [10, 11, 10.98, 11.98], "rotation": 90, "texture": "#cross"},
				"south": {"uv": [10, 11, 10.98, 11.98], "rotation": 270, "texture": "#cross"},
				"west": {"uv": [10, 11, 10.98, 11.98], "rotation": 90, "texture": "#cross"},
				"up": {"uv": [10, 11, 10.98, 11.98], "rotation": 270, "texture": "#cross"},
				"down": {"uv": [10, 11, 10.98, 11.98], "rotation": 270, "texture": "#cross"}
			}
		}
	],
	"display": {
		"thirdperson_righthand": {
			"rotation": [25, 0, 0],
			"translation": [0, 3.25, 2],
			"scale": [0.5, 0.5, 0.5]
		},
		"thirdperson_lefthand": {
			"rotation": [25, 0, 0],
			"translation": [0, 3.25, 2],
			"scale": [0.5, 0.5, 0.5]
		},
		"firstperson_righthand": {
			"rotation": [0, 40, 10],
			"translation": [1, 4.25, 0],
			"scale": [0.6, 0.6, 0.6]
		},
		"firstperson_lefthand": {
			"rotation": [0, 40, 10],
			"translation": [1, 4.25, 0],
			"scale": [0.6, 0.6, 0.6]
		},
		"ground": {
			"translation": [0, -0.75, 0],
			"scale": [0.5, 0.5, 0.5]
		},
		"gui": {
			"rotation": [30, 225, 0],
			"translation": [0, -0.75, 0]
		},
		"fixed": {
			"rotation": [-15, 0, 0],
			"translation": [0, -0.4, -2.5]
		}
	},
	"groups": [0, 1,
		{
			"name": "group",
			"origin": [0, 0, 0],
			"color": 0,
			"children": [2]
		},
		{
			"name": "group",
			"origin": [0, 0, 0],
			"color": 0,
			"children": [3, 4, 5, 6, 7]
		},
		{
			"name": "group",
			"origin": [0, 0, 0],
			"color": 0,
			"children": [8, 9, 10]
		},
		{
			"name": "group",
			"origin": [0, 0, 0],
			"color": 0,
			"children": [11, 12, 13, 14, 15]
		},
		{
			"name": "group",
			"origin": [0, 0, 0],
			"color": 0,
			"children": [16, 17]
		},
		{
			"name": "group",
			"origin": [0, 0, 0],
			"color": 0,
			"children": [18, 19, 20, 21, 22]
		},
		{
			"name": "group",
			"origin": [0, 0, 0],
			"color": 0,
			"children": [23, 24, 25]
		},
		{
			"name": "group",
			"origin": [0, 0, 0],
			"color": 0,
			"children": [26, 27, 28, 29, 30]
		},
		{
			"name": "group",
			"origin": [0, 0, 0],
			"color": 0,
			"children": [31, 32, 33, 34]
		},
		{
			"name": "group",
			"origin": [0, 0, 0],
			"color": 0,
			"children": [35, 36, 37, 38, 39]
		},
		{
			"name": "group",
			"origin": [0, 0, 0],
			"color": 0,
			"children": [40, 41, 42, 43, 44]
		},
		{
			"name": "group",
			"origin": [0, 0, 0],
			"color": 0,
			"children": [45, 46, 47, 48, 49]
		},
		{
			"name": "group",
			"origin": [0, 0, 0],
			"color": 0,
			"children": [50, 51, 52, 53, 54]
		},
		{
			"name": "group",
			"origin": [0, 0, 0],
			"color": 0,
			"children": [55, 56, 57, 58, 59]
		}
	]
}