{
	"credit": "by ZiYun",
	"parent": "minecraft:block/cross",
	"textures": {
		"cross": "block/blue_orchid"
	},
	"elements": [
		{
			"from": [7.5, 0, 7.5],
			"to": [8.5, 3, 8.5],
			"faces": {
				"north": {"uv": [8, 13, 9, 16], "texture": "#cross"},
				"east": {"uv": [8, 13, 9, 16], "texture": "#cross"},
				"south": {"uv": [8, 13, 9, 16], "texture": "#cross"},
				"west": {"uv": [8, 13, 9, 16], "texture": "#cross"},
				"up": {"uv": [8, 8, 9, 9], "texture": "#cross"},
				"down": {"uv": [8, 15, 9, 16], "texture": "#cross"}
			}
		},
		{
			"from": [7.5, 3, 7.5],
			"to": [8.5, 6, 8.5],
			"faces": {
				"north": {"uv": [8, 13, 9, 16], "rotation": 180, "texture": "#cross"},
				"east": {"uv": [8, 13, 9, 16], "rotation": 180, "texture": "#cross"},
				"south": {"uv": [8, 13, 9, 16], "rotation": 180, "texture": "#cross"},
				"west": {"uv": [8, 13, 9, 16], "rotation": 180, "texture": "#cross"},
				"up": {"uv": [8, 8, 9, 9], "texture": "#cross"},
				"down": {"uv": [8, 15, 9, 16], "texture": "#cross"}
			}
		},
		{
			"from": [8.5, 2, 7],
			"to": [9.5, 4, 8],
			"faces": {
				"north": {"uv": [7, 12, 8, 14], "texture": "#cross"},
				"east": {"uv": [7, 12, 8, 14], "texture": "#cross"},
				"south": {"uv": [7, 12, 8, 14], "texture": "#cross"},
				"west": {"uv": [7, 12, 8, 14], "texture": "#cross"},
				"up": {"uv": [7, 12, 8, 13], "texture": "#cross"},
				"down": {"uv": [7, 13, 8, 14], "texture": "#cross"}
			}
		},
		{
			"from": [9.5, 3, 7.5],
			"to": [10.5, 5, 8.5],
			"faces": {
				"north": {"uv": [6, 11, 7, 13], "texture": "#cross"},
				"east": {"uv": [6, 11, 7, 13], "texture": "#cross"},
				"south": {"uv": [6, 11, 7, 13], "texture": "#cross"},
				"west": {"uv": [6, 11, 7, 13], "texture": "#cross"},
				"up": {"uv": [6, 11, 7, 12], "texture": "#cross"},
				"down": {"uv": [6, 12, 7, 13], "texture": "#cross"}
			}
		},
		{
			"from": [11, 3, 8],
			"to": [12, 4, 9],
			"faces": {
				"north": {"uv": [4, 9, 5, 10], "texture": "#cross"},
				"east": {"uv": [4, 9, 5, 10], "texture": "#cross"},
				"south": {"uv": [4, 9, 5, 10], "texture": "#cross"},
				"west": {"uv": [4, 9, 5, 10], "texture": "#cross"},
				"up": {"uv": [4, 9, 5, 10], "texture": "#cross"},
				"down": {"uv": [4, 9, 5, 10], "texture": "#cross"}
			}
		},
		{
			"from": [11, 4, 9],
			"to": [12, 5, 10],
			"faces": {
				"north": {"uv": [4, 9, 5, 10], "texture": "#cross"},
				"east": {"uv": [4, 9, 5, 10], "texture": "#cross"},
				"south": {"uv": [4, 9, 5, 10], "texture": "#cross"},
				"west": {"uv": [4, 9, 5, 10], "texture": "#cross"},
				"up": {"uv": [4, 9, 5, 10], "texture": "#cross"},
				"down": {"uv": [4, 9, 5, 10], "texture": "#cross"}
			}
		},
		{
			"from": [10.5, 4, 8],
			"to": [11.5, 5, 9],
			"faces": {
				"north": {"uv": [3, 10, 4, 11], "texture": "#cross"},
				"east": {"uv": [3, 10, 4, 11], "texture": "#cross"},
				"south": {"uv": [3, 10, 4, 11], "texture": "#cross"},
				"west": {"uv": [3, 10, 4, 11], "texture": "#cross"},
				"up": {"uv": [3, 10, 4, 11], "texture": "#cross"},
				"down": {"uv": [3, 10, 4, 11], "texture": "#cross"}
			}
		},
		{
			"from": [7, 3, 6.5],
			"to": [8, 5, 7.5],
			"faces": {
				"north": {"uv": [7, 12, 8, 14], "texture": "#cross"},
				"east": {"uv": [7, 12, 8, 14], "texture": "#cross"},
				"south": {"uv": [7, 12, 8, 14], "texture": "#cross"},
				"west": {"uv": [7, 12, 8, 14], "texture": "#cross"},
				"up": {"uv": [7, 12, 8, 13], "rotation": 270, "texture": "#cross"},
				"down": {"uv": [7, 13, 8, 14], "rotation": 90, "texture": "#cross"}
			}
		},
		{
			"from": [7.5, 4, 5.5],
			"to": [8.5, 6, 6.5],
			"faces": {
				"north": {"uv": [6, 11, 7, 13], "texture": "#cross"},
				"east": {"uv": [6, 11, 7, 13], "texture": "#cross"},
				"south": {"uv": [6, 11, 7, 13], "texture": "#cross"},
				"west": {"uv": [6, 11, 7, 13], "texture": "#cross"},
				"up": {"uv": [6, 11, 7, 12], "rotation": 270, "texture": "#cross"},
				"down": {"uv": [6, 12, 7, 13], "rotation": 90, "texture": "#cross"}
			}
		},
		{
			"from": [8, 4, 4],
			"to": [9, 5, 5],
			"faces": {
				"north": {"uv": [4, 9, 5, 10], "texture": "#cross"},
				"east": {"uv": [4, 9, 5, 10], "texture": "#cross"},
				"south": {"uv": [4, 9, 5, 10], "texture": "#cross"},
				"west": {"uv": [4, 9, 5, 10], "texture": "#cross"},
				"up": {"uv": [4, 9, 5, 10], "rotation": 270, "texture": "#cross"},
				"down": {"uv": [4, 9, 5, 10], "rotation": 90, "texture": "#cross"}
			}
		},
		{
			"from": [9, 5, 4],
			"to": [10, 6, 5],
			"faces": {
				"north": {"uv": [4, 9, 5, 10], "texture": "#cross"},
				"east": {"uv": [4, 9, 5, 10], "texture": "#cross"},
				"south": {"uv": [4, 9, 5, 10], "texture": "#cross"},
				"west": {"uv": [4, 9, 5, 10], "texture": "#cross"},
				"up": {"uv": [4, 9, 5, 10], "rotation": 270, "texture": "#cross"},
				"down": {"uv": [4, 9, 5, 10], "rotation": 90, "texture": "#cross"}
			}
		},
		{
			"from": [8, 5, 4.5],
			"to": [9, 6, 5.5],
			"faces": {
				"north": {"uv": [3, 10, 4, 11], "texture": "#cross"},
				"east": {"uv": [3, 10, 4, 11], "texture": "#cross"},
				"south": {"uv": [3, 10, 4, 11], "texture": "#cross"},
				"west": {"uv": [3, 10, 4, 11], "texture": "#cross"},
				"up": {"uv": [3, 10, 4, 11], "rotation": 270, "texture": "#cross"},
				"down": {"uv": [3, 10, 4, 11], "rotation": 90, "texture": "#cross"}
			}
		},
		{
			"from": [8, 5, 4.5],
			"to": [9, 6, 5.5],
			"faces": {
				"north": {"uv": [3, 10, 4, 11], "texture": "#cross"},
				"east": {"uv": [3, 10, 4, 11], "texture": "#cross"},
				"south": {"uv": [3, 10, 4, 11], "texture": "#cross"},
				"west": {"uv": [3, 10, 4, 11], "texture": "#cross"},
				"up": {"uv": [3, 10, 4, 11], "rotation": 270, "texture": "#cross"},
				"down": {"uv": [3, 10, 4, 11], "rotation": 90, "texture": "#cross"}
			}
		},
		{
			"from": [6.5, 4, 8],
			"to": [7.5, 6, 9],
			"faces": {
				"north": {"uv": [6, 11, 7, 13], "texture": "#cross"},
				"east": {"uv": [6, 11, 7, 13], "texture": "#cross"},
				"south": {"uv": [6, 11, 7, 13], "texture": "#cross"},
				"west": {"uv": [6, 11, 7, 13], "texture": "#cross"},
				"up": {"uv": [6, 11, 7, 12], "texture": "#cross"},
				"down": {"uv": [6, 12, 7, 13], "texture": "#cross"}
			}
		},
		{
			"from": [7.5, 3, 7.5],
			"to": [8.5, 5, 8.5],
			"faces": {
				"north": {"uv": [7, 12, 8, 14], "texture": "#cross"},
				"east": {"uv": [7, 12, 8, 14], "texture": "#cross"},
				"south": {"uv": [7, 12, 8, 14], "texture": "#cross"},
				"west": {"uv": [7, 12, 8, 14], "texture": "#cross"},
				"up": {"uv": [7, 12, 8, 13], "texture": "#cross"},
				"down": {"uv": [7, 13, 8, 14], "texture": "#cross"}
			}
		},
		{
			"from": [5.5, 6, 7.5],
			"to": [6.5, 7, 8.5],
			"faces": {
				"north": {"uv": [11, 8, 12, 9], "texture": "#cross"},
				"east": {"uv": [11, 8, 12, 9], "texture": "#cross"},
				"south": {"uv": [11, 8, 12, 9], "texture": "#cross"},
				"west": {"uv": [11, 8, 12, 9], "texture": "#cross"},
				"up": {"uv": [11, 8, 12, 9], "texture": "#cross"},
				"down": {"uv": [11, 8, 12, 9], "texture": "#cross"}
			}
		},
		{
			"from": [4.5, 7, 7],
			"to": [5.5, 8, 8],
			"faces": {
				"north": {"uv": [12, 7, 13, 8], "texture": "#cross"},
				"east": {"uv": [12, 7, 13, 8], "texture": "#cross"},
				"south": {"uv": [12, 7, 13, 8], "texture": "#cross"},
				"west": {"uv": [12, 7, 13, 8], "texture": "#cross"},
				"up": {"uv": [12, 7, 13, 8], "texture": "#cross"},
				"down": {"uv": [12, 7, 13, 8], "texture": "#cross"}
			}
		},
		{
			"from": [3, 6, 7.5],
			"to": [4, 7, 8.5],
			"faces": {
				"north": {"uv": [4, 9, 5, 10], "texture": "#cross"},
				"east": {"uv": [4, 9, 5, 10], "texture": "#cross"},
				"south": {"uv": [4, 9, 5, 10], "texture": "#cross"},
				"west": {"uv": [4, 9, 5, 10], "texture": "#cross"},
				"up": {"uv": [4, 9, 5, 10], "rotation": 180, "texture": "#cross"},
				"down": {"uv": [4, 9, 5, 10], "rotation": 180, "texture": "#cross"}
			}
		},
		{
			"from": [3, 7, 6.5],
			"to": [4, 8, 7.5],
			"faces": {
				"north": {"uv": [4, 9, 5, 10], "texture": "#cross"},
				"east": {"uv": [4, 9, 5, 10], "texture": "#cross"},
				"south": {"uv": [4, 9, 5, 10], "texture": "#cross"},
				"west": {"uv": [4, 9, 5, 10], "texture": "#cross"},
				"up": {"uv": [4, 9, 5, 10], "rotation": 180, "texture": "#cross"},
				"down": {"uv": [4, 9, 5, 10], "rotation": 180, "texture": "#cross"}
			}
		},
		{
			"from": [3, 7, 8.5],
			"to": [4, 8, 9.5],
			"faces": {
				"north": {"uv": [4, 9, 5, 10], "texture": "#cross"},
				"east": {"uv": [4, 9, 5, 10], "texture": "#cross"},
				"south": {"uv": [4, 9, 5, 10], "texture": "#cross"},
				"west": {"uv": [4, 9, 5, 10], "texture": "#cross"},
				"up": {"uv": [4, 9, 5, 10], "rotation": 180, "texture": "#cross"},
				"down": {"uv": [4, 9, 5, 10], "rotation": 180, "texture": "#cross"}
			}
		},
		{
			"from": [3.5, 7, 7.5],
			"to": [4.5, 8, 8.5],
			"faces": {
				"north": {"uv": [3, 10, 4, 11], "texture": "#cross"},
				"east": {"uv": [3, 10, 4, 11], "texture": "#cross"},
				"south": {"uv": [3, 10, 4, 11], "texture": "#cross"},
				"west": {"uv": [3, 10, 4, 11], "texture": "#cross"},
				"up": {"uv": [3, 10, 4, 11], "rotation": 180, "texture": "#cross"},
				"down": {"uv": [3, 10, 4, 11], "rotation": 180, "texture": "#cross"}
			}
		},
		{
			"from": [7.5, 4, 9.5],
			"to": [8.5, 6, 10.5],
			"faces": {
				"north": {"uv": [6, 11, 7, 13], "texture": "#cross"},
				"east": {"uv": [6, 11, 7, 13], "texture": "#cross"},
				"south": {"uv": [6, 11, 7, 13], "texture": "#cross"},
				"west": {"uv": [6, 11, 7, 13], "texture": "#cross"},
				"up": {"uv": [6, 11, 7, 12], "rotation": 270, "texture": "#cross"},
				"down": {"uv": [6, 12, 7, 13], "rotation": 90, "texture": "#cross"}
			}
		},
		{
			"from": [8, 3, 8.5],
			"to": [9, 5, 9.5],
			"faces": {
				"north": {"uv": [7, 12, 8, 14], "texture": "#cross"},
				"east": {"uv": [7, 12, 8, 14], "texture": "#cross"},
				"south": {"uv": [7, 12, 8, 14], "texture": "#cross"},
				"west": {"uv": [7, 12, 8, 14], "texture": "#cross"},
				"up": {"uv": [7, 12, 8, 13], "rotation": 270, "texture": "#cross"},
				"down": {"uv": [7, 13, 8, 14], "rotation": 90, "texture": "#cross"}
			}
		},
		{
			"from": [7.5, 6, 10.5],
			"to": [8.5, 7, 11.5],
			"faces": {
				"north": {"uv": [11, 8, 12, 9], "texture": "#cross"},
				"east": {"uv": [11, 8, 12, 9], "texture": "#cross"},
				"south": {"uv": [11, 8, 12, 9], "texture": "#cross"},
				"west": {"uv": [11, 8, 12, 9], "texture": "#cross"},
				"up": {"uv": [11, 8, 12, 9], "rotation": 270, "texture": "#cross"},
				"down": {"uv": [11, 8, 12, 9], "rotation": 90, "texture": "#cross"}
			}
		},
		{
			"from": [7, 7, 11.5],
			"to": [8, 8, 12.5],
			"faces": {
				"north": {"uv": [12, 7, 13, 8], "texture": "#cross"},
				"east": {"uv": [12, 7, 13, 8], "texture": "#cross"},
				"south": {"uv": [12, 7, 13, 8], "texture": "#cross"},
				"west": {"uv": [12, 7, 13, 8], "texture": "#cross"},
				"up": {"uv": [12, 7, 13, 8], "rotation": 270, "texture": "#cross"},
				"down": {"uv": [12, 7, 13, 8], "rotation": 90, "texture": "#cross"}
			}
		},
		{
			"from": [7.5, 6, 13],
			"to": [8.5, 7, 14],
			"faces": {
				"north": {"uv": [4, 9, 5, 10], "texture": "#cross"},
				"east": {"uv": [4, 9, 5, 10], "texture": "#cross"},
				"south": {"uv": [4, 9, 5, 10], "texture": "#cross"},
				"west": {"uv": [4, 9, 5, 10], "texture": "#cross"},
				"up": {"uv": [4, 9, 5, 10], "rotation": 90, "texture": "#cross"},
				"down": {"uv": [4, 9, 5, 10], "rotation": 270, "texture": "#cross"}
			}
		},
		{
			"from": [6.5, 7, 13],
			"to": [7.5, 8, 14],
			"faces": {
				"north": {"uv": [4, 9, 5, 10], "texture": "#cross"},
				"east": {"uv": [4, 9, 5, 10], "texture": "#cross"},
				"south": {"uv": [4, 9, 5, 10], "texture": "#cross"},
				"west": {"uv": [4, 9, 5, 10], "texture": "#cross"},
				"up": {"uv": [4, 9, 5, 10], "rotation": 90, "texture": "#cross"},
				"down": {"uv": [4, 9, 5, 10], "rotation": 270, "texture": "#cross"}
			}
		},
		{
			"from": [7.5, 8, 13],
			"to": [8.5, 9, 14],
			"faces": {
				"north": {"uv": [4, 9, 5, 10], "texture": "#cross"},
				"east": {"uv": [4, 9, 5, 10], "texture": "#cross"},
				"south": {"uv": [4, 9, 5, 10], "texture": "#cross"},
				"west": {"uv": [4, 9, 5, 10], "texture": "#cross"},
				"up": {"uv": [4, 9, 5, 10], "rotation": 90, "texture": "#cross"},
				"down": {"uv": [4, 9, 5, 10], "rotation": 270, "texture": "#cross"}
			}
		},
		{
			"from": [8.5, 7, 13],
			"to": [9.5, 8, 14],
			"faces": {
				"north": {"uv": [4, 9, 5, 10], "texture": "#cross"},
				"east": {"uv": [4, 9, 5, 10], "texture": "#cross"},
				"south": {"uv": [4, 9, 5, 10], "texture": "#cross"},
				"west": {"uv": [4, 9, 5, 10], "texture": "#cross"},
				"up": {"uv": [4, 9, 5, 10], "rotation": 90, "texture": "#cross"},
				"down": {"uv": [4, 9, 5, 10], "rotation": 270, "texture": "#cross"}
			}
		},
		{
			"from": [7.5, 7, 12.5],
			"to": [8.5, 8, 13.5],
			"faces": {
				"north": {"uv": [3, 10, 4, 11], "texture": "#cross"},
				"east": {"uv": [3, 10, 4, 11], "texture": "#cross"},
				"south": {"uv": [3, 10, 4, 11], "texture": "#cross"},
				"west": {"uv": [3, 10, 4, 11], "texture": "#cross"},
				"up": {"uv": [3, 10, 4, 11], "rotation": 90, "texture": "#cross"},
				"down": {"uv": [3, 10, 4, 11], "rotation": 270, "texture": "#cross"}
			}
		}
	],
	"display": {
		"thirdperson_righthand": {
			"rotation": [25, 0, 0],
			"translation": [0, 3.25, 2],
			"scale": [0.5, 0.5, 0.5]
		},
		"thirdperson_lefthand": {
			"rotation": [25, 0, 0],
			"translation": [0, 3.25, 2],
			"scale": [0.5, 0.5, 0.5]
		},
		"firstperson_righthand": {
			"rotation": [0, -180, 0],
			"translation": [1, 5, 0],
			"scale": [0.8, 0.8, 0.8]
		},
		"firstperson_lefthand": {
			"rotation": [0, 90, 0],
			"translation": [1, 5, 0],
			"scale": [0.8, 0.8, 0.8]
		},
		"ground": {
			"translation": [0, -0.75, 0],
			"scale": [0.5, 0.5, 0.5]
		},
		"gui": {
			"rotation": [30, 225, 0],
			"translation": [0, -0.75, 0]
		},
		"fixed": {
			"rotation": [-15, 0, 0],
			"translation": [0, -0.5, -2.5]
		}
	},
	"groups": [0, 1,
		{
			"name": "group",
			"origin": [0, 0, 0],
			"color": 0,
			"children": [2, 3, 4, 5, 6]
		},
		{
			"name": "group",
			"origin": [0, 0, 0],
			"color": 0,
			"children": [7, 8, 9, 10, 11, 12]
		},
		{
			"name": "group",
			"origin": [0, 0, 0],
			"color": 0,
			"children": [13, 14, 15, 16, 17, 18, 19, 20]
		},
		{
			"name": "group",
			"origin": [0, 0, 0],
			"color": 0,
			"children": [21, 22, 23, 24, 25, 26, 27, 28, 29]
		}
	]
}