{
	"credit": "by ZiYun",
	"parent": "minecraft:block/cross",
	"textures": {
		"cross": "block/brown_mushroom"
	},
	"elements": [
		{
			"from": [7.5, 0, 7.5],
			"to": [8, 4, 8],
			"faces": {
				"north": {"uv": [8, 12, 8.5, 16], "texture": "#cross"},
				"east": {"uv": [8, 12, 8.5, 16], "texture": "#cross"},
				"south": {"uv": [7.5, 12, 8, 16], "texture": "#cross"},
				"west": {"uv": [7.5, 12, 8, 16], "texture": "#cross"},
				"up": {"uv": [7.5, 12, 8, 12.5], "texture": "#cross"},
				"down": {"uv": [7.5, 12, 8, 12.5], "texture": "#cross"}
			}
		},
		{
			"from": [7.5, 0, 8],
			"to": [8, 4, 8.5],
			"faces": {
				"north": {"uv": [7.5, 12, 8, 16], "texture": "#cross"},
				"east": {"uv": [8, 12, 8.5, 16], "texture": "#cross"},
				"south": {"uv": [7.5, 12, 8, 16], "texture": "#cross"},
				"west": {"uv": [8, 12, 8.5, 16], "texture": "#cross"},
				"up": {"uv": [7.5, 12, 8, 12.5], "texture": "#cross"},
				"down": {"uv": [7.5, 12, 8, 12.5], "texture": "#cross"}
			}
		},
		{
			"from": [8, 0, 7.5],
			"to": [8.5, 4, 8],
			"faces": {
				"north": {"uv": [7.5, 12, 8, 16], "texture": "#cross"},
				"east": {"uv": [8, 12, 8.5, 16], "texture": "#cross"},
				"south": {"uv": [7.5, 12, 8, 16], "texture": "#cross"},
				"west": {"uv": [8, 12, 8.5, 16], "texture": "#cross"},
				"up": {"uv": [7.5, 12, 8, 12.5], "texture": "#cross"},
				"down": {"uv": [8, 12, 8.5, 12.5], "texture": "#cross"}
			}
		},
		{
			"from": [8, 0, 8],
			"to": [8.5, 4, 8.5],
			"faces": {
				"north": {"uv": [7.5, 12, 8, 16], "texture": "#cross"},
				"east": {"uv": [7.5, 12, 8, 16], "texture": "#cross"},
				"south": {"uv": [8, 12, 8.5, 16], "texture": "#cross"},
				"west": {"uv": [8, 12, 8.5, 16], "texture": "#cross"},
				"up": {"uv": [7.5, 12, 8, 12.5], "texture": "#cross"},
				"down": {"uv": [8, 12, 8.5, 12.5], "texture": "#cross"}
			}
		},
		{
			"from": [5, 4, 5],
			"to": [11, 5, 11],
			"faces": {
				"north": {"uv": [5, 11, 11, 12], "texture": "#cross"},
				"east": {"uv": [5, 11, 11, 12], "texture": "#cross"},
				"south": {"uv": [5, 11, 11, 12], "texture": "#cross"},
				"west": {"uv": [5, 11, 11, 12], "texture": "#cross"},
				"up": {"uv": [0, 0, 6, 6], "texture": "#cross"},
				"down": {"uv": [0, 0, 6, 6], "rotation": 270, "texture": "#cross"}
			}
		},
		{
			"from": [6, 5, 6],
			"to": [10, 5.5, 10],
			"faces": {
				"north": {"uv": [6, 10.5, 10, 11], "texture": "#cross"},
				"east": {"uv": [6, 10.5, 10, 11], "texture": "#cross"},
				"south": {"uv": [6, 10.5, 10, 11], "texture": "#cross"},
				"west": {"uv": [6, 10.5, 10, 11], "texture": "#cross"},
				"up": {"uv": [1, 1, 5, 5], "texture": "#cross"},
				"down": {"uv": [1, 1, 5, 5], "texture": "#cross"}
			}
		}
	],
	"display": {
		"thirdperson_righthand": {
			"rotation": [-40, 90, 55],
			"translation": [0, 5.75, 2.5],
			"scale": [0.85, 0.85, 0.85]
		},
		"thirdperson_lefthand": {
			"rotation": [-40, -90, -55],
			"translation": [0, 5.75, 2.5],
			"scale": [0.85, 0.85, 0.85]
		},
		"firstperson_righthand": {
			"rotation": [-45, 25, 30],
			"translation": [-1.25, 5.75, 0.8],
			"scale": [0.68, 0.68, 0.68]
		},
		"firstperson_lefthand": {
			"rotation": [-45, 25, 30],
			"translation": [-1.25, 5.75, 0.8],
			"scale": [0.68, 0.68, 0.68]
		},
		"ground": {
			"translation": [0, 2.25, 0],
			"scale": [0.6, 0.6, 0.6]
		},
		"gui": {
			"rotation": [20, -25, 0],
			"translation": [0, 3.5, 0],
			"scale": [1.5, 1.5, 1.5]
		},
		"fixed": {
			"translation": [0, 4, 0],
			"scale": [1.5, 1.5, 1.5]
		}
	}
}