{
	"credit": "by ZiYun",
	"parent": "block/block",
	"textures": {
		"top": "block/composter_top",
		"bottom": "block/composter_bottom",
		"particle": "block/composter_side",
		"side": "block/composter_side"
	},
	"elements": [
		{
			"from": [0, 0, 0],
			"to": [16, 2, 16],
			"faces": {
				"up": {"uv": [0, 0, 16, 16], "texture": "#bottom"},
				"down": {"uv": [0, 0, 16, 16], "texture": "#bottom"}
			}
		},
		{
			"from": [0, 0, 0],
			"to": [2, 16, 2],
			"faces": {
				"north": {"uv": [14, 0, 16, 16], "texture": "#side"},
				"east": {"uv": [14, 0, 16, 16], "texture": "#side"},
				"south": {"uv": [0, 0, 2, 16], "texture": "#side"},
				"west": {"uv": [0, 0, 2, 16], "texture": "#side"},
				"up": {"uv": [0, 0, 2, 2], "texture": "#top"}
			}
		},
		{
			"from": [0, 0, 14],
			"to": [2, 16, 16],
			"faces": {
				"north": {"uv": [14, 0, 16, 16], "texture": "#side"},
				"east": {"uv": [0, 0, 2, 16], "texture": "#side"},
				"south": {"uv": [0, 0, 2, 16], "texture": "#side"},
				"west": {"uv": [14, 0, 16, 16], "texture": "#side"},
				"up": {"uv": [0, 14, 2, 16], "texture": "#top"}
			}
		},
		{
			"from": [14, 0, 0],
			"to": [16, 16, 2],
			"faces": {
				"north": {"uv": [0, 0, 2, 16], "texture": "#side"},
				"east": {"uv": [14, 0, 16, 16], "texture": "#side"},
				"south": {"uv": [14, 0, 16, 16], "texture": "#side"},
				"west": {"uv": [0, 0, 2, 16], "texture": "#side"},
				"up": {"uv": [14, 0, 16, 2], "texture": "#top"}
			}
		},
		{
			"from": [14, 0, 14],
			"to": [16, 16, 16],
			"faces": {
				"north": {"uv": [0, 0, 2, 16], "texture": "#side"},
				"east": {"uv": [0, 0, 2, 16], "texture": "#side"},
				"south": {"uv": [14, 0, 16, 16], "texture": "#side"},
				"west": {"uv": [14, 0, 16, 16], "texture": "#side"},
				"up": {"uv": [14, 14, 16, 16], "texture": "#top"}
			}
		},
		{
			"from": [14, 13, 2],
			"to": [16, 16, 14],
			"faces": {
				"east": {"uv": [2, 0, 14, 3], "texture": "#side"},
				"west": {"uv": [2, 0, 14, 3], "texture": "#side"},
				"up": {"uv": [14, 2, 16, 14], "texture": "#top"},
				"down": {"uv": [14, 2, 16, 14], "texture": "#top"}
			}
		},
		{
			"from": [14, 9, 2],
			"to": [16, 11, 14],
			"faces": {
				"east": {"uv": [2, 5, 14, 7], "texture": "#side"},
				"west": {"uv": [2, 5, 14, 7], "texture": "#side"},
				"up": {"uv": [2, 5, 14, 7], "texture": "#side"},
				"down": {"uv": [2, 5, 14, 7], "texture": "#side"}
			}
		},
		{
			"from": [14, 5, 2],
			"to": [16, 7, 14],
			"faces": {
				"east": {"uv": [2, 9, 14, 11], "texture": "#side"},
				"west": {"uv": [2, 9, 14, 11], "texture": "#side"},
				"up": {"uv": [2, 9, 14, 11], "texture": "#side"},
				"down": {"uv": [2, 9, 14, 11], "texture": "#side"}
			}
		},
		{
			"from": [14, 0, 2],
			"to": [16, 3, 14],
			"faces": {
				"east": {"uv": [2, 13, 14, 16], "texture": "#side"},
				"west": {"uv": [2, 13, 14, 16], "texture": "#side"},
				"up": {"uv": [2, 0, 14, 2], "texture": "#side"},
				"down": {"uv": [14, 2, 16, 14], "rotation": 180, "texture": "#top"}
			}
		},
		{
			"from": [2, 13, 0],
			"to": [14, 16, 2],
			"faces": {
				"north": {"uv": [2, 0, 14, 3], "texture": "#side"},
				"south": {"uv": [2, 0, 14, 3], "texture": "#side"},
				"up": {"uv": [2, 0, 14, 2], "texture": "#top"},
				"down": {"uv": [2, 14, 14, 16], "rotation": 90, "texture": "#top"}
			}
		},
		{
			"from": [2, 9, 0],
			"to": [14, 11, 2],
			"faces": {
				"north": {"uv": [2, 5, 14, 7], "texture": "#side"},
				"south": {"uv": [2, 5, 14, 7], "texture": "#side"},
				"up": {"uv": [2, 5, 14, 7], "rotation": 270, "texture": "#side"},
				"down": {"uv": [2, 5, 14, 7], "rotation": 90, "texture": "#side"}
			}
		},
		{
			"from": [2, 5, 0],
			"to": [14, 7, 2],
			"faces": {
				"north": {"uv": [2, 9, 14, 11], "texture": "#side"},
				"south": {"uv": [2, 9, 14, 11], "texture": "#side"},
				"up": {"uv": [2, 9, 14, 11], "rotation": 270, "texture": "#side"},
				"down": {"uv": [2, 9, 14, 11], "rotation": 90, "texture": "#side"}
			}
		},
		{
			"from": [2, 0, 0],
			"to": [14, 3, 2],
			"faces": {
				"north": {"uv": [2, 13, 14, 16], "texture": "#side"},
				"south": {"uv": [2, 13, 14, 16], "texture": "#side"},
				"up": {"uv": [2, 0, 14, 2], "rotation": 270, "texture": "#side"},
				"down": {"uv": [14, 2, 16, 14], "rotation": 270, "texture": "#top"}
			}
		},
		{
			"from": [0, 13, 2],
			"to": [2, 16, 14],
			"faces": {
				"east": {"uv": [2, 0, 14, 3], "texture": "#side"},
				"west": {"uv": [2, 0, 14, 3], "texture": "#side"},
				"up": {"uv": [0, 2, 2, 14], "texture": "#top"},
				"down": {"uv": [0, 2, 2, 14], "rotation": 180, "texture": "#top"}
			}
		},
		{
			"from": [0, 9, 2],
			"to": [2, 11, 14],
			"faces": {
				"east": {"uv": [2, 5, 14, 7], "texture": "#side"},
				"west": {"uv": [2, 5, 14, 7], "texture": "#side"},
				"up": {"uv": [2, 5, 14, 7], "rotation": 180, "texture": "#side"},
				"down": {"uv": [2, 5, 14, 7], "rotation": 180, "texture": "#side"}
			}
		},
		{
			"from": [0, 5, 2],
			"to": [2, 7, 14],
			"faces": {
				"east": {"uv": [2, 9, 14, 11], "texture": "#side"},
				"west": {"uv": [2, 9, 14, 11], "texture": "#side"},
				"up": {"uv": [2, 9, 14, 11], "rotation": 180, "texture": "#side"},
				"down": {"uv": [2, 9, 14, 11], "rotation": 180, "texture": "#side"}
			}
		},
		{
			"from": [0, 0, 2],
			"to": [2, 3, 14],
			"faces": {
				"east": {"uv": [2, 13, 14, 16], "texture": "#side"},
				"west": {"uv": [2, 13, 14, 16], "texture": "#side"},
				"up": {"uv": [2, 0, 14, 2], "rotation": 180, "texture": "#side"},
				"down": {"uv": [14, 2, 16, 14], "texture": "#top"}
			}
		},
		{
			"from": [2, 13, 14],
			"to": [14, 16, 16],
			"faces": {
				"north": {"uv": [2, 0, 14, 3], "texture": "#side"},
				"south": {"uv": [2, 0, 14, 3], "texture": "#side"},
				"up": {"uv": [2, 14, 14, 16], "texture": "#top"},
				"down": {"uv": [2, 0, 14, 2], "rotation": 270, "texture": "#top"}
			}
		},
		{
			"from": [2, 9, 14],
			"to": [14, 11, 16],
			"faces": {
				"north": {"uv": [2, 5, 14, 7], "texture": "#side"},
				"south": {"uv": [2, 5, 14, 7], "texture": "#side"},
				"up": {"uv": [2, 5, 14, 7], "rotation": 90, "texture": "#side"},
				"down": {"uv": [2, 5, 14, 7], "rotation": 270, "texture": "#side"}
			}
		},
		{
			"from": [2, 5, 14],
			"to": [14, 7, 16],
			"faces": {
				"north": {"uv": [2, 9, 14, 11], "texture": "#side"},
				"south": {"uv": [2, 9, 14, 11], "texture": "#side"},
				"up": {"uv": [2, 9, 14, 11], "rotation": 90, "texture": "#side"},
				"down": {"uv": [2, 9, 14, 11], "rotation": 270, "texture": "#side"}
			}
		},
		{
			"from": [2, 0, 14],
			"to": [14, 3, 16],
			"faces": {
				"north": {"uv": [2, 13, 14, 16], "texture": "#side"},
				"south": {"uv": [2, 13, 14, 16], "texture": "#side"},
				"up": {"uv": [2, 0, 14, 2], "rotation": 90, "texture": "#side"},
				"down": {"uv": [14, 2, 16, 14], "rotation": 90, "texture": "#top"}
			}
		}
	],
	"display": {
		"thirdperson_righthand": {
			"rotation": [75, 45, 0],
			"translation": [0, 2.5, 0],
			"scale": [0.375, 0.375, 0.375]
		},
		"thirdperson_lefthand": {
			"rotation": [75, 45, 0],
			"translation": [0, 2.5, 0],
			"scale": [0.375, 0.375, 0.375]
		},
		"firstperson_righthand": {
			"rotation": [0, 45, 0],
			"translation": [0, 2, 0],
			"scale": [0.4, 0.4, 0.4]
		},
		"firstperson_lefthand": {
			"rotation": [0, 225, 0],
			"translation": [0, 2, 0],
			"scale": [0.4, 0.4, 0.4]
		},
		"ground": {
			"translation": [0, -0.75, 0],
			"scale": [0.4, 0.4, 0.4]
		},
		"gui": {
			"rotation": [30, 225, 0],
			"translation": [0, -1.5, 0],
			"scale": [0.5, 0.5, 0.5]
		},
		"fixed": {
			"rotation": [-35, 0, 0],
			"translation": [0, 0, -1.25],
			"scale": [0.5, 0.5, 0.5]
		}
	},
	"groups": [0, 1, 2, 3, 4,
		{
			"name": "group",
			"origin": [0, 0, 0],
			"color": 0,
			"children": [5, 6, 7, 8]
		},
		{
			"name": "group",
			"origin": [0, 0, 0],
			"color": 0,
			"children": [9, 10, 11, 12]
		},
		{
			"name": "group",
			"origin": [0, 0, 0],
			"color": 0,
			"children": [13, 14, 15, 16]
		},
		{
			"name": "group",
			"origin": [0, 0, 0],
			"color": 0,
			"children": [17, 18, 19, 20]
		}
	]
}