{
	"credit": "by ZiYun",
	"parent": "minecraft:block/cross",
	"textures": {
		"cross": "block/cornflower"
	},
	"elements": [
		{
			"from": [7.5, 0, 7.5],
			"to": [8.5, 8, 8.5],
			"faces": {
				"north": {"uv": [8, 8, 9, 16], "texture": "#cross"},
				"east": {"uv": [8, 8, 9, 16], "texture": "#cross"},
				"south": {"uv": [8, 8, 9, 16], "texture": "#cross"},
				"west": {"uv": [8, 8, 9, 16], "texture": "#cross"},
				"up": {"uv": [8, 8, 9, 9], "texture": "#cross"},
				"down": {"uv": [8, 15, 9, 16], "texture": "#cross"}
			}
		},
		{
			"from": [8.5, 7, 7.5],
			"to": [9.5, 9, 8.5],
			"faces": {
				"north": {"uv": [7, 7, 8, 9], "texture": "#cross"},
				"east": {"uv": [7, 7, 8, 9], "texture": "#cross"},
				"south": {"uv": [7, 7, 8, 9], "texture": "#cross"},
				"west": {"uv": [7, 7, 8, 9], "texture": "#cross"},
				"up": {"uv": [7, 7, 8, 8], "texture": "#cross"},
				"down": {"uv": [7, 8, 8, 9], "texture": "#cross"}
			}
		},
		{
			"from": [8, 1, 6.5],
			"to": [9, 3, 7.5],
			"faces": {
				"north": {"uv": [7, 13, 8, 15], "texture": "#cross"},
				"east": {"uv": [6, 12, 7, 14], "texture": "#cross"},
				"south": {"uv": [7, 13, 8, 15], "texture": "#cross"},
				"west": {"uv": [7, 13, 8, 15], "texture": "#cross"},
				"up": {"uv": [7, 13, 8, 14], "texture": "#cross"},
				"down": {"uv": [7, 14, 8, 15], "texture": "#cross"}
			}
		},
		{
			"from": [7.5, 2, 5.5],
			"to": [8.5, 4, 6.5],
			"faces": {
				"north": {"uv": [7, 13, 8, 15], "texture": "#cross"},
				"east": {"uv": [6, 12, 7, 14], "texture": "#cross"},
				"south": {"uv": [7, 13, 8, 15], "texture": "#cross"},
				"west": {"uv": [7, 13, 8, 15], "texture": "#cross"},
				"up": {"uv": [7, 13, 8, 14], "texture": "#cross"},
				"down": {"uv": [7, 14, 8, 15], "texture": "#cross"}
			}
		},
		{
			"from": [8, 3, 4.5],
			"to": [9, 5, 5.5],
			"faces": {
				"north": {"uv": [7, 13, 8, 15], "texture": "#cross"},
				"east": {"uv": [6, 12, 7, 14], "texture": "#cross"},
				"south": {"uv": [7, 13, 8, 15], "texture": "#cross"},
				"west": {"uv": [7, 13, 8, 15], "texture": "#cross"},
				"up": {"uv": [7, 13, 8, 14], "texture": "#cross"},
				"down": {"uv": [7, 14, 8, 15], "texture": "#cross"}
			}
		},
		{
			"from": [8.5, 5, 3.5],
			"to": [9.5, 6, 4.5],
			"faces": {
				"north": {"uv": [7, 14, 8, 15], "texture": "#cross"},
				"east": {"uv": [7, 14, 8, 15], "texture": "#cross"},
				"south": {"uv": [7, 14, 8, 15], "texture": "#cross"},
				"west": {"uv": [7, 14, 8, 15], "texture": "#cross"},
				"up": {"uv": [7, 13, 8, 14], "texture": "#cross"},
				"down": {"uv": [7, 14, 8, 15], "texture": "#cross"}
			}
		},
		{
			"from": [6.5, 2, 8],
			"to": [7.5, 4, 9],
			"faces": {
				"north": {"uv": [6, 12, 7, 14], "texture": "#cross"},
				"east": {"uv": [7, 13, 8, 15], "texture": "#cross"},
				"south": {"uv": [7, 13, 8, 15], "texture": "#cross"},
				"west": {"uv": [7, 13, 8, 15], "texture": "#cross"},
				"up": {"uv": [7, 13, 8, 14], "rotation": 270, "texture": "#cross"},
				"down": {"uv": [7, 14, 8, 15], "rotation": 90, "texture": "#cross"}
			}
		},
		{
			"from": [5.5, 3, 7.5],
			"to": [6.5, 5, 8.5],
			"faces": {
				"north": {"uv": [6, 12, 7, 14], "texture": "#cross"},
				"east": {"uv": [7, 13, 8, 15], "texture": "#cross"},
				"south": {"uv": [7, 13, 8, 15], "texture": "#cross"},
				"west": {"uv": [7, 13, 8, 15], "texture": "#cross"},
				"up": {"uv": [7, 13, 8, 14], "rotation": 270, "texture": "#cross"},
				"down": {"uv": [7, 14, 8, 15], "rotation": 90, "texture": "#cross"}
			}
		},
		{
			"from": [4.5, 4, 8],
			"to": [5.5, 6, 9],
			"faces": {
				"north": {"uv": [6, 12, 7, 14], "texture": "#cross"},
				"east": {"uv": [7, 13, 8, 15], "texture": "#cross"},
				"south": {"uv": [7, 13, 8, 15], "texture": "#cross"},
				"west": {"uv": [7, 13, 8, 15], "texture": "#cross"},
				"up": {"uv": [7, 13, 8, 14], "rotation": 270, "texture": "#cross"},
				"down": {"uv": [7, 14, 8, 15], "rotation": 90, "texture": "#cross"}
			}
		},
		{
			"from": [3.5, 6, 8.5],
			"to": [4.5, 7, 9.5],
			"faces": {
				"north": {"uv": [7, 14, 8, 15], "texture": "#cross"},
				"east": {"uv": [7, 14, 8, 15], "texture": "#cross"},
				"south": {"uv": [7, 14, 8, 15], "texture": "#cross"},
				"west": {"uv": [7, 14, 8, 15], "texture": "#cross"},
				"up": {"uv": [7, 13, 8, 14], "rotation": 270, "texture": "#cross"},
				"down": {"uv": [7, 14, 8, 15], "rotation": 90, "texture": "#cross"}
			}
		},
		{
			"from": [8.5, 9, 7.5],
			"to": [9.5, 10, 8.5],
			"faces": {
				"north": {"uv": [7, 6, 8, 7], "texture": "#cross"},
				"east": {"uv": [7, 6, 8, 7], "texture": "#cross"},
				"south": {"uv": [7, 6, 8, 7], "texture": "#cross"},
				"west": {"uv": [7, 6, 8, 7], "texture": "#cross"},
				"up": {"uv": [8, 6, 9, 7], "texture": "#cross"},
				"down": {"uv": [0, 0, 0, 0], "texture": "#cross"}
			}
		},
		{
			"from": [7.5, 9.25, 6.5],
			"to": [8.5, 10.25, 7.5],
			"faces": {
				"north": {"uv": [7, 5, 8, 6], "texture": "#cross"},
				"east": {"uv": [7, 5, 8, 6], "texture": "#cross"},
				"south": {"uv": [7, 5, 8, 6], "texture": "#cross"},
				"west": {"uv": [7, 5, 8, 6], "texture": "#cross"},
				"up": {"uv": [7, 5, 8, 6], "texture": "#cross"},
				"down": {"uv": [7, 5, 8, 6], "texture": "#cross"}
			}
		},
		{
			"from": [8.5, 9.5, 6.5],
			"to": [9.5, 10.5, 7.5],
			"faces": {
				"north": {"uv": [8, 5, 9, 6], "texture": "#cross"},
				"east": {"uv": [8, 5, 9, 6], "texture": "#cross"},
				"south": {"uv": [8, 5, 9, 6], "texture": "#cross"},
				"west": {"uv": [8, 5, 9, 6], "texture": "#cross"},
				"up": {"uv": [8, 5, 9, 6], "texture": "#cross"},
				"down": {"uv": [8, 5, 9, 6], "texture": "#cross"}
			}
		},
		{
			"from": [8.5, 9, 5.5],
			"to": [9.5, 10, 6.5],
			"faces": {
				"north": {"uv": [8, 4, 9, 5], "texture": "#cross"},
				"east": {"uv": [8, 4, 9, 5], "texture": "#cross"},
				"south": {"uv": [8, 4, 9, 5], "texture": "#cross"},
				"west": {"uv": [8, 4, 9, 5], "texture": "#cross"},
				"up": {"uv": [8, 4, 9, 5], "texture": "#cross"},
				"down": {"uv": [8, 4, 9, 5], "texture": "#cross"}
			}
		},
		{
			"from": [9.5, 9, 6.5],
			"to": [10.5, 10, 7.5],
			"faces": {
				"north": {"uv": [9, 5, 10, 6], "texture": "#cross"},
				"east": {"uv": [9, 5, 10, 6], "texture": "#cross"},
				"south": {"uv": [9, 5, 10, 6], "texture": "#cross"},
				"west": {"uv": [9, 5, 10, 6], "texture": "#cross"},
				"up": {"uv": [9, 5, 10, 6], "texture": "#cross"},
				"down": {"uv": [9, 5, 10, 6], "texture": "#cross"}
			}
		},
		{
			"from": [9.5, 9.25, 7.5],
			"to": [10.5, 10.25, 8.5],
			"faces": {
				"north": {"uv": [9, 6, 10, 7], "texture": "#cross"},
				"east": {"uv": [9, 6, 10, 7], "texture": "#cross"},
				"south": {"uv": [9, 6, 10, 7], "texture": "#cross"},
				"west": {"uv": [9, 6, 10, 7], "texture": "#cross"},
				"up": {"uv": [9, 6, 10, 7], "texture": "#cross"},
				"down": {"uv": [9, 6, 10, 7], "texture": "#cross"}
			}
		},
		{
			"from": [10.5, 9.5, 7.5],
			"to": [11.5, 10.5, 8.5],
			"faces": {
				"north": {"uv": [8, 4, 9, 5], "texture": "#cross"},
				"east": {"uv": [8, 4, 9, 5], "texture": "#cross"},
				"south": {"uv": [8, 4, 9, 5], "texture": "#cross"},
				"west": {"uv": [8, 4, 9, 5], "texture": "#cross"},
				"up": {"uv": [8, 4, 9, 5], "texture": "#cross"},
				"down": {"uv": [8, 4, 9, 5], "texture": "#cross"}
			}
		},
		{
			"from": [9.5, 9.5, 8.5],
			"to": [10.5, 10.5, 9.5],
			"faces": {
				"north": {"uv": [9, 6, 10, 7], "texture": "#cross"},
				"east": {"uv": [9, 6, 10, 7], "texture": "#cross"},
				"south": {"uv": [9, 6, 10, 7], "texture": "#cross"},
				"west": {"uv": [9, 6, 10, 7], "texture": "#cross"},
				"up": {"uv": [9, 6, 10, 7], "texture": "#cross"},
				"down": {"uv": [9, 6, 10, 7], "texture": "#cross"}
			}
		},
		{
			"from": [8.5, 9.25, 8.5],
			"to": [9.5, 10.25, 9.5],
			"faces": {
				"north": {"uv": [5, 6, 6, 7], "texture": "#cross"},
				"east": {"uv": [5, 6, 6, 7], "texture": "#cross"},
				"south": {"uv": [5, 6, 6, 7], "texture": "#cross"},
				"west": {"uv": [5, 6, 6, 7], "texture": "#cross"},
				"up": {"uv": [5, 6, 6, 7], "texture": "#cross"},
				"down": {"uv": [5, 6, 6, 7], "texture": "#cross"}
			}
		},
		{
			"from": [8.5, 9.5, 9.5],
			"to": [9.5, 10.5, 10.5],
			"faces": {
				"north": {"uv": [9, 6, 10, 7], "texture": "#cross"},
				"east": {"uv": [9, 6, 10, 7], "texture": "#cross"},
				"south": {"uv": [9, 6, 10, 7], "texture": "#cross"},
				"west": {"uv": [9, 6, 10, 7], "texture": "#cross"},
				"up": {"uv": [9, 6, 10, 7], "texture": "#cross"},
				"down": {"uv": [9, 6, 10, 7], "texture": "#cross"}
			}
		},
		{
			"from": [7.5, 9, 8.5],
			"to": [8.5, 10, 9.5],
			"faces": {
				"north": {"uv": [8, 5, 9, 6], "texture": "#cross"},
				"east": {"uv": [8, 5, 9, 6], "texture": "#cross"},
				"south": {"uv": [8, 5, 9, 6], "texture": "#cross"},
				"west": {"uv": [8, 5, 9, 6], "texture": "#cross"},
				"up": {"uv": [8, 5, 9, 6], "texture": "#cross"},
				"down": {"uv": [8, 5, 9, 6], "texture": "#cross"}
			}
		},
		{
			"from": [7.5, 9.5, 7.5],
			"to": [8.5, 10.5, 8.5],
			"faces": {
				"north": {"uv": [7, 6, 8, 7], "texture": "#cross"},
				"east": {"uv": [7, 6, 8, 7], "texture": "#cross"},
				"south": {"uv": [7, 6, 8, 7], "texture": "#cross"},
				"west": {"uv": [7, 6, 8, 7], "texture": "#cross"},
				"up": {"uv": [7, 6, 8, 7], "texture": "#cross"},
				"down": {"uv": [7, 6, 8, 7], "texture": "#cross"}
			}
		},
		{
			"from": [6.5, 9, 7.5],
			"to": [7.5, 10, 8.5],
			"faces": {
				"north": {"uv": [9, 6, 10, 7], "texture": "#cross"},
				"east": {"uv": [9, 6, 10, 7], "texture": "#cross"},
				"south": {"uv": [9, 6, 10, 7], "texture": "#cross"},
				"west": {"uv": [9, 6, 10, 7], "texture": "#cross"},
				"up": {"uv": [9, 6, 10, 7], "texture": "#cross"},
				"down": {"uv": [9, 6, 10, 7], "texture": "#cross"}
			}
		}
	],
	"display": {
		"thirdperson_righthand": {
			"rotation": [25, 0, 0],
			"translation": [0, 3.25, 2],
			"scale": [0.5, 0.5, 0.5]
		},
		"thirdperson_lefthand": {
			"rotation": [25, 0, 0],
			"translation": [0, 3.25, 2],
			"scale": [0.5, 0.5, 0.5]
		},
		"firstperson_righthand": {
			"rotation": [0, 0, 20],
			"translation": [1, 5, 0],
			"scale": [0.8, 0.8, 0.8]
		},
		"firstperson_lefthand": {
			"rotation": [0, 0, 20],
			"translation": [1, 5, 0],
			"scale": [0.8, 0.8, 0.8]
		},
		"ground": {
			"translation": [0, -0.75, 0],
			"scale": [0.5, 0.5, 0.5]
		},
		"gui": {
			"rotation": [30, 164, 0],
			"translation": [0, -0.75, 0]
		},
		"fixed": {
			"rotation": [-15, 0, 0],
			"translation": [0, -0.5, -2.5]
		}
	},
	"groups": [0, 1,
		{
			"name": "group",
			"origin": [0, 0, 0],
			"color": 0,
			"children": [2, 3, 4, 5]
		},
		{
			"name": "group",
			"origin": [0, 0, 0],
			"color": 0,
			"children": [6, 7, 8, 9]
		},
		{
			"name": "group",
			"origin": [0, 0, 0],
			"color": 0,
			"children": [10, 11, 12, 13, 14, 15, 16, 17, 18, 19, 20, 21, 22]
		}
	]
}