{
	"credit": "by ZiYun",
	"parent": "minecraft:block/cross",
	"textures": {
		"cross": "block/dandelion"
	},
	"elements": [
		{
			"from": [7.5, 0, 7.5],
			"to": [8.5, 5, 8.5],
			"faces": {
				"north": {"uv": [7, 11, 8, 16], "texture": "#cross"},
				"east": {"uv": [7, 11, 8, 16], "texture": "#cross"},
				"south": {"uv": [7, 11, 8, 16], "texture": "#cross"},
				"west": {"uv": [7, 11, 8, 16], "texture": "#cross"},
				"up": {"uv": [7, 11, 8, 12], "texture": "#cross"},
				"down": {"uv": [8, 11, 9, 12], "texture": "#cross"}
			}
		},
		{
			"from": [7, 2.5, 9.5],
			"to": [8, 3.5, 10.5],
			"faces": {
				"north": {"uv": [10, 13, 11, 14], "texture": "#cross"},
				"east": {"uv": [10, 13, 11, 14], "texture": "#cross"},
				"south": {"uv": [10, 13, 11, 14], "texture": "#cross"},
				"west": {"uv": [10, 13, 11, 14], "texture": "#cross"},
				"up": {"uv": [10, 13, 11, 14], "texture": "#cross"},
				"down": {"uv": [10, 13, 11, 14], "texture": "#cross"}
			}
		},
		{
			"from": [7.5, 1, 8.5],
			"to": [8.5, 3, 9.5],
			"faces": {
				"north": {"uv": [9, 13, 10, 15], "texture": "#cross"},
				"east": {"uv": [9, 13, 10, 15], "texture": "#cross"},
				"south": {"uv": [9, 13, 10, 15], "texture": "#cross"},
				"west": {"uv": [9, 13, 10, 15], "texture": "#cross"},
				"up": {"uv": [9, 13, 10, 14], "texture": "#cross"},
				"down": {"uv": [9, 14, 10, 15], "texture": "#cross"}
			}
		},
		{
			"from": [9.5, 2, 8],
			"to": [10.5, 3, 9],
			"faces": {
				"north": {"uv": [10, 13, 11, 14], "texture": "#cross"},
				"east": {"uv": [10, 13, 11, 14], "texture": "#cross"},
				"south": {"uv": [10, 13, 11, 14], "texture": "#cross"},
				"west": {"uv": [10, 13, 11, 14], "texture": "#cross"},
				"up": {"uv": [10, 13, 11, 14], "rotation": 270, "texture": "#cross"},
				"down": {"uv": [10, 13, 11, 14], "rotation": 90, "texture": "#cross"}
			}
		},
		{
			"from": [8.5, 0.5, 7.5],
			"to": [9.5, 2.5, 8.5],
			"faces": {
				"north": {"uv": [9, 13, 10, 15], "texture": "#cross"},
				"east": {"uv": [9, 13, 10, 15], "texture": "#cross"},
				"south": {"uv": [9, 13, 10, 15], "texture": "#cross"},
				"west": {"uv": [9, 13, 10, 15], "texture": "#cross"},
				"up": {"uv": [9, 13, 10, 14], "rotation": 270, "texture": "#cross"},
				"down": {"uv": [9, 14, 10, 15], "rotation": 90, "texture": "#cross"}
			}
		},
		{
			"from": [8, 3, 5.5],
			"to": [9, 4, 6.5],
			"faces": {
				"north": {"uv": [10, 13, 11, 14], "texture": "#cross"},
				"east": {"uv": [10, 13, 11, 14], "texture": "#cross"},
				"south": {"uv": [10, 13, 11, 14], "texture": "#cross"},
				"west": {"uv": [10, 13, 11, 14], "texture": "#cross"},
				"up": {"uv": [10, 13, 11, 14], "rotation": 180, "texture": "#cross"},
				"down": {"uv": [10, 13, 11, 14], "rotation": 180, "texture": "#cross"}
			}
		},
		{
			"from": [7.5, 1.5, 6.5],
			"to": [8.5, 3.5, 7.5],
			"faces": {
				"north": {"uv": [9, 13, 10, 15], "texture": "#cross"},
				"east": {"uv": [9, 13, 10, 15], "texture": "#cross"},
				"south": {"uv": [9, 13, 10, 15], "texture": "#cross"},
				"west": {"uv": [9, 13, 10, 15], "texture": "#cross"},
				"up": {"uv": [9, 13, 10, 14], "rotation": 180, "texture": "#cross"},
				"down": {"uv": [9, 14, 10, 15], "rotation": 180, "texture": "#cross"}
			}
		},
		{
			"from": [5.5, 3.5, 7],
			"to": [6.5, 4.5, 8],
			"faces": {
				"north": {"uv": [10, 13, 11, 14], "texture": "#cross"},
				"east": {"uv": [10, 13, 11, 14], "texture": "#cross"},
				"south": {"uv": [10, 13, 11, 14], "texture": "#cross"},
				"west": {"uv": [10, 13, 11, 14], "texture": "#cross"},
				"up": {"uv": [10, 13, 11, 14], "rotation": 90, "texture": "#cross"},
				"down": {"uv": [10, 13, 11, 14], "rotation": 270, "texture": "#cross"}
			}
		},
		{
			"from": [6.5, 2, 7.5],
			"to": [7.5, 4, 8.5],
			"faces": {
				"north": {"uv": [9, 13, 10, 15], "texture": "#cross"},
				"east": {"uv": [9, 13, 10, 15], "texture": "#cross"},
				"south": {"uv": [9, 13, 10, 15], "texture": "#cross"},
				"west": {"uv": [9, 13, 10, 15], "texture": "#cross"},
				"up": {"uv": [9, 13, 10, 14], "rotation": 90, "texture": "#cross"},
				"down": {"uv": [9, 14, 10, 15], "rotation": 270, "texture": "#cross"}
			}
		},
		{
			"from": [7.5, 6, 7.5],
			"to": [8.5, 7, 8.5],
			"faces": {
				"north": {"uv": [8, 8, 9, 9], "texture": "#cross"},
				"east": {"uv": [8, 8, 9, 9], "texture": "#cross"},
				"south": {"uv": [8, 8, 9, 9], "texture": "#cross"},
				"west": {"uv": [8, 8, 9, 9], "texture": "#cross"},
				"up": {"uv": [8, 8, 9, 9], "texture": "#cross"},
				"down": {"uv": [8, 8, 9, 9], "texture": "#cross"}
			}
		},
		{
			"from": [7.5, 7, 6.5],
			"to": [8.5, 8, 7.5],
			"faces": {
				"north": {"uv": [9, 8, 10, 9], "texture": "#cross"},
				"east": {"uv": [9, 8, 10, 9], "texture": "#cross"},
				"south": {"uv": [9, 8, 10, 9], "texture": "#cross"},
				"west": {"uv": [9, 8, 10, 9], "texture": "#cross"},
				"up": {"uv": [9, 8, 10, 9], "texture": "#cross"},
				"down": {"uv": [9, 8, 10, 9], "texture": "#cross"}
			}
		},
		{
			"from": [7.5, 7, 8.5],
			"to": [8.5, 8, 9.5],
			"faces": {
				"north": {"uv": [9, 8, 10, 9], "texture": "#cross"},
				"east": {"uv": [9, 8, 10, 9], "texture": "#cross"},
				"south": {"uv": [9, 8, 10, 9], "texture": "#cross"},
				"west": {"uv": [9, 8, 10, 9], "texture": "#cross"},
				"up": {"uv": [9, 8, 10, 9], "texture": "#cross"},
				"down": {"uv": [9, 8, 10, 9], "texture": "#cross"}
			}
		},
		{
			"from": [8.5, 6, 8.5],
			"to": [9.5, 7, 9.5],
			"faces": {
				"north": {"uv": [9, 8, 10, 9], "texture": "#cross"},
				"east": {"uv": [9, 8, 10, 9], "texture": "#cross"},
				"south": {"uv": [9, 8, 10, 9], "texture": "#cross"},
				"west": {"uv": [9, 8, 10, 9], "texture": "#cross"},
				"up": {"uv": [9, 8, 10, 9], "texture": "#cross"},
				"down": {"uv": [9, 8, 10, 9], "texture": "#cross"}
			}
		},
		{
			"from": [8.5, 6, 6.5],
			"to": [9.5, 7, 7.5],
			"faces": {
				"north": {"uv": [9, 8, 10, 9], "texture": "#cross"},
				"east": {"uv": [9, 8, 10, 9], "texture": "#cross"},
				"south": {"uv": [9, 8, 10, 9], "texture": "#cross"},
				"west": {"uv": [9, 8, 10, 9], "texture": "#cross"},
				"up": {"uv": [9, 8, 10, 9], "texture": "#cross"},
				"down": {"uv": [9, 8, 10, 9], "texture": "#cross"}
			}
		},
		{
			"from": [7.5, 5, 6.5],
			"to": [8.5, 6, 7.5],
			"faces": {
				"north": {"uv": [9, 8, 10, 9], "texture": "#cross"},
				"east": {"uv": [9, 8, 10, 9], "texture": "#cross"},
				"south": {"uv": [9, 8, 10, 9], "texture": "#cross"},
				"west": {"uv": [9, 8, 10, 9], "texture": "#cross"},
				"up": {"uv": [9, 8, 10, 9], "texture": "#cross"},
				"down": {"uv": [9, 8, 10, 9], "texture": "#cross"}
			}
		},
		{
			"from": [7.5, 5, 8.5],
			"to": [8.5, 6, 9.5],
			"faces": {
				"north": {"uv": [9, 8, 10, 9], "texture": "#cross"},
				"east": {"uv": [9, 8, 10, 9], "texture": "#cross"},
				"south": {"uv": [9, 8, 10, 9], "texture": "#cross"},
				"west": {"uv": [9, 8, 10, 9], "texture": "#cross"},
				"up": {"uv": [9, 8, 10, 9], "texture": "#cross"},
				"down": {"uv": [9, 8, 10, 9], "texture": "#cross"}
			}
		},
		{
			"from": [6.5, 6, 8.5],
			"to": [7.5, 7, 9.5],
			"faces": {
				"north": {"uv": [9, 8, 10, 9], "texture": "#cross"},
				"east": {"uv": [9, 8, 10, 9], "texture": "#cross"},
				"south": {"uv": [9, 8, 10, 9], "texture": "#cross"},
				"west": {"uv": [9, 8, 10, 9], "texture": "#cross"},
				"up": {"uv": [9, 8, 10, 9], "texture": "#cross"},
				"down": {"uv": [9, 8, 10, 9], "texture": "#cross"}
			}
		},
		{
			"from": [6.5, 6, 6.5],
			"to": [7.5, 7, 7.5],
			"faces": {
				"north": {"uv": [9, 8, 10, 9], "texture": "#cross"},
				"east": {"uv": [9, 8, 10, 9], "texture": "#cross"},
				"south": {"uv": [9, 8, 10, 9], "texture": "#cross"},
				"west": {"uv": [9, 8, 10, 9], "texture": "#cross"},
				"up": {"uv": [9, 8, 10, 9], "texture": "#cross"},
				"down": {"uv": [9, 8, 10, 9], "texture": "#cross"}
			}
		},
		{
			"from": [6.5, 7, 7.5],
			"to": [7.5, 8, 8.5],
			"faces": {
				"north": {"uv": [9, 8, 10, 9], "texture": "#cross"},
				"east": {"uv": [9, 8, 10, 9], "texture": "#cross"},
				"south": {"uv": [9, 8, 10, 9], "texture": "#cross"},
				"west": {"uv": [9, 8, 10, 9], "texture": "#cross"},
				"up": {"uv": [9, 8, 10, 9], "texture": "#cross"},
				"down": {"uv": [9, 8, 10, 9], "texture": "#cross"}
			}
		},
		{
			"from": [6.5, 5, 7.5],
			"to": [7.5, 6, 8.5],
			"faces": {
				"north": {"uv": [9, 8, 10, 9], "texture": "#cross"},
				"east": {"uv": [9, 8, 10, 9], "texture": "#cross"},
				"south": {"uv": [9, 8, 10, 9], "texture": "#cross"},
				"west": {"uv": [9, 8, 10, 9], "texture": "#cross"},
				"up": {"uv": [9, 8, 10, 9], "texture": "#cross"},
				"down": {"uv": [9, 8, 10, 9], "texture": "#cross"}
			}
		},
		{
			"from": [8.5, 5, 7.5],
			"to": [9.5, 6, 8.5],
			"faces": {
				"north": {"uv": [9, 8, 10, 9], "texture": "#cross"},
				"east": {"uv": [9, 8, 10, 9], "texture": "#cross"},
				"south": {"uv": [9, 8, 10, 9], "texture": "#cross"},
				"west": {"uv": [9, 8, 10, 9], "texture": "#cross"},
				"up": {"uv": [9, 8, 10, 9], "texture": "#cross"},
				"down": {"uv": [9, 8, 10, 9], "texture": "#cross"}
			}
		},
		{
			"from": [8.5, 7, 7.5],
			"to": [9.5, 8, 8.5],
			"faces": {
				"north": {"uv": [9, 8, 10, 9], "texture": "#cross"},
				"east": {"uv": [9, 8, 10, 9], "texture": "#cross"},
				"south": {"uv": [9, 8, 10, 9], "texture": "#cross"},
				"west": {"uv": [9, 8, 10, 9], "texture": "#cross"},
				"up": {"uv": [9, 8, 10, 9], "texture": "#cross"},
				"down": {"uv": [9, 8, 10, 9], "texture": "#cross"}
			}
		}
	],
	"display": {
		"thirdperson_righthand": {
			"rotation": [15, 0, 0],
			"translation": [0, 3.75, 1.5],
			"scale": [0.5, 0.5, 0.5]
		},
		"thirdperson_lefthand": {
			"rotation": [15, 0, 0],
			"translation": [0, 3.75, 1.5],
			"scale": [0.5, 0.5, 0.5]
		},
		"firstperson_righthand": {
			"rotation": [0, 0, 15],
			"translation": [0.75, 6.5, 0]
		},
		"firstperson_lefthand": {
			"rotation": [0, 0, 15],
			"translation": [0.75, 6.5, 0]
		},
		"ground": {
			"translation": [0, 2, 0],
			"scale": [0.8, 0.8, 0.8]
		},
		"gui": {
			"rotation": [30, 225, 0],
			"translation": [0, -0.75, 0]
		},
		"head": {
			"rotation": [0, 180, 0],
			"translation": [0, 13, 7]
		},
		"fixed": {
			"rotation": [-10, 0, 0],
			"translation": [0, 0, -1.75]
		}
	},
	"groups": [0,
		{
			"name": "group",
			"origin": [0, 0, 0],
			"color": 0,
			"children": [1, 2]
		},
		{
			"name": "group",
			"origin": [0, 0, 0],
			"color": 0,
			"children": [3, 4]
		},
		{
			"name": "group",
			"origin": [0, 0, 0],
			"color": 0,
			"children": [5, 6]
		},
		{
			"name": "group",
			"origin": [0, 0, 0],
			"color": 0,
			"children": [7, 8]
		}, 9, 10, 11, 12, 13, 14, 15, 16, 17, 18, 19, 20, 21]
}