{
	"credit": "by ZiYun",
	"ambientocclusion": false,
	"textures": {
		"particle": "block/flower_pot",
		"flowerpot": "block/flower_pot",
		"dirt": "block/dirt"
	},
	"elements": [
		{
			"from": [6, 0, 5.002],
			"to": [9.9998, 6, 6],
			"faces": {
				"north": {"uv": [6.01, 10.01, 9.99, 15.99], "texture": "#flowerpot"},
				"east": {"uv": [0, 0, 0, 0], "texture": "#flowerpot"},
				"south": {"uv": [9.99, 10.01, 6.01, 15.99], "texture": "#flowerpot"},
				"west": {"uv": [0, 0, 0, 0], "texture": "#flowerpot"},
				"up": {"uv": [6.01, 10.01, 9.99, 10.99], "rotation": 180, "texture": "#flowerpot"},
				"down": {"uv": [6.01, 15.01, 9.99, 15.99], "rotation": 180, "texture": "#flowerpot", "cullface": "down"}
			}
		},
		{
			"from": [10, 0, 5.002],
			"to": [10.998, 6, 10.998],
			"faces": {
				"north": {"uv": [10.01, 10.01, 10.99, 15.99], "texture": "#flowerpot"},
				"east": {"uv": [5.01, 10.01, 10.99, 15.99], "texture": "#flowerpot"},
				"south": {"uv": [5.01, 10.01, 5.99, 15.99], "texture": "#flowerpot"},
				"west": {"uv": [10.99, 10.01, 5.01, 15.99], "texture": "#flowerpot"},
				"up": {"uv": [5.01, 10.01, 10.99, 10.99], "rotation": 270, "texture": "#flowerpot"},
				"down": {"uv": [5.01, 15.01, 10.99, 15.99], "rotation": 90, "texture": "#flowerpot", "cullface": "down"}
			}
		},
		{
			"from": [6, 0, 10],
			"to": [9.9998, 6, 10.998],
			"faces": {
				"north": {"uv": [9.99, 10.01, 6.01, 15.99], "texture": "#flowerpot"},
				"east": {"uv": [0, 0, 0, 0], "texture": "#flowerpot"},
				"south": {"uv": [6.01, 10.01, 9.99, 15.99], "texture": "#flowerpot"},
				"west": {"uv": [0, 0, 0, 0], "texture": "#flowerpot"},
				"up": {"uv": [6.01, 10.01, 9.99, 10.99], "texture": "#flowerpot"},
				"down": {"uv": [6.01, 15.01, 9.99, 15.99], "texture": "#flowerpot", "cullface": "down"}
			}
		},
		{
			"from": [5.002, 0, 5.002],
			"to": [6, 6, 10.998],
			"faces": {
				"north": {"uv": [5.01, 10.01, 5.99, 15.99], "texture": "#flowerpot"},
				"east": {"uv": [10.99, 10.01, 5.01, 15.99], "texture": "#flowerpot"},
				"south": {"uv": [10.01, 10.01, 10.99, 15.99], "texture": "#flowerpot"},
				"west": {"uv": [5.01, 10.01, 10.99, 15.99], "texture": "#flowerpot"},
				"up": {"uv": [5.01, 10.01, 10.99, 10.99], "rotation": 90, "texture": "#flowerpot"},
				"down": {"uv": [5.01, 15.01, 10.99, 15.99], "rotation": 270, "texture": "#flowerpot", "cullface": "down"}
			}
		},
		{
			"from": [6, 1, 6],
			"to": [10, 1, 10],
			"faces": {
				"north": {"uv": [0, 0, 0, 0], "texture": "#flowerpot"},
				"east": {"uv": [0, 0, 0, 0], "texture": "#flowerpot"},
				"south": {"uv": [0, 0, 0, 0], "texture": "#flowerpot"},
				"west": {"uv": [0, 0, 0, 0], "texture": "#flowerpot"},
				"up": {"uv": [0, 0, 0, 0], "texture": "#flowerpot"},
				"down": {"uv": [6, 12, 10, 16], "texture": "#flowerpot", "cullface": "down"}
			}
		},
		{
			"from": [6, 5, 6],
			"to": [10, 5, 10],
			"faces": {
				"north": {"uv": [3, 3, 3, 3], "texture": "#flowerpot"},
				"east": {"uv": [0, 0, 0, 0], "texture": "#flowerpot"},
				"south": {"uv": [0, 0, 0, 0], "texture": "#flowerpot"},
				"west": {"uv": [0, 0, 0, 0], "texture": "#flowerpot"},
				"up": {"uv": [6, 6.5, 10, 10.5], "texture": "#dirt"},
				"down": {"uv": [6, 6.5, 10, 10.5], "texture": "#dirt"}
			}
		}
	],
	"display": {
		"thirdperson_righthand": {
			"rotation": [37, 0, 0],
			"translation": [0, 3.75, 2],
			"scale": [0.5, 0.5, 0.5]
		},
		"thirdperson_lefthand": {
			"rotation": [37, 0, 0],
			"translation": [0, 3.75, 2],
			"scale": [0.5, 0.5, 0.5]
		},
		"firstperson_righthand": {
			"rotation": [0, -1, 11],
			"translation": [1.5, 4, 0],
			"scale": [0.5, 0.5, 0.5]
		},
		"firstperson_lefthand": {
			"rotation": [0, -1, 11],
			"translation": [1.5, 4, 0],
			"scale": [0.5, 0.5, 0.5]
		},
		"ground": {
			"translation": [0, 2, 0],
			"scale": [0.8, 0.8, 0.8]
		},
		"gui": {
			"rotation": [35, -40, 0],
			"translation": [0, 3.25, 0],
			"scale": [1.25, 1.25, 1.25]
		}
	}
}