{
	"credit": "by ZiYun",
	"parent": "minecraft:block/cross",
	"textures": {
		"cross": "block/lily_of_the_valley"
	},
	"elements": [
		{
			"from": [8.5, 7, 8.5],
			"to": [9.5, 8, 9.5],
			"faces": {
				"north": {"uv": [7, 8, 8, 9], "texture": "#cross"},
				"east": {"uv": [7, 8, 8, 9], "texture": "#cross"},
				"south": {"uv": [7, 8, 8, 9], "texture": "#cross"},
				"west": {"uv": [7, 8, 8, 9], "texture": "#cross"},
				"up": {"uv": [7, 8, 8, 9], "rotation": 180, "texture": "#cross"},
				"down": {"uv": [7, 8, 8, 9], "rotation": 180, "texture": "#cross"}
			}
		},
		{
			"from": [9.5, 8, 9],
			"to": [10.5, 9, 10],
			"faces": {
				"north": {"uv": [6, 4, 7, 5], "texture": "#cross"},
				"east": {"uv": [6, 4, 7, 5], "texture": "#cross"},
				"south": {"uv": [6, 4, 7, 5], "texture": "#cross"},
				"west": {"uv": [6, 4, 7, 5], "texture": "#cross"},
				"up": {"uv": [6, 4, 7, 5], "rotation": 180, "texture": "#cross"},
				"down": {"uv": [6, 4, 7, 5], "rotation": 180, "texture": "#cross"}
			}
		},
		{
			"from": [10, 8, 10],
			"to": [11, 9, 11],
			"faces": {
				"north": {"uv": [7, 8, 8, 9], "texture": "#cross"},
				"east": {"uv": [7, 8, 8, 9], "texture": "#cross"},
				"south": {"uv": [7, 8, 8, 9], "texture": "#cross"},
				"west": {"uv": [7, 8, 8, 9], "texture": "#cross"},
				"up": {"uv": [7, 8, 8, 9], "rotation": 180, "texture": "#cross"},
				"down": {"uv": [7, 8, 8, 9], "rotation": 180, "texture": "#cross"}
			}
		},
		{
			"from": [10.5, 7, 10],
			"to": [11.5, 8, 11],
			"faces": {
				"north": {"uv": [4, 5, 5, 6], "texture": "#cross"},
				"east": {"uv": [4, 5, 5, 6], "texture": "#cross"},
				"south": {"uv": [4, 5, 5, 6], "texture": "#cross"},
				"west": {"uv": [4, 5, 5, 6], "texture": "#cross"},
				"up": {"uv": [4, 5, 5, 6], "rotation": 180, "texture": "#cross"},
				"down": {"uv": [4, 5, 5, 6], "rotation": 180, "texture": "#cross"}
			}
		},
		{
			"from": [9.5, 6, 9.5],
			"to": [10.5, 7, 10.5],
			"faces": {
				"north": {"uv": [3, 5, 4, 6], "texture": "#cross"},
				"east": {"uv": [3, 5, 4, 6], "texture": "#cross"},
				"south": {"uv": [3, 5, 4, 6], "texture": "#cross"},
				"west": {"uv": [3, 5, 4, 6], "texture": "#cross"},
				"up": {"uv": [3, 5, 4, 6], "rotation": 180, "texture": "#cross"},
				"down": {"uv": [3, 5, 4, 6], "rotation": 180, "texture": "#cross"}
			}
		},
		{
			"from": [10, 7, 10.5],
			"to": [11, 8, 11.5],
			"faces": {
				"north": {"uv": [3, 5, 4, 6], "texture": "#cross"},
				"east": {"uv": [3, 5, 4, 6], "texture": "#cross"},
				"south": {"uv": [3, 5, 4, 6], "texture": "#cross"},
				"west": {"uv": [3, 5, 4, 6], "texture": "#cross"},
				"up": {"uv": [3, 5, 4, 6], "rotation": 180, "texture": "#cross"},
				"down": {"uv": [3, 5, 4, 6], "rotation": 180, "texture": "#cross"}
			}
		},
		{
			"from": [6.5, 9, 9.5],
			"to": [7.5, 10, 10.5],
			"faces": {
				"north": {"uv": [6, 6, 7, 7], "texture": "#cross"},
				"east": {"uv": [6, 6, 7, 7], "texture": "#cross"},
				"south": {"uv": [6, 6, 7, 7], "texture": "#cross"},
				"west": {"uv": [6, 6, 7, 7], "texture": "#cross"},
				"up": {"uv": [6, 6, 7, 7], "rotation": 180, "texture": "#cross"},
				"down": {"uv": [6, 6, 7, 7], "rotation": 180, "texture": "#cross"}
			}
		},
		{
			"from": [6, 8, 10.5],
			"to": [7, 9, 11.5],
			"faces": {
				"north": {"uv": [4, 5, 5, 6], "texture": "#cross"},
				"east": {"uv": [4, 5, 5, 6], "texture": "#cross"},
				"south": {"uv": [4, 5, 5, 6], "texture": "#cross"},
				"west": {"uv": [4, 5, 5, 6], "texture": "#cross"},
				"up": {"uv": [4, 5, 5, 6], "rotation": 180, "texture": "#cross"},
				"down": {"uv": [4, 5, 5, 6], "rotation": 180, "texture": "#cross"}
			}
		},
		{
			"from": [6.5, 7, 9.5],
			"to": [7.5, 8, 10.5],
			"faces": {
				"north": {"uv": [3, 5, 4, 6], "texture": "#cross"},
				"east": {"uv": [3, 5, 4, 6], "texture": "#cross"},
				"south": {"uv": [3, 5, 4, 6], "texture": "#cross"},
				"west": {"uv": [3, 5, 4, 6], "texture": "#cross"},
				"up": {"uv": [3, 5, 4, 6], "rotation": 180, "texture": "#cross"},
				"down": {"uv": [3, 5, 4, 6], "rotation": 180, "texture": "#cross"}
			}
		},
		{
			"from": [7, 8, 10],
			"to": [8, 9, 11],
			"faces": {
				"north": {"uv": [3, 5, 4, 6], "texture": "#cross"},
				"east": {"uv": [3, 5, 4, 6], "texture": "#cross"},
				"south": {"uv": [3, 5, 4, 6], "texture": "#cross"},
				"west": {"uv": [3, 5, 4, 6], "texture": "#cross"},
				"up": {"uv": [3, 5, 4, 6], "rotation": 180, "texture": "#cross"},
				"down": {"uv": [3, 5, 4, 6], "rotation": 180, "texture": "#cross"}
			}
		},
		{
			"from": [7, 10, 8.5],
			"to": [8, 11, 9.5],
			"faces": {
				"north": {"uv": [7, 5, 8, 6], "texture": "#cross"},
				"east": {"uv": [7, 5, 8, 6], "texture": "#cross"},
				"south": {"uv": [7, 5, 8, 6], "texture": "#cross"},
				"west": {"uv": [7, 5, 8, 6], "texture": "#cross"},
				"up": {"uv": [7, 5, 8, 6], "rotation": 180, "texture": "#cross"},
				"down": {"uv": [7, 5, 8, 6], "rotation": 180, "texture": "#cross"}
			}
		},
		{
			"from": [7.5, 11, 9.5],
			"to": [8.5, 12, 10.5],
			"faces": {
				"north": {"uv": [6, 4, 7, 5], "texture": "#cross"},
				"east": {"uv": [6, 4, 7, 5], "texture": "#cross"},
				"south": {"uv": [6, 4, 7, 5], "texture": "#cross"},
				"west": {"uv": [6, 4, 7, 5], "texture": "#cross"},
				"up": {"uv": [6, 4, 7, 5], "rotation": 180, "texture": "#cross"},
				"down": {"uv": [6, 4, 7, 5], "rotation": 180, "texture": "#cross"}
			}
		},
		{
			"from": [8, 11, 10.5],
			"to": [9, 12, 12.5],
			"faces": {
				"north": {"uv": [5, 4, 6, 5], "rotation": 270, "texture": "#cross"},
				"east": {"uv": [4, 4, 6, 5], "texture": "#cross"},
				"south": {"uv": [4, 4, 5, 5], "rotation": 90, "texture": "#cross"},
				"west": {"uv": [4, 4, 6, 5], "texture": "#cross"},
				"up": {"uv": [4, 4, 6, 5], "rotation": 180, "texture": "#cross"},
				"down": {"uv": [4, 4, 6, 5], "rotation": 180, "texture": "#cross"}
			}
		},
		{
			"from": [7.5, 10, 12.5],
			"to": [8.5, 11, 13.5],
			"faces": {
				"north": {"uv": [4, 5, 5, 6], "texture": "#cross"},
				"east": {"uv": [4, 5, 5, 6], "texture": "#cross"},
				"south": {"uv": [4, 5, 5, 6], "texture": "#cross"},
				"west": {"uv": [4, 5, 5, 6], "texture": "#cross"},
				"up": {"uv": [4, 5, 5, 6], "rotation": 180, "texture": "#cross"},
				"down": {"uv": [4, 5, 5, 6], "rotation": 180, "texture": "#cross"}
			}
		},
		{
			"from": [8, 9, 11.5],
			"to": [9, 10, 12.5],
			"faces": {
				"north": {"uv": [3, 5, 4, 6], "texture": "#cross"},
				"east": {"uv": [3, 5, 4, 6], "texture": "#cross"},
				"south": {"uv": [3, 5, 4, 6], "texture": "#cross"},
				"west": {"uv": [3, 5, 4, 6], "texture": "#cross"},
				"up": {"uv": [3, 5, 4, 6], "rotation": 180, "texture": "#cross"},
				"down": {"uv": [3, 5, 4, 6], "rotation": 180, "texture": "#cross"}
			}
		},
		{
			"from": [8.5, 10, 12],
			"to": [9.5, 11, 13],
			"faces": {
				"north": {"uv": [3, 5, 4, 6], "texture": "#cross"},
				"east": {"uv": [3, 5, 4, 6], "texture": "#cross"},
				"south": {"uv": [3, 5, 4, 6], "texture": "#cross"},
				"west": {"uv": [3, 5, 4, 6], "texture": "#cross"},
				"up": {"uv": [3, 5, 4, 6], "rotation": 180, "texture": "#cross"},
				"down": {"uv": [3, 5, 4, 6], "rotation": 180, "texture": "#cross"}
			}
		},
		{
			"from": [9.5, 9, 6.5],
			"to": [10.5, 10, 7.5],
			"faces": {
				"north": {"uv": [6, 6, 7, 7], "texture": "#cross"},
				"east": {"uv": [6, 6, 7, 7], "texture": "#cross"},
				"south": {"uv": [6, 6, 7, 7], "texture": "#cross"},
				"west": {"uv": [6, 6, 7, 7], "texture": "#cross"},
				"up": {"uv": [6, 6, 7, 7], "rotation": 180, "texture": "#cross"},
				"down": {"uv": [6, 6, 7, 7], "rotation": 180, "texture": "#cross"}
			}
		},
		{
			"from": [10.5, 8, 7],
			"to": [11.5, 9, 8],
			"faces": {
				"north": {"uv": [4, 5, 5, 6], "texture": "#cross"},
				"east": {"uv": [4, 5, 5, 6], "texture": "#cross"},
				"south": {"uv": [4, 5, 5, 6], "texture": "#cross"},
				"west": {"uv": [4, 5, 5, 6], "texture": "#cross"},
				"up": {"uv": [4, 5, 5, 6], "rotation": 180, "texture": "#cross"},
				"down": {"uv": [4, 5, 5, 6], "rotation": 180, "texture": "#cross"}
			}
		},
		{
			"from": [9.5, 7, 6.5],
			"to": [10.5, 8, 7.5],
			"faces": {
				"north": {"uv": [3, 5, 4, 6], "texture": "#cross"},
				"east": {"uv": [3, 5, 4, 6], "texture": "#cross"},
				"south": {"uv": [3, 5, 4, 6], "texture": "#cross"},
				"west": {"uv": [3, 5, 4, 6], "texture": "#cross"},
				"up": {"uv": [3, 5, 4, 6], "rotation": 180, "texture": "#cross"},
				"down": {"uv": [3, 5, 4, 6], "rotation": 180, "texture": "#cross"}
			}
		},
		{
			"from": [10, 8, 6],
			"to": [11, 9, 7],
			"faces": {
				"north": {"uv": [3, 5, 4, 6], "texture": "#cross"},
				"east": {"uv": [3, 5, 4, 6], "texture": "#cross"},
				"south": {"uv": [3, 5, 4, 6], "texture": "#cross"},
				"west": {"uv": [3, 5, 4, 6], "texture": "#cross"},
				"up": {"uv": [3, 5, 4, 6], "rotation": 180, "texture": "#cross"},
				"down": {"uv": [3, 5, 4, 6], "rotation": 180, "texture": "#cross"}
			}
		},
		{
			"from": [8.5, 10, 7],
			"to": [9.5, 11, 8],
			"faces": {
				"north": {"uv": [7, 5, 8, 6], "texture": "#cross"},
				"east": {"uv": [7, 5, 8, 6], "texture": "#cross"},
				"south": {"uv": [7, 5, 8, 6], "texture": "#cross"},
				"west": {"uv": [7, 5, 8, 6], "texture": "#cross"},
				"up": {"uv": [7, 5, 8, 6], "rotation": 180, "texture": "#cross"},
				"down": {"uv": [7, 5, 8, 6], "rotation": 180, "texture": "#cross"}
			}
		},
		{
			"from": [9.5, 11, 7.5],
			"to": [10.5, 12, 8.5],
			"faces": {
				"north": {"uv": [6, 4, 7, 5], "texture": "#cross"},
				"east": {"uv": [6, 4, 7, 5], "texture": "#cross"},
				"south": {"uv": [6, 4, 7, 5], "texture": "#cross"},
				"west": {"uv": [6, 4, 7, 5], "texture": "#cross"},
				"up": {"uv": [6, 4, 7, 5], "rotation": 180, "texture": "#cross"},
				"down": {"uv": [6, 4, 7, 5], "rotation": 180, "texture": "#cross"}
			}
		},
		{
			"from": [10.5, 11, 8],
			"to": [12.5, 12, 9],
			"faces": {
				"north": {"uv": [4, 4, 6, 5], "texture": "#cross"},
				"east": {"uv": [4, 4, 5, 5], "texture": "#cross"},
				"south": {"uv": [4, 4, 6, 5], "rotation": 180, "texture": "#cross"},
				"west": {"uv": [5, 4, 6, 5], "texture": "#cross"},
				"up": {"uv": [4, 4, 6, 5], "rotation": 180, "texture": "#cross"},
				"down": {"uv": [4, 4, 6, 5], "rotation": 180, "texture": "#cross"}
			}
		},
		{
			"from": [12.5, 10, 8.5],
			"to": [13.5, 11, 9.5],
			"faces": {
				"north": {"uv": [4, 5, 5, 6], "texture": "#cross"},
				"east": {"uv": [4, 5, 5, 6], "texture": "#cross"},
				"south": {"uv": [4, 5, 5, 6], "texture": "#cross"},
				"west": {"uv": [4, 5, 5, 6], "texture": "#cross"},
				"up": {"uv": [4, 5, 5, 6], "rotation": 180, "texture": "#cross"},
				"down": {"uv": [4, 5, 5, 6], "rotation": 180, "texture": "#cross"}
			}
		},
		{
			"from": [11.5, 9, 8],
			"to": [12.5, 10, 9],
			"faces": {
				"north": {"uv": [3, 5, 4, 6], "texture": "#cross"},
				"east": {"uv": [3, 5, 4, 6], "texture": "#cross"},
				"south": {"uv": [3, 5, 4, 6], "texture": "#cross"},
				"west": {"uv": [3, 5, 4, 6], "texture": "#cross"},
				"up": {"uv": [3, 5, 4, 6], "rotation": 180, "texture": "#cross"},
				"down": {"uv": [3, 5, 4, 6], "rotation": 180, "texture": "#cross"}
			}
		},
		{
			"from": [12, 10, 7.5],
			"to": [13, 11, 8.5],
			"faces": {
				"north": {"uv": [3, 5, 4, 6], "texture": "#cross"},
				"east": {"uv": [3, 5, 4, 6], "texture": "#cross"},
				"south": {"uv": [3, 5, 4, 6], "texture": "#cross"},
				"west": {"uv": [3, 5, 4, 6], "texture": "#cross"},
				"up": {"uv": [3, 5, 4, 6], "rotation": 180, "texture": "#cross"},
				"down": {"uv": [3, 5, 4, 6], "rotation": 180, "texture": "#cross"}
			}
		},
		{
			"from": [7.5, 0, 7.5],
			"to": [8.5, 10, 8.5],
			"faces": {
				"north": {"uv": [8, 6, 9, 16], "texture": "#cross"},
				"east": {"uv": [8, 6, 9, 16], "texture": "#cross"},
				"south": {"uv": [8, 6, 9, 16], "texture": "#cross"},
				"west": {"uv": [8, 6, 9, 16], "texture": "#cross"},
				"up": {"uv": [8, 6, 9, 7], "rotation": 180, "texture": "#cross"},
				"down": {"uv": [0, 0, 0, 0], "rotation": 180, "texture": "#cross"}
			}
		},
		{
			"from": [7.5, 3.5, 6.5],
			"to": [8.5, 6.5, 7.5],
			"faces": {
				"north": {"uv": [9, 9, 10, 12], "texture": "#cross"},
				"east": {"uv": [9, 9, 10, 12], "texture": "#cross"},
				"south": {"uv": [0, 0, 0, 0], "texture": "#cross"},
				"west": {"uv": [9, 9, 10, 12], "texture": "#cross"},
				"up": {"uv": [9, 9, 10, 10], "rotation": 180, "texture": "#cross"},
				"down": {"uv": [9, 11, 10, 12], "rotation": 180, "texture": "#cross"}
			}
		},
		{
			"from": [8, 2.5, 5.5],
			"to": [9, 6.5, 6.5],
			"faces": {
				"north": {"uv": [10, 10, 11, 14], "texture": "#cross"},
				"east": {"uv": [10, 10, 11, 14], "texture": "#cross"},
				"south": {"uv": [10, 10, 11, 14], "texture": "#cross"},
				"west": {"uv": [10, 10, 11, 14], "texture": "#cross"},
				"up": {"uv": [10, 10, 11, 11], "rotation": 180, "texture": "#cross"},
				"down": {"uv": [10, 13, 11, 14], "rotation": 180, "texture": "#cross"}
			}
		},
		{
			"from": [7.5, 3, 4.5],
			"to": [8.5, 8, 5.5],
			"faces": {
				"north": {"uv": [11, 8, 12, 13], "texture": "#cross"},
				"east": {"uv": [11, 8, 12, 13], "texture": "#cross"},
				"south": {"uv": [11, 8, 12, 13], "texture": "#cross"},
				"west": {"uv": [11, 8, 12, 13], "texture": "#cross"},
				"up": {"uv": [11, 8, 12, 9], "rotation": 180, "texture": "#cross"},
				"down": {"uv": [11, 12, 12, 13], "rotation": 180, "texture": "#cross"}
			}
		},
		{
			"from": [7.5, 4, 3.5],
			"to": [8.5, 5, 4.5],
			"faces": {
				"north": {"uv": [12, 11, 13, 12], "texture": "#cross"},
				"east": {"uv": [12, 11, 13, 12], "texture": "#cross"},
				"south": {"uv": [12, 11, 13, 12], "texture": "#cross"},
				"west": {"uv": [12, 11, 13, 12], "texture": "#cross"},
				"up": {"uv": [12, 11, 13, 12], "rotation": 180, "texture": "#cross"},
				"down": {"uv": [12, 11, 13, 12], "rotation": 180, "texture": "#cross"}
			}
		},
		{
			"from": [8, 5, 3.5],
			"to": [9, 9, 4.5],
			"faces": {
				"north": {"uv": [12, 7, 13, 11], "texture": "#cross"},
				"east": {"uv": [12, 7, 13, 11], "texture": "#cross"},
				"south": {"uv": [12, 7, 13, 11], "texture": "#cross"},
				"west": {"uv": [12, 7, 13, 11], "texture": "#cross"},
				"up": {"uv": [12, 7, 13, 8], "rotation": 180, "texture": "#cross"},
				"down": {"uv": [12, 10, 13, 11], "rotation": 180, "texture": "#cross"}
			}
		},
		{
			"from": [3.5, 5, 7],
			"to": [4.5, 9, 8],
			"faces": {
				"north": {"uv": [12, 7, 13, 11], "texture": "#cross"},
				"east": {"uv": [12, 7, 13, 11], "texture": "#cross"},
				"south": {"uv": [12, 7, 13, 11], "texture": "#cross"},
				"west": {"uv": [12, 7, 13, 11], "texture": "#cross"},
				"up": {"uv": [12, 7, 13, 8], "rotation": 180, "texture": "#cross"},
				"down": {"uv": [12, 10, 13, 11], "rotation": 180, "texture": "#cross"}
			}
		},
		{
			"from": [6.5, 1, 7],
			"to": [7.5, 3, 8],
			"faces": {
				"north": {"uv": [9, 12, 10, 14], "texture": "#cross"},
				"east": {"uv": [9, 12, 10, 14], "texture": "#cross"},
				"south": {"uv": [9, 12, 10, 14], "texture": "#cross"},
				"west": {"uv": [9, 12, 10, 14], "texture": "#cross"},
				"up": {"uv": [9, 12, 10, 13], "rotation": 180, "texture": "#cross"},
				"down": {"uv": [9, 13, 10, 14], "rotation": 180, "texture": "#cross"}
			}
		},
		{
			"from": [6.5, 3, 7.5],
			"to": [7.5, 6, 8.5],
			"faces": {
				"north": {"uv": [9, 9, 10, 12], "texture": "#cross"},
				"east": {"uv": [0, 0, 0, 0], "texture": "#cross"},
				"south": {"uv": [9, 9, 10, 12], "texture": "#cross"},
				"west": {"uv": [9, 9, 10, 12], "texture": "#cross"},
				"up": {"uv": [9, 9, 10, 10], "rotation": 180, "texture": "#cross"},
				"down": {"uv": [9, 11, 10, 12], "rotation": 180, "texture": "#cross"}
			}
		},
		{
			"from": [5.5, 2, 7],
			"to": [6.5, 6, 8],
			"faces": {
				"north": {"uv": [10, 10, 11, 14], "texture": "#cross"},
				"east": {"uv": [10, 10, 11, 14], "texture": "#cross"},
				"south": {"uv": [10, 10, 11, 14], "texture": "#cross"},
				"west": {"uv": [10, 10, 11, 14], "texture": "#cross"},
				"up": {"uv": [10, 10, 11, 11], "rotation": 180, "texture": "#cross"},
				"down": {"uv": [10, 13, 11, 14], "rotation": 180, "texture": "#cross"}
			}
		},
		{
			"from": [4.5, 2, 7.5],
			"to": [5.5, 7, 8.5],
			"faces": {
				"north": {"uv": [11, 8, 12, 13], "texture": "#cross"},
				"east": {"uv": [11, 8, 12, 13], "texture": "#cross"},
				"south": {"uv": [11, 8, 12, 13], "texture": "#cross"},
				"west": {"uv": [11, 8, 12, 13], "texture": "#cross"},
				"up": {"uv": [11, 8, 12, 9], "rotation": 180, "texture": "#cross"},
				"down": {"uv": [11, 12, 12, 13], "rotation": 180, "texture": "#cross"}
			}
		},
		{
			"from": [3.5, 4, 7.5],
			"to": [4.5, 5, 8.5],
			"faces": {
				"north": {"uv": [12, 11, 13, 12], "texture": "#cross"},
				"east": {"uv": [12, 11, 13, 12], "texture": "#cross"},
				"south": {"uv": [12, 11, 13, 12], "texture": "#cross"},
				"west": {"uv": [12, 11, 13, 12], "texture": "#cross"},
				"up": {"uv": [12, 11, 13, 12], "rotation": 180, "texture": "#cross"},
				"down": {"uv": [12, 11, 13, 12], "rotation": 180, "texture": "#cross"}
			}
		},
		{
			"from": [8, 1.5, 6.5],
			"to": [9, 3.5, 7.5],
			"faces": {
				"north": {"uv": [9, 12, 10, 14], "texture": "#cross"},
				"east": {"uv": [9, 12, 10, 14], "texture": "#cross"},
				"south": {"uv": [9, 12, 10, 14], "texture": "#cross"},
				"west": {"uv": [9, 12, 10, 14], "texture": "#cross"},
				"up": {"uv": [9, 12, 10, 13], "rotation": 180, "texture": "#cross"},
				"down": {"uv": [9, 13, 10, 14], "rotation": 180, "texture": "#cross"}
			}
		}
	],
	"display": {
		"thirdperson_righthand": {
			"rotation": [25, 0, 0],
			"translation": [0, 3.25, 2],
			"scale": [0.5, 0.5, 0.5]
		},
		"thirdperson_lefthand": {
			"rotation": [25, 0, 0],
			"translation": [0, 3.25, 2],
			"scale": [0.5, 0.5, 0.5]
		},
		"firstperson_righthand": {
			"rotation": [0, 165, 0],
			"translation": [1, 5, 0],
			"scale": [0.8, 0.8, 0.8]
		},
		"firstperson_lefthand": {
			"rotation": [0, -120, 0],
			"translation": [1, 5, 0],
			"scale": [0.8, 0.8, 0.8]
		},
		"ground": {
			"translation": [0, -0.75, 0],
			"scale": [0.5, 0.5, 0.5]
		},
		"gui": {
			"rotation": [30, -115, 0],
			"translation": [0, -0.75, 0]
		},
		"fixed": {
			"rotation": [-15, 102, 0],
			"translation": [0, -0.5, -2.5]
		}
	}
}