{
	"credit": "by ZiYun",
	"parent": "minecraft:block/cross",
	"textures": {
		"cross": "block/oxeye_daisy"
	},
	"elements": [
		{
			"from": [7.5, 0, 7.5],
			"to": [8.5, 7, 8.5],
			"faces": {
				"north": {"uv": [7, 9, 8, 16], "texture": "#cross"},
				"east": {"uv": [7, 9, 8, 16], "texture": "#cross"},
				"south": {"uv": [7, 9, 8, 16], "texture": "#cross"},
				"west": {"uv": [7, 9, 8, 16], "texture": "#cross"},
				"up": {"uv": [7, 9, 8, 10], "texture": "#cross"},
				"down": {"uv": [7, 15, 8, 16], "texture": "#cross"}
			}
		},
		{
			"from": [6.5, 1, 7],
			"to": [7.5, 3, 8],
			"faces": {
				"north": {"uv": [8, 13, 9, 15], "texture": "#cross"},
				"east": {"uv": [8, 13, 9, 15], "texture": "#cross"},
				"south": {"uv": [8, 13, 9, 15], "texture": "#cross"},
				"west": {"uv": [8, 13, 9, 15], "texture": "#cross"},
				"up": {"uv": [8, 13, 9, 14], "texture": "#cross"},
				"down": {"uv": [8, 13, 9, 14], "texture": "#cross"}
			}
		},
		{
			"from": [5.5, 2, 7.5],
			"to": [6.5, 3, 8.5],
			"faces": {
				"north": {"uv": [9, 12, 10, 13], "texture": "#cross"},
				"east": {"uv": [9, 12, 10, 13], "texture": "#cross"},
				"south": {"uv": [9, 12, 10, 13], "texture": "#cross"},
				"west": {"uv": [9, 12, 10, 13], "texture": "#cross"},
				"up": {"uv": [9, 12, 10, 13], "texture": "#cross"},
				"down": {"uv": [9, 12, 10, 13], "texture": "#cross"}
			}
		},
		{
			"from": [9.5, 4, 7.5],
			"to": [10.5, 5, 8.5],
			"faces": {
				"north": {"uv": [9, 12, 10, 13], "texture": "#cross"},
				"east": {"uv": [9, 12, 10, 13], "texture": "#cross"},
				"south": {"uv": [9, 12, 10, 13], "texture": "#cross"},
				"west": {"uv": [9, 12, 10, 13], "texture": "#cross"},
				"up": {"uv": [9, 12, 10, 13], "texture": "#cross"},
				"down": {"uv": [9, 12, 10, 13], "texture": "#cross"}
			}
		},
		{
			"from": [7.5, 4.5, 8.5],
			"to": [8.5, 5.5, 9.5],
			"faces": {
				"north": {"uv": [9, 12, 10, 13], "texture": "#cross"},
				"east": {"uv": [9, 12, 10, 13], "texture": "#cross"},
				"south": {"uv": [9, 12, 10, 13], "texture": "#cross"},
				"west": {"uv": [9, 12, 10, 13], "texture": "#cross"},
				"up": {"uv": [9, 12, 10, 13], "texture": "#cross"},
				"down": {"uv": [9, 12, 10, 13], "texture": "#cross"}
			}
		},
		{
			"from": [7.5, 2.5, 6.5],
			"to": [8.5, 3.5, 7.5],
			"faces": {
				"north": {"uv": [9, 12, 10, 13], "texture": "#cross"},
				"east": {"uv": [9, 12, 10, 13], "texture": "#cross"},
				"south": {"uv": [9, 12, 10, 13], "texture": "#cross"},
				"west": {"uv": [9, 12, 10, 13], "texture": "#cross"},
				"up": {"uv": [9, 12, 10, 13], "texture": "#cross"},
				"down": {"uv": [9, 12, 10, 13], "texture": "#cross"}
			}
		},
		{
			"from": [8.5, 3, 8],
			"to": [9.5, 5, 9],
			"faces": {
				"north": {"uv": [6, 11, 7, 13], "texture": "#cross"},
				"east": {"uv": [6, 11, 7, 13], "texture": "#cross"},
				"south": {"uv": [6, 11, 7, 13], "texture": "#cross"},
				"west": {"uv": [6, 11, 7, 13], "texture": "#cross"},
				"up": {"uv": [6, 11, 7, 12], "texture": "#cross"},
				"down": {"uv": [6, 12, 7, 13], "texture": "#cross"}
			}
		},
		{
			"from": [7, 7.5, 7],
			"to": [9, 9.5, 9],
			"faces": {
				"north": {"uv": [7, 5, 8, 6], "texture": "#cross"},
				"east": {"uv": [7, 5, 8, 6], "texture": "#cross"},
				"south": {"uv": [7, 5, 8, 6], "texture": "#cross"},
				"west": {"uv": [7, 5, 8, 6], "texture": "#cross"},
				"up": {"uv": [7, 5, 8, 6], "texture": "#cross"},
				"down": {"uv": [7, 5, 8, 6], "texture": "#cross"}
			}
		},
		{
			"from": [6.5, 8, 8.5],
			"to": [7.5, 9, 9.5],
			"faces": {
				"north": {"uv": [6, 5, 7, 6], "texture": "#cross"},
				"east": {"uv": [6, 5, 7, 6], "texture": "#cross"},
				"south": {"uv": [6, 5, 7, 6], "texture": "#cross"},
				"west": {"uv": [6, 5, 7, 6], "texture": "#cross"},
				"up": {"uv": [6, 5, 7, 6], "texture": "#cross"},
				"down": {"uv": [6, 5, 7, 6], "texture": "#cross"}
			}
		},
		{
			"from": [7.5, 7, 8.5],
			"to": [8.5, 8, 9.5],
			"faces": {
				"north": {"uv": [7, 6, 8, 7], "texture": "#cross"},
				"east": {"uv": [7, 6, 8, 7], "texture": "#cross"},
				"south": {"uv": [7, 6, 8, 7], "texture": "#cross"},
				"west": {"uv": [7, 6, 8, 7], "texture": "#cross"},
				"up": {"uv": [7, 6, 8, 7], "texture": "#cross"},
				"down": {"uv": [7, 6, 8, 7], "texture": "#cross"}
			}
		},
		{
			"from": [7.5, 9, 8.5],
			"to": [8.5, 10, 9.5],
			"faces": {
				"north": {"uv": [6, 6, 7, 7], "texture": "#cross"},
				"east": {"uv": [6, 6, 7, 7], "texture": "#cross"},
				"south": {"uv": [6, 6, 7, 7], "texture": "#cross"},
				"west": {"uv": [6, 6, 7, 7], "texture": "#cross"},
				"up": {"uv": [6, 6, 7, 7], "texture": "#cross"},
				"down": {"uv": [6, 6, 7, 7], "texture": "#cross"}
			}
		},
		{
			"from": [8.5, 8, 8.5],
			"to": [9.5, 9, 9.5],
			"faces": {
				"north": {"uv": [6, 4, 7, 5], "texture": "#cross"},
				"east": {"uv": [6, 4, 7, 5], "texture": "#cross"},
				"south": {"uv": [6, 4, 7, 5], "texture": "#cross"},
				"west": {"uv": [6, 4, 7, 5], "texture": "#cross"},
				"up": {"uv": [6, 4, 7, 5], "rotation": 270, "texture": "#cross"},
				"down": {"uv": [6, 4, 7, 5], "rotation": 90, "texture": "#cross"}
			}
		},
		{
			"from": [8.5, 7, 7.5],
			"to": [9.5, 8, 8.5],
			"faces": {
				"north": {"uv": [6, 6, 7, 7], "texture": "#cross"},
				"east": {"uv": [6, 6, 7, 7], "texture": "#cross"},
				"south": {"uv": [6, 6, 7, 7], "texture": "#cross"},
				"west": {"uv": [6, 6, 7, 7], "texture": "#cross"},
				"up": {"uv": [6, 6, 7, 7], "rotation": 270, "texture": "#cross"},
				"down": {"uv": [6, 6, 7, 7], "rotation": 90, "texture": "#cross"}
			}
		},
		{
			"from": [8.5, 8, 6.5],
			"to": [9.5, 9, 7.5],
			"faces": {
				"north": {"uv": [8, 5, 9, 6], "texture": "#cross"},
				"east": {"uv": [8, 5, 9, 6], "texture": "#cross"},
				"south": {"uv": [8, 5, 9, 6], "texture": "#cross"},
				"west": {"uv": [8, 5, 9, 6], "texture": "#cross"},
				"up": {"uv": [8, 5, 9, 6], "rotation": 270, "texture": "#cross"},
				"down": {"uv": [8, 5, 9, 6], "rotation": 90, "texture": "#cross"}
			}
		},
		{
			"from": [8.5, 9, 7.5],
			"to": [9.5, 10, 8.5],
			"faces": {
				"north": {"uv": [7, 4, 8, 5], "texture": "#cross"},
				"east": {"uv": [7, 4, 8, 5], "texture": "#cross"},
				"south": {"uv": [7, 4, 8, 5], "texture": "#cross"},
				"west": {"uv": [7, 4, 8, 5], "texture": "#cross"},
				"up": {"uv": [7, 4, 8, 5], "rotation": 270, "texture": "#cross"},
				"down": {"uv": [7, 4, 8, 5], "rotation": 90, "texture": "#cross"}
			}
		},
		{
			"from": [6.5, 8, 6.5],
			"to": [7.5, 9, 7.5],
			"faces": {
				"north": {"uv": [6, 5, 7, 6], "texture": "#cross"},
				"east": {"uv": [6, 5, 7, 6], "texture": "#cross"},
				"south": {"uv": [6, 5, 7, 6], "texture": "#cross"},
				"west": {"uv": [6, 5, 7, 6], "texture": "#cross"},
				"up": {"uv": [6, 5, 7, 6], "rotation": 180, "texture": "#cross"},
				"down": {"uv": [6, 5, 7, 6], "rotation": 180, "texture": "#cross"}
			}
		},
		{
			"from": [7.5, 7, 6.5],
			"to": [8.5, 8, 7.5],
			"faces": {
				"north": {"uv": [7, 6, 8, 7], "texture": "#cross"},
				"east": {"uv": [7, 6, 8, 7], "texture": "#cross"},
				"south": {"uv": [7, 6, 8, 7], "texture": "#cross"},
				"west": {"uv": [7, 6, 8, 7], "texture": "#cross"},
				"up": {"uv": [7, 6, 8, 7], "rotation": 180, "texture": "#cross"},
				"down": {"uv": [7, 6, 8, 7], "rotation": 180, "texture": "#cross"}
			}
		},
		{
			"from": [7.5, 9, 6.5],
			"to": [8.5, 10, 7.5],
			"faces": {
				"north": {"uv": [7, 4, 8, 5], "texture": "#cross"},
				"east": {"uv": [7, 4, 8, 5], "texture": "#cross"},
				"south": {"uv": [7, 4, 8, 5], "texture": "#cross"},
				"west": {"uv": [7, 4, 8, 5], "texture": "#cross"},
				"up": {"uv": [7, 4, 8, 5], "rotation": 180, "texture": "#cross"},
				"down": {"uv": [7, 4, 8, 5], "rotation": 180, "texture": "#cross"}
			}
		},
		{
			"from": [6.5, 7, 7.5],
			"to": [7.5, 8, 8.5],
			"faces": {
				"north": {"uv": [8, 6, 9, 7], "texture": "#cross"},
				"east": {"uv": [8, 6, 9, 7], "texture": "#cross"},
				"south": {"uv": [8, 6, 9, 7], "texture": "#cross"},
				"west": {"uv": [8, 6, 9, 7], "texture": "#cross"},
				"up": {"uv": [8, 6, 9, 7], "rotation": 90, "texture": "#cross"},
				"down": {"uv": [8, 6, 9, 7], "rotation": 270, "texture": "#cross"}
			}
		},
		{
			"from": [6.5, 9, 7.5],
			"to": [7.5, 10, 8.5],
			"faces": {
				"north": {"uv": [8, 4, 9, 5], "texture": "#cross"},
				"east": {"uv": [8, 4, 9, 5], "texture": "#cross"},
				"south": {"uv": [8, 4, 9, 5], "texture": "#cross"},
				"west": {"uv": [8, 4, 9, 5], "texture": "#cross"},
				"up": {"uv": [8, 4, 9, 5], "rotation": 90, "texture": "#cross"},
				"down": {"uv": [8, 4, 9, 5], "rotation": 270, "texture": "#cross"}
			}
		},
		{
			"from": [7.5, 10, 6],
			"to": [8.5, 10.5, 6.5],
			"faces": {
				"north": {"uv": [5, 4, 6, 5], "texture": "#cross"},
				"east": {"uv": [5, 4, 6, 5], "texture": "#cross"},
				"south": {"uv": [5, 4, 6, 5], "texture": "#cross"},
				"west": {"uv": [5, 4, 6, 5], "texture": "#cross"},
				"up": {"uv": [5, 4, 6, 5], "texture": "#cross"},
				"down": {"uv": [5, 4, 6, 5], "texture": "#cross"}
			}
		},
		{
			"from": [7.5, 6.5, 6],
			"to": [8.5, 7, 6.5],
			"faces": {
				"north": {"uv": [5, 4, 6, 5], "texture": "#cross"},
				"east": {"uv": [5, 4, 6, 5], "texture": "#cross"},
				"south": {"uv": [5, 4, 6, 5], "texture": "#cross"},
				"west": {"uv": [5, 4, 6, 5], "texture": "#cross"},
				"up": {"uv": [5, 4, 6, 5], "texture": "#cross"},
				"down": {"uv": [5, 4, 6, 5], "texture": "#cross"}
			}
		},
		{
			"from": [6.5, 6.5, 6.5],
			"to": [7.5, 7, 7.5],
			"faces": {
				"north": {"uv": [5, 4, 6, 5], "texture": "#cross"},
				"east": {"uv": [5, 4, 6, 5], "texture": "#cross"},
				"south": {"uv": [5, 4, 6, 5], "texture": "#cross"},
				"west": {"uv": [5, 4, 6, 5], "texture": "#cross"},
				"up": {"uv": [5, 4, 6, 5], "texture": "#cross"},
				"down": {"uv": [5, 4, 6, 5], "texture": "#cross"}
			}
		},
		{
			"from": [6.5, 6, 7.5],
			"to": [7.5, 6.5, 8.5],
			"faces": {
				"north": {"uv": [5, 4, 6, 5], "texture": "#cross"},
				"east": {"uv": [5, 4, 6, 5], "texture": "#cross"},
				"south": {"uv": [5, 4, 6, 5], "texture": "#cross"},
				"west": {"uv": [5, 4, 6, 5], "texture": "#cross"},
				"up": {"uv": [5, 4, 6, 5], "texture": "#cross"},
				"down": {"uv": [5, 4, 6, 5], "texture": "#cross"}
			}
		},
		{
			"from": [7.5, 6, 8.5],
			"to": [8.5, 6.5, 9.5],
			"faces": {
				"north": {"uv": [5, 4, 6, 5], "texture": "#cross"},
				"east": {"uv": [5, 4, 6, 5], "texture": "#cross"},
				"south": {"uv": [5, 4, 6, 5], "texture": "#cross"},
				"west": {"uv": [5, 4, 6, 5], "texture": "#cross"},
				"up": {"uv": [5, 4, 6, 5], "texture": "#cross"},
				"down": {"uv": [5, 4, 6, 5], "texture": "#cross"}
			}
		},
		{
			"from": [8.5, 6, 7.5],
			"to": [9.5, 6.5, 8.5],
			"faces": {
				"north": {"uv": [5, 4, 6, 5], "texture": "#cross"},
				"east": {"uv": [5, 4, 6, 5], "texture": "#cross"},
				"south": {"uv": [5, 4, 6, 5], "texture": "#cross"},
				"west": {"uv": [5, 4, 6, 5], "texture": "#cross"},
				"up": {"uv": [5, 4, 6, 5], "texture": "#cross"},
				"down": {"uv": [5, 4, 6, 5], "texture": "#cross"}
			}
		},
		{
			"from": [7.5, 6, 6.5],
			"to": [8.5, 6.5, 7.5],
			"faces": {
				"north": {"uv": [5, 4, 6, 5], "texture": "#cross"},
				"east": {"uv": [5, 4, 6, 5], "texture": "#cross"},
				"south": {"uv": [5, 4, 6, 5], "texture": "#cross"},
				"west": {"uv": [5, 4, 6, 5], "texture": "#cross"},
				"up": {"uv": [5, 4, 6, 5], "texture": "#cross"},
				"down": {"uv": [5, 4, 6, 5], "texture": "#cross"}
			}
		},
		{
			"from": [8.5, 6.5, 6.5],
			"to": [9.5, 7, 7.5],
			"faces": {
				"north": {"uv": [5, 4, 6, 5], "texture": "#cross"},
				"east": {"uv": [5, 4, 6, 5], "texture": "#cross"},
				"south": {"uv": [5, 4, 6, 5], "texture": "#cross"},
				"west": {"uv": [5, 4, 6, 5], "texture": "#cross"},
				"up": {"uv": [5, 4, 6, 5], "texture": "#cross"},
				"down": {"uv": [5, 4, 6, 5], "texture": "#cross"}
			}
		},
		{
			"from": [8.5, 6.5, 8.5],
			"to": [9.5, 7, 9.5],
			"faces": {
				"north": {"uv": [5, 4, 6, 5], "texture": "#cross"},
				"east": {"uv": [5, 4, 6, 5], "texture": "#cross"},
				"south": {"uv": [5, 4, 6, 5], "texture": "#cross"},
				"west": {"uv": [5, 4, 6, 5], "texture": "#cross"},
				"up": {"uv": [5, 4, 6, 5], "texture": "#cross"},
				"down": {"uv": [5, 4, 6, 5], "texture": "#cross"}
			}
		},
		{
			"from": [6.5, 6.5, 8.5],
			"to": [7.5, 7, 9.5],
			"faces": {
				"north": {"uv": [5, 4, 6, 5], "texture": "#cross"},
				"east": {"uv": [5, 4, 6, 5], "texture": "#cross"},
				"south": {"uv": [5, 4, 6, 5], "texture": "#cross"},
				"west": {"uv": [5, 4, 6, 5], "texture": "#cross"},
				"up": {"uv": [5, 4, 6, 5], "texture": "#cross"},
				"down": {"uv": [5, 4, 6, 5], "texture": "#cross"}
			}
		},
		{
			"from": [8.5, 7, 6],
			"to": [9.5, 8, 6.5],
			"faces": {
				"north": {"uv": [5, 4, 6, 5], "texture": "#cross"},
				"east": {"uv": [5, 4, 6, 5], "texture": "#cross"},
				"south": {"uv": [5, 4, 6, 5], "texture": "#cross"},
				"west": {"uv": [5, 4, 6, 5], "texture": "#cross"},
				"up": {"uv": [5, 4, 6, 5], "texture": "#cross"},
				"down": {"uv": [5, 4, 6, 5], "texture": "#cross"}
			}
		},
		{
			"from": [6.5, 7, 6],
			"to": [7.5, 8, 6.5],
			"faces": {
				"north": {"uv": [5, 4, 6, 5], "texture": "#cross"},
				"east": {"uv": [5, 4, 6, 5], "texture": "#cross"},
				"south": {"uv": [5, 4, 6, 5], "texture": "#cross"},
				"west": {"uv": [5, 4, 6, 5], "texture": "#cross"},
				"up": {"uv": [5, 4, 6, 5], "texture": "#cross"},
				"down": {"uv": [5, 4, 6, 5], "texture": "#cross"}
			}
		},
		{
			"from": [6, 8, 6],
			"to": [6.5, 9, 6.5],
			"faces": {
				"north": {"uv": [5, 4, 6, 5], "texture": "#cross"},
				"east": {"uv": [5, 4, 6, 5], "texture": "#cross"},
				"south": {"uv": [5, 4, 6, 5], "texture": "#cross"},
				"west": {"uv": [5, 4, 6, 5], "texture": "#cross"},
				"up": {"uv": [5, 4, 6, 5], "texture": "#cross"},
				"down": {"uv": [5, 4, 6, 5], "texture": "#cross"}
			}
		},
		{
			"from": [6.5, 9, 6],
			"to": [7.5, 10, 6.5],
			"faces": {
				"north": {"uv": [5, 4, 6, 5], "texture": "#cross"},
				"east": {"uv": [5, 4, 6, 5], "texture": "#cross"},
				"south": {"uv": [5, 4, 6, 5], "texture": "#cross"},
				"west": {"uv": [5, 4, 6, 5], "texture": "#cross"},
				"up": {"uv": [5, 4, 6, 5], "texture": "#cross"},
				"down": {"uv": [5, 4, 6, 5], "texture": "#cross"}
			}
		},
		{
			"from": [8.5, 9, 6],
			"to": [9.5, 10, 6.5],
			"faces": {
				"north": {"uv": [5, 4, 6, 5], "texture": "#cross"},
				"east": {"uv": [5, 4, 6, 5], "texture": "#cross"},
				"south": {"uv": [5, 4, 6, 5], "texture": "#cross"},
				"west": {"uv": [5, 4, 6, 5], "texture": "#cross"},
				"up": {"uv": [5, 4, 6, 5], "texture": "#cross"},
				"down": {"uv": [5, 4, 6, 5], "texture": "#cross"}
			}
		},
		{
			"from": [9.5, 8, 6],
			"to": [10, 9, 6.5],
			"faces": {
				"north": {"uv": [5, 4, 6, 5], "texture": "#cross"},
				"east": {"uv": [5, 4, 6, 5], "texture": "#cross"},
				"south": {"uv": [5, 4, 6, 5], "texture": "#cross"},
				"west": {"uv": [5, 4, 6, 5], "texture": "#cross"},
				"up": {"uv": [5, 4, 6, 5], "texture": "#cross"},
				"down": {"uv": [5, 4, 6, 5], "texture": "#cross"}
			}
		},
		{
			"from": [9.5, 8, 9.5],
			"to": [10, 9, 10],
			"faces": {
				"north": {"uv": [5, 4, 6, 5], "texture": "#cross"},
				"east": {"uv": [5, 4, 6, 5], "texture": "#cross"},
				"south": {"uv": [5, 4, 6, 5], "texture": "#cross"},
				"west": {"uv": [5, 4, 6, 5], "texture": "#cross"},
				"up": {"uv": [5, 4, 6, 5], "texture": "#cross"},
				"down": {"uv": [5, 4, 6, 5], "texture": "#cross"}
			}
		},
		{
			"from": [6, 8, 9.5],
			"to": [6.5, 9, 10],
			"faces": {
				"north": {"uv": [5, 4, 6, 5], "texture": "#cross"},
				"east": {"uv": [5, 4, 6, 5], "texture": "#cross"},
				"south": {"uv": [5, 4, 6, 5], "texture": "#cross"},
				"west": {"uv": [5, 4, 6, 5], "texture": "#cross"},
				"up": {"uv": [5, 4, 6, 5], "texture": "#cross"},
				"down": {"uv": [5, 4, 6, 5], "texture": "#cross"}
			}
		},
		{
			"from": [6, 9, 6.5],
			"to": [6.5, 10, 7.5],
			"faces": {
				"north": {"uv": [5, 4, 6, 5], "texture": "#cross"},
				"east": {"uv": [5, 4, 6, 5], "texture": "#cross"},
				"south": {"uv": [5, 4, 6, 5], "texture": "#cross"},
				"west": {"uv": [5, 4, 6, 5], "texture": "#cross"},
				"up": {"uv": [5, 4, 6, 5], "texture": "#cross"},
				"down": {"uv": [5, 4, 6, 5], "texture": "#cross"}
			}
		},
		{
			"from": [6, 9, 8.5],
			"to": [6.5, 10, 9.5],
			"faces": {
				"north": {"uv": [5, 4, 6, 5], "texture": "#cross"},
				"east": {"uv": [5, 4, 6, 5], "texture": "#cross"},
				"south": {"uv": [5, 4, 6, 5], "texture": "#cross"},
				"west": {"uv": [5, 4, 6, 5], "texture": "#cross"},
				"up": {"uv": [5, 4, 6, 5], "texture": "#cross"},
				"down": {"uv": [5, 4, 6, 5], "texture": "#cross"}
			}
		},
		{
			"from": [6, 7, 8.5],
			"to": [6.5, 8, 9.5],
			"faces": {
				"north": {"uv": [5, 4, 6, 5], "texture": "#cross"},
				"east": {"uv": [5, 4, 6, 5], "texture": "#cross"},
				"south": {"uv": [5, 4, 6, 5], "texture": "#cross"},
				"west": {"uv": [5, 4, 6, 5], "texture": "#cross"},
				"up": {"uv": [5, 4, 6, 5], "texture": "#cross"},
				"down": {"uv": [5, 4, 6, 5], "texture": "#cross"}
			}
		},
		{
			"from": [6, 7, 6.5],
			"to": [6.5, 8, 7.5],
			"faces": {
				"north": {"uv": [5, 4, 6, 5], "texture": "#cross"},
				"east": {"uv": [5, 4, 6, 5], "texture": "#cross"},
				"south": {"uv": [5, 4, 6, 5], "texture": "#cross"},
				"west": {"uv": [5, 4, 6, 5], "texture": "#cross"},
				"up": {"uv": [5, 4, 6, 5], "texture": "#cross"},
				"down": {"uv": [5, 4, 6, 5], "texture": "#cross"}
			}
		},
		{
			"from": [6, 6.5, 7.5],
			"to": [6.5, 7, 8.5],
			"faces": {
				"north": {"uv": [5, 4, 6, 5], "texture": "#cross"},
				"east": {"uv": [5, 4, 6, 5], "texture": "#cross"},
				"south": {"uv": [5, 4, 6, 5], "texture": "#cross"},
				"west": {"uv": [5, 4, 6, 5], "texture": "#cross"},
				"up": {"uv": [5, 4, 6, 5], "texture": "#cross"},
				"down": {"uv": [5, 4, 6, 5], "texture": "#cross"}
			}
		},
		{
			"from": [6.5, 9, 9.5],
			"to": [7.5, 10, 10],
			"faces": {
				"north": {"uv": [5, 4, 6, 5], "texture": "#cross"},
				"east": {"uv": [5, 4, 6, 5], "texture": "#cross"},
				"south": {"uv": [5, 4, 6, 5], "texture": "#cross"},
				"west": {"uv": [5, 4, 6, 5], "texture": "#cross"},
				"up": {"uv": [5, 4, 6, 5], "texture": "#cross"},
				"down": {"uv": [5, 4, 6, 5], "texture": "#cross"}
			}
		},
		{
			"from": [8.5, 9, 9.5],
			"to": [9.5, 10, 10],
			"faces": {
				"north": {"uv": [5, 4, 6, 5], "texture": "#cross"},
				"east": {"uv": [5, 4, 6, 5], "texture": "#cross"},
				"south": {"uv": [5, 4, 6, 5], "texture": "#cross"},
				"west": {"uv": [5, 4, 6, 5], "texture": "#cross"},
				"up": {"uv": [5, 4, 6, 5], "texture": "#cross"},
				"down": {"uv": [5, 4, 6, 5], "texture": "#cross"}
			}
		},
		{
			"from": [8.5, 7, 9.5],
			"to": [9.5, 8, 10],
			"faces": {
				"north": {"uv": [5, 4, 6, 5], "texture": "#cross"},
				"east": {"uv": [5, 4, 6, 5], "texture": "#cross"},
				"south": {"uv": [5, 4, 6, 5], "texture": "#cross"},
				"west": {"uv": [5, 4, 6, 5], "texture": "#cross"},
				"up": {"uv": [5, 4, 6, 5], "texture": "#cross"},
				"down": {"uv": [5, 4, 6, 5], "texture": "#cross"}
			}
		},
		{
			"from": [6.5, 7, 9.5],
			"to": [7.5, 8, 10],
			"faces": {
				"north": {"uv": [5, 4, 6, 5], "texture": "#cross"},
				"east": {"uv": [5, 4, 6, 5], "texture": "#cross"},
				"south": {"uv": [5, 4, 6, 5], "texture": "#cross"},
				"west": {"uv": [5, 4, 6, 5], "texture": "#cross"},
				"up": {"uv": [5, 4, 6, 5], "texture": "#cross"},
				"down": {"uv": [5, 4, 6, 5], "texture": "#cross"}
			}
		},
		{
			"from": [7.5, 6.5, 9.5],
			"to": [8.5, 7, 10],
			"faces": {
				"north": {"uv": [5, 4, 6, 5], "texture": "#cross"},
				"east": {"uv": [5, 4, 6, 5], "texture": "#cross"},
				"south": {"uv": [5, 4, 6, 5], "texture": "#cross"},
				"west": {"uv": [5, 4, 6, 5], "texture": "#cross"},
				"up": {"uv": [5, 4, 6, 5], "texture": "#cross"},
				"down": {"uv": [5, 4, 6, 5], "texture": "#cross"}
			}
		},
		{
			"from": [9.5, 7, 8.5],
			"to": [10, 8, 9.5],
			"faces": {
				"north": {"uv": [5, 4, 6, 5], "texture": "#cross"},
				"east": {"uv": [5, 4, 6, 5], "texture": "#cross"},
				"south": {"uv": [5, 4, 6, 5], "texture": "#cross"},
				"west": {"uv": [5, 4, 6, 5], "texture": "#cross"},
				"up": {"uv": [5, 4, 6, 5], "texture": "#cross"},
				"down": {"uv": [5, 4, 6, 5], "texture": "#cross"}
			}
		},
		{
			"from": [9.5, 7, 6.5],
			"to": [10, 8, 7.5],
			"faces": {
				"north": {"uv": [5, 4, 6, 5], "texture": "#cross"},
				"east": {"uv": [5, 4, 6, 5], "texture": "#cross"},
				"south": {"uv": [5, 4, 6, 5], "texture": "#cross"},
				"west": {"uv": [5, 4, 6, 5], "texture": "#cross"},
				"up": {"uv": [5, 4, 6, 5], "texture": "#cross"},
				"down": {"uv": [5, 4, 6, 5], "texture": "#cross"}
			}
		},
		{
			"from": [9.5, 6.5, 7.5],
			"to": [10, 7, 8.5],
			"faces": {
				"north": {"uv": [5, 4, 6, 5], "texture": "#cross"},
				"east": {"uv": [5, 4, 6, 5], "texture": "#cross"},
				"south": {"uv": [5, 4, 6, 5], "texture": "#cross"},
				"west": {"uv": [5, 4, 6, 5], "texture": "#cross"},
				"up": {"uv": [5, 4, 6, 5], "texture": "#cross"},
				"down": {"uv": [5, 4, 6, 5], "texture": "#cross"}
			}
		},
		{
			"from": [9.5, 9, 6.5],
			"to": [10, 10, 7.5],
			"faces": {
				"north": {"uv": [5, 4, 6, 5], "texture": "#cross"},
				"east": {"uv": [5, 4, 6, 5], "texture": "#cross"},
				"south": {"uv": [5, 4, 6, 5], "texture": "#cross"},
				"west": {"uv": [5, 4, 6, 5], "texture": "#cross"},
				"up": {"uv": [5, 4, 6, 5], "texture": "#cross"},
				"down": {"uv": [5, 4, 6, 5], "texture": "#cross"}
			}
		},
		{
			"from": [9.5, 9, 8.5],
			"to": [10, 10, 9.5],
			"faces": {
				"north": {"uv": [5, 4, 6, 5], "texture": "#cross"},
				"east": {"uv": [5, 4, 6, 5], "texture": "#cross"},
				"south": {"uv": [5, 4, 6, 5], "texture": "#cross"},
				"west": {"uv": [5, 4, 6, 5], "texture": "#cross"},
				"up": {"uv": [5, 4, 6, 5], "texture": "#cross"},
				"down": {"uv": [5, 4, 6, 5], "texture": "#cross"}
			}
		},
		{
			"from": [7.5, 10, 9.5],
			"to": [8.5, 10.5, 10],
			"faces": {
				"north": {"uv": [5, 4, 6, 5], "texture": "#cross"},
				"east": {"uv": [5, 4, 6, 5], "texture": "#cross"},
				"south": {"uv": [5, 4, 6, 5], "texture": "#cross"},
				"west": {"uv": [5, 4, 6, 5], "texture": "#cross"},
				"up": {"uv": [5, 4, 6, 5], "texture": "#cross"},
				"down": {"uv": [5, 4, 6, 5], "texture": "#cross"}
			}
		},
		{
			"from": [6.5, 10, 6.5],
			"to": [7.5, 10.5, 7.5],
			"faces": {
				"north": {"uv": [5, 4, 6, 5], "texture": "#cross"},
				"east": {"uv": [5, 4, 6, 5], "texture": "#cross"},
				"south": {"uv": [5, 4, 6, 5], "texture": "#cross"},
				"west": {"uv": [5, 4, 6, 5], "texture": "#cross"},
				"up": {"uv": [5, 4, 6, 5], "texture": "#cross"},
				"down": {"uv": [5, 4, 6, 5], "texture": "#cross"}
			}
		},
		{
			"from": [6.5, 10, 8.5],
			"to": [7.5, 10.5, 9.5],
			"faces": {
				"north": {"uv": [5, 4, 6, 5], "texture": "#cross"},
				"east": {"uv": [5, 4, 6, 5], "texture": "#cross"},
				"south": {"uv": [5, 4, 6, 5], "texture": "#cross"},
				"west": {"uv": [5, 4, 6, 5], "texture": "#cross"},
				"up": {"uv": [5, 4, 6, 5], "texture": "#cross"},
				"down": {"uv": [5, 4, 6, 5], "texture": "#cross"}
			}
		},
		{
			"from": [8.5, 10, 8.5],
			"to": [9.5, 10.5, 9.5],
			"faces": {
				"north": {"uv": [5, 4, 6, 5], "texture": "#cross"},
				"east": {"uv": [5, 4, 6, 5], "texture": "#cross"},
				"south": {"uv": [5, 4, 6, 5], "texture": "#cross"},
				"west": {"uv": [5, 4, 6, 5], "texture": "#cross"},
				"up": {"uv": [5, 4, 6, 5], "texture": "#cross"},
				"down": {"uv": [5, 4, 6, 5], "texture": "#cross"}
			}
		},
		{
			"from": [8.5, 10, 6.5],
			"to": [9.5, 10.5, 7.5],
			"faces": {
				"north": {"uv": [5, 4, 6, 5], "texture": "#cross"},
				"east": {"uv": [5, 4, 6, 5], "texture": "#cross"},
				"south": {"uv": [5, 4, 6, 5], "texture": "#cross"},
				"west": {"uv": [5, 4, 6, 5], "texture": "#cross"},
				"up": {"uv": [5, 4, 6, 5], "texture": "#cross"},
				"down": {"uv": [5, 4, 6, 5], "texture": "#cross"}
			}
		},
		{
			"from": [9.5, 10, 7.5],
			"to": [10, 10.5, 8.5],
			"faces": {
				"north": {"uv": [5, 4, 6, 5], "texture": "#cross"},
				"east": {"uv": [5, 4, 6, 5], "texture": "#cross"},
				"south": {"uv": [5, 4, 6, 5], "texture": "#cross"},
				"west": {"uv": [5, 4, 6, 5], "texture": "#cross"},
				"up": {"uv": [5, 4, 6, 5], "texture": "#cross"},
				"down": {"uv": [5, 4, 6, 5], "texture": "#cross"}
			}
		},
		{
			"from": [6, 10, 7.5],
			"to": [6.5, 10.5, 8.5],
			"faces": {
				"north": {"uv": [5, 4, 6, 5], "texture": "#cross"},
				"east": {"uv": [5, 4, 6, 5], "texture": "#cross"},
				"south": {"uv": [5, 4, 6, 5], "texture": "#cross"},
				"west": {"uv": [5, 4, 6, 5], "texture": "#cross"},
				"up": {"uv": [5, 4, 6, 5], "texture": "#cross"},
				"down": {"uv": [5, 4, 6, 5], "texture": "#cross"}
			}
		}
	],
	"display": {
		"thirdperson_righthand": {
			"rotation": [25, 0, 0],
			"translation": [0, 3.25, 2],
			"scale": [0.5, 0.5, 0.5]
		},
		"thirdperson_lefthand": {
			"rotation": [25, 0, 0],
			"translation": [0, 3.25, 2],
			"scale": [0.5, 0.5, 0.5]
		},
		"firstperson_righthand": {
			"rotation": [0, 10, 15],
			"translation": [2, 4, 0],
			"scale": [0.6, 0.6, 0.6]
		},
		"firstperson_lefthand": {
			"rotation": [0, 10, 15],
			"translation": [2, 4, 0],
			"scale": [0.6, 0.6, 0.6]
		},
		"ground": {
			"translation": [0, -0.75, 0],
			"scale": [0.5, 0.5, 0.5]
		},
		"gui": {
			"rotation": [30, 225, 0],
			"translation": [0, -0.75, 0]
		},
		"fixed": {
			"rotation": [-15, 0, 0],
			"translation": [0, -0.5, -2.5]
		}
	},
	"groups": [
		{
			"name": "group",
			"origin": [0, 0, 0],
			"color": 0,
			"children": [0, 1, 2, 3, 4, 5, 6]
		}, 7,
		{
			"name": "group",
			"origin": [0, 0, 0],
			"color": 0,
			"children": [8, 9, 10]
		},
		{
			"name": "group",
			"origin": [0, 0, 0],
			"color": 0,
			"children": [11, 12, 13, 14]
		},
		{
			"name": "group",
			"origin": [0, 0, 0],
			"color": 0,
			"children": [15, 16, 17]
		},
		{
			"name": "group",
			"origin": [0, 0, 0],
			"color": 0,
			"children": [18, 19]
		}, 20, 21, 22, 23, 24, 25, 26, 27, 28, 29, 30, 31, 32, 33, 34, 35, 36, 37, 38, 39, 40, 41, 42, 43, 44, 45, 46, 47, 48, 49, 50, 51, 52, 53, 54, 55, 56, 57, 58, 59]
}