{
	"credit": "by ZiYun",
	"parent": "minecraft:block/cross",
	"textures": {
		"cross": "block/poppy"
	},
	"elements": [
		{
			"from": [7.5, 0, 7.5],
			"to": [8.5, 7, 8.5],
			"faces": {
				"north": {"uv": [8, 9, 9, 16], "texture": "#cross"},
				"east": {"uv": [8, 9, 9, 16], "texture": "#cross"},
				"south": {"uv": [8, 9, 9, 16], "texture": "#cross"},
				"west": {"uv": [8, 9, 9, 16], "texture": "#cross"},
				"up": {"uv": [8, 9, 9, 10], "texture": "#cross"},
				"down": {"uv": [8, 15, 9, 16], "texture": "#cross"}
			}
		},
		{
			"from": [7.5, 7, 7.5],
			"to": [8.5, 7.9, 8.5],
			"faces": {
				"north": {"uv": [7, 7, 8, 8], "texture": "#cross"},
				"east": {"uv": [7, 7, 8, 8], "texture": "#cross"},
				"south": {"uv": [7, 7, 8, 8], "texture": "#cross"},
				"west": {"uv": [7, 7, 8, 8], "texture": "#cross"},
				"up": {"uv": [7, 7, 8, 8], "texture": "#cross"},
				"down": {"uv": [7, 7, 8, 8], "texture": "#cross"}
			}
		},
		{
			"from": [6.5, 7, 7.5],
			"to": [7.5, 7.5, 8.5],
			"faces": {
				"north": {"uv": [5, 7, 6, 8], "texture": "#cross"},
				"east": {"uv": [5, 7, 6, 8], "texture": "#cross"},
				"south": {"uv": [5, 7, 6, 8], "texture": "#cross"},
				"west": {"uv": [5, 7, 6, 8], "texture": "#cross"},
				"up": {"uv": [5, 7, 6, 8], "texture": "#cross"},
				"down": {"uv": [5, 7, 6, 8], "texture": "#cross"}
			}
		},
		{
			"from": [8.5, 7, 7.5],
			"to": [9.5, 7.5, 8.5],
			"faces": {
				"north": {"uv": [9, 7, 10, 8], "texture": "#cross"},
				"east": {"uv": [9, 7, 10, 8], "texture": "#cross"},
				"south": {"uv": [9, 7, 10, 8], "texture": "#cross"},
				"west": {"uv": [9, 7, 10, 8], "texture": "#cross"},
				"up": {"uv": [9, 7, 10, 8], "texture": "#cross"},
				"down": {"uv": [9, 7, 10, 8], "texture": "#cross"}
			}
		},
		{
			"from": [7.5, 7, 6.5],
			"to": [8.5, 7.5, 7.5],
			"faces": {
				"north": {"uv": [8, 7, 9, 8], "texture": "#cross"},
				"east": {"uv": [8, 7, 9, 8], "texture": "#cross"},
				"south": {"uv": [8, 7, 9, 8], "texture": "#cross"},
				"west": {"uv": [8, 7, 9, 8], "texture": "#cross"},
				"up": {"uv": [8, 7, 9, 8], "texture": "#cross"},
				"down": {"uv": [8, 7, 9, 8], "texture": "#cross"}
			}
		},
		{
			"from": [7.5, 7, 8.5],
			"to": [8.5, 7.5, 9.5],
			"faces": {
				"north": {"uv": [9, 5, 10, 6], "texture": "#cross"},
				"east": {"uv": [9, 5, 10, 6], "texture": "#cross"},
				"south": {"uv": [9, 5, 10, 6], "texture": "#cross"},
				"west": {"uv": [9, 5, 10, 6], "texture": "#cross"},
				"up": {"uv": [9, 5, 10, 6], "texture": "#cross"},
				"down": {"uv": [9, 5, 10, 6], "texture": "#cross"}
			}
		},
		{
			"from": [8.5, 7.5, 8.5],
			"to": [9.5, 8.25, 9.5],
			"faces": {
				"north": {"uv": [6, 7, 7, 8], "texture": "#cross"},
				"east": {"uv": [6, 7, 7, 8], "texture": "#cross"},
				"south": {"uv": [6, 7, 7, 8], "texture": "#cross"},
				"west": {"uv": [6, 7, 7, 8], "texture": "#cross"},
				"up": {"uv": [6, 7, 7, 8], "texture": "#cross"},
				"down": {"uv": [6, 7, 7, 8], "texture": "#cross"}
			}
		},
		{
			"from": [8.5, 7.5, 6.5],
			"to": [9.5, 8.25, 7.5],
			"faces": {
				"north": {"uv": [10, 6, 11, 7], "texture": "#cross"},
				"east": {"uv": [10, 6, 11, 7], "texture": "#cross"},
				"south": {"uv": [10, 6, 11, 7], "texture": "#cross"},
				"west": {"uv": [10, 6, 11, 7], "texture": "#cross"},
				"up": {"uv": [10, 6, 11, 7], "texture": "#cross"},
				"down": {"uv": [10, 6, 11, 7], "texture": "#cross"}
			}
		},
		{
			"from": [6.5, 7.5, 6.5],
			"to": [7.5, 8.25, 7.5],
			"faces": {
				"north": {"uv": [7, 6, 8, 7], "texture": "#cross"},
				"east": {"uv": [7, 6, 8, 7], "texture": "#cross"},
				"south": {"uv": [7, 6, 8, 7], "texture": "#cross"},
				"west": {"uv": [7, 6, 8, 7], "texture": "#cross"},
				"up": {"uv": [7, 6, 8, 7], "texture": "#cross"},
				"down": {"uv": [7, 6, 8, 7], "texture": "#cross"}
			}
		},
		{
			"from": [6.5, 7.5, 8.5],
			"to": [7.5, 8.25, 9.5],
			"faces": {
				"north": {"uv": [6, 9, 7, 10], "texture": "#cross"},
				"east": {"uv": [6, 9, 7, 10], "texture": "#cross"},
				"south": {"uv": [6, 9, 7, 10], "texture": "#cross"},
				"west": {"uv": [6, 9, 7, 10], "texture": "#cross"},
				"up": {"uv": [6, 9, 7, 10], "texture": "#cross"},
				"down": {"uv": [6, 9, 7, 10], "texture": "#cross"}
			}
		},
		{
			"from": [7.5, 7.5, 5.5],
			"to": [8.5, 8.75, 6.5],
			"faces": {
				"north": {"uv": [6, 6, 7, 7], "texture": "#cross"},
				"east": {"uv": [6, 6, 7, 7], "texture": "#cross"},
				"south": {"uv": [6, 6, 7, 7], "texture": "#cross"},
				"west": {"uv": [5, 7, 6, 8], "texture": "#cross"},
				"up": {"uv": [5, 7, 6, 8], "texture": "#cross"},
				"down": {"uv": [7, 8, 8, 9], "texture": "#cross"}
			}
		},
		{
			"from": [7.5, 7.5, 9.5],
			"to": [8.5, 8.7, 10.5],
			"faces": {
				"north": {"uv": [6, 6, 7, 7], "texture": "#cross"},
				"east": {"uv": [6, 6, 7, 7], "texture": "#cross"},
				"south": {"uv": [6, 6, 7, 7], "texture": "#cross"},
				"west": {"uv": [5, 7, 6, 8], "texture": "#cross"},
				"up": {"uv": [5, 7, 6, 8], "texture": "#cross"},
				"down": {"uv": [7, 8, 8, 9], "texture": "#cross"}
			}
		},
		{
			"from": [9.5, 7.5, 7.5],
			"to": [10.5, 9, 8.5],
			"faces": {
				"north": {"uv": [6, 6, 7, 7], "texture": "#cross"},
				"east": {"uv": [6, 6, 7, 7], "texture": "#cross"},
				"south": {"uv": [6, 6, 7, 7], "texture": "#cross"},
				"west": {"uv": [5, 7, 6, 8], "texture": "#cross"},
				"up": {"uv": [5, 7, 6, 8], "texture": "#cross"},
				"down": {"uv": [7, 8, 8, 9], "texture": "#cross"}
			}
		},
		{
			"from": [5.5, 7.5, 7.5],
			"to": [6.5, 8.85, 8.5],
			"faces": {
				"north": {"uv": [6, 6, 7, 7], "texture": "#cross"},
				"east": {"uv": [6, 6, 7, 7], "texture": "#cross"},
				"south": {"uv": [6, 6, 7, 7], "texture": "#cross"},
				"west": {"uv": [5, 7, 6, 8], "texture": "#cross"},
				"up": {"uv": [5, 7, 6, 8], "texture": "#cross"},
				"down": {"uv": [7, 8, 8, 9], "texture": "#cross"}
			}
		},
		{
			"from": [7.5, 0, 6.5],
			"to": [8.5, 1, 7.5],
			"faces": {
				"north": {"uv": [7, 15, 8, 16], "texture": "#cross"},
				"east": {"uv": [7, 15, 8, 16], "texture": "#cross"},
				"south": {"uv": [7, 15, 8, 16], "texture": "#cross"},
				"west": {"uv": [7, 15, 8, 16], "texture": "#cross"},
				"up": {"uv": [7, 15, 8, 16], "texture": "#cross"},
				"down": {"uv": [7, 15, 8, 16], "texture": "#cross"}
			}
		},
		{
			"from": [7.5, 2, 4.5],
			"to": [8.5, 3, 5.5],
			"faces": {
				"north": {"uv": [7, 15, 8, 16], "texture": "#cross"},
				"east": {"uv": [7, 15, 8, 16], "texture": "#cross"},
				"south": {"uv": [7, 15, 8, 16], "texture": "#cross"},
				"west": {"uv": [7, 15, 8, 16], "texture": "#cross"},
				"up": {"uv": [7, 15, 8, 16], "texture": "#cross"},
				"down": {"uv": [7, 15, 8, 16], "texture": "#cross"}
			}
		},
		{
			"from": [8, 1, 5.5],
			"to": [9, 3, 6.5],
			"faces": {
				"north": {"uv": [6, 13, 7, 15], "texture": "#cross"},
				"east": {"uv": [6, 13, 7, 15], "texture": "#cross"},
				"south": {"uv": [6, 13, 7, 15], "texture": "#cross"},
				"west": {"uv": [6, 13, 7, 15], "texture": "#cross"},
				"up": {"uv": [6, 13, 7, 14], "texture": "#cross"},
				"down": {"uv": [6, 14, 7, 15], "texture": "#cross"}
			}
		},
		{
			"from": [7.5, 0.5, 8.5],
			"to": [8.5, 1.5, 9.5],
			"faces": {
				"north": {"uv": [7, 15, 8, 16], "texture": "#cross"},
				"east": {"uv": [7, 15, 8, 16], "texture": "#cross"},
				"south": {"uv": [7, 15, 8, 16], "texture": "#cross"},
				"west": {"uv": [7, 15, 8, 16], "texture": "#cross"},
				"up": {"uv": [7, 15, 8, 16], "rotation": 180, "texture": "#cross"},
				"down": {"uv": [7, 15, 8, 16], "rotation": 180, "texture": "#cross"}
			}
		},
		{
			"from": [7.5, 2.5, 10.5],
			"to": [8.5, 3.5, 11.5],
			"faces": {
				"north": {"uv": [7, 15, 8, 16], "texture": "#cross"},
				"east": {"uv": [7, 15, 8, 16], "texture": "#cross"},
				"south": {"uv": [7, 15, 8, 16], "texture": "#cross"},
				"west": {"uv": [7, 15, 8, 16], "texture": "#cross"},
				"up": {"uv": [7, 15, 8, 16], "rotation": 180, "texture": "#cross"},
				"down": {"uv": [7, 15, 8, 16], "rotation": 180, "texture": "#cross"}
			}
		},
		{
			"from": [7, 1.5, 9.5],
			"to": [8, 3.5, 10.5],
			"faces": {
				"north": {"uv": [6, 13, 7, 15], "texture": "#cross"},
				"east": {"uv": [6, 13, 7, 15], "texture": "#cross"},
				"south": {"uv": [6, 13, 7, 15], "texture": "#cross"},
				"west": {"uv": [6, 13, 7, 15], "texture": "#cross"},
				"up": {"uv": [6, 13, 7, 14], "rotation": 180, "texture": "#cross"},
				"down": {"uv": [6, 14, 7, 15], "rotation": 180, "texture": "#cross"}
			}
		},
		{
			"from": [8.5, 0.5, 7.5],
			"to": [9.5, 2.5, 8.5],
			"faces": {
				"north": {"uv": [8, 14, 9, 16], "texture": "#cross"},
				"east": {"uv": [8, 14, 9, 16], "texture": "#cross"},
				"south": {"uv": [8, 14, 9, 16], "texture": "#cross"},
				"west": {"uv": [8, 14, 9, 16], "texture": "#cross"},
				"up": {"uv": [9, 15, 10, 16], "texture": "#cross"},
				"down": {"uv": [9, 14, 10, 15], "texture": "#cross"}
			}
		},
		{
			"from": [9.5, 2.5, 8],
			"to": [11.5, 3.5, 9],
			"faces": {
				"north": {"uv": [10, 13, 12, 14], "rotation": 90, "texture": "#cross"},
				"east": {"uv": [9, 14, 10, 15], "rotation": 270, "texture": "#cross"},
				"south": {"uv": [10, 13, 12, 14], "rotation": 270, "texture": "#cross"},
				"west": {"uv": [9, 15, 10, 16], "rotation": 270, "texture": "#cross"},
				"up": {"uv": [10, 13, 12, 14], "rotation": 270, "texture": "#cross"},
				"down": {"uv": [10, 13, 12, 14], "rotation": 270, "texture": "#cross"}
			}
		},
		{
			"from": [4.5, 2, 7],
			"to": [6.5, 3, 8],
			"faces": {
				"north": {"uv": [10, 13, 12, 14], "rotation": 270, "texture": "#cross"},
				"east": {"uv": [9, 15, 10, 16], "rotation": 270, "texture": "#cross"},
				"south": {"uv": [10, 13, 12, 14], "rotation": 90, "texture": "#cross"},
				"west": {"uv": [9, 14, 10, 15], "rotation": 270, "texture": "#cross"},
				"up": {"uv": [10, 13, 12, 14], "rotation": 90, "texture": "#cross"},
				"down": {"uv": [10, 13, 12, 14], "rotation": 90, "texture": "#cross"}
			}
		},
		{
			"from": [6.5, 0, 7.5],
			"to": [7.5, 2, 8.5],
			"faces": {
				"north": {"uv": [8, 14, 9, 16], "texture": "#cross"},
				"east": {"uv": [8, 14, 9, 16], "texture": "#cross"},
				"south": {"uv": [8, 14, 9, 16], "texture": "#cross"},
				"west": {"uv": [8, 14, 9, 16], "texture": "#cross"},
				"up": {"uv": [9, 15, 10, 16], "rotation": 180, "texture": "#cross"},
				"down": {"uv": [9, 14, 10, 15], "rotation": 180, "texture": "#cross"}
			}
		}
	],
	"display": {
		"thirdperson_righthand": {
			"rotation": [25, 0, 0],
			"translation": [0, 3.25, 2],
			"scale": [0.5, 0.5, 0.5]
		},
		"thirdperson_lefthand": {
			"rotation": [25, 0, 0],
			"translation": [0, 3.25, 2],
			"scale": [0.5, 0.5, 0.5]
		},
		"firstperson_righthand": {
			"rotation": [0, 10, 15],
			"translation": [2.75, 4, 0],
			"scale": [0.6, 0.6, 0.6]
		},
		"firstperson_lefthand": {
			"rotation": [0, 10, 15],
			"translation": [2.75, 4, 0],
			"scale": [0.6, 0.6, 0.6]
		},
		"ground": {
			"translation": [0, -0.75, 0],
			"scale": [0.5, 0.5, 0.5]
		},
		"gui": {
			"rotation": [30, 139, 0],
			"translation": [0, -0.35, 0]
		},
		"fixed": {
			"rotation": [-15, 0, 0],
			"translation": [0, -0.5, -2.5]
		}
	},
	"groups": [0,
		{
			"name": "group",
			"origin": [0, 0, 0],
			"color": 0,
			"children": [1, 2, 3, 4, 5, 6, 7, 8, 9, 10, 11, 12, 13]
		},
		{
			"name": "group",
			"origin": [0, 0, 0],
			"color": 0,
			"children": [14, 15, 16, 17, 18, 19]
		}, 20, 21, 22, 23]
}