{
	"credit": "by ZiYun",
	"parent": "minecraft:block/cross",
	"textures": {
		"cross": "block/red_mushroom"
	},
	"elements": [
		{
			"from": [7.5, 0, 7.5],
			"to": [8, 5, 8],
			"faces": {
				"north": {"uv": [7.5, 13, 8, 16], "texture": "#cross"},
				"east": {"uv": [7.5, 13, 8, 16], "texture": "#cross"},
				"south": {"uv": [8, 13, 8.5, 16], "texture": "#cross"},
				"west": {"uv": [8, 13, 8.5, 16], "texture": "#cross"},
				"up": {"uv": [7.5, 13, 8, 13.5], "texture": "#cross"},
				"down": {"uv": [7.5, 13, 8, 13.5], "texture": "#cross"}
			}
		},
		{
			"from": [7.5, 0, 8],
			"to": [8, 5, 8.5],
			"faces": {
				"north": {"uv": [7.5, 13, 8, 16], "texture": "#cross"},
				"east": {"uv": [7.5, 13, 8, 16], "texture": "#cross"},
				"south": {"uv": [8, 13, 8.5, 16], "texture": "#cross"},
				"west": {"uv": [7.5, 13, 8, 16], "texture": "#cross"},
				"up": {"uv": [7.5, 13, 8, 13.5], "texture": "#cross"},
				"down": {"uv": [7.5, 13, 8, 13.5], "texture": "#cross"}
			}
		},
		{
			"from": [8, 0, 7.5],
			"to": [8.5, 5, 8],
			"faces": {
				"north": {"uv": [8, 13, 8.5, 16], "texture": "#cross"},
				"east": {"uv": [7.5, 13, 8, 16], "texture": "#cross"},
				"south": {"uv": [7.5, 13, 8, 16], "texture": "#cross"},
				"west": {"uv": [7.5, 13, 8, 16], "texture": "#cross"},
				"up": {"uv": [7.5, 13, 8, 13.5], "texture": "#cross"},
				"down": {"uv": [7.5, 13, 8, 13.5], "texture": "#cross"}
			}
		},
		{
			"from": [8, 0, 8],
			"to": [8.5, 5, 8.5],
			"faces": {
				"north": {"uv": [8, 13, 8.5, 16], "texture": "#cross"},
				"east": {"uv": [8, 13, 8.5, 16], "texture": "#cross"},
				"south": {"uv": [7.5, 13, 8, 16], "texture": "#cross"},
				"west": {"uv": [7.5, 13, 8, 16], "texture": "#cross"},
				"up": {"uv": [7.5, 13, 8, 13.5], "texture": "#cross"},
				"down": {"uv": [7.5, 13, 8, 13.5], "texture": "#cross"}
			}
		},
		{
			"from": [6, 5, 6],
			"to": [10, 5.5, 10],
			"faces": {
				"north": {"uv": [6, 10, 10, 10.5], "texture": "#cross"},
				"east": {"uv": [6, 12.5, 10, 13], "texture": "#cross"},
				"south": {"uv": [6.5, 11.5, 10.5, 12], "texture": "#cross"},
				"west": {"uv": [6, 9.5, 10, 10], "texture": "#cross"},
				"up": {"uv": [6.5, 9, 10.5, 13], "texture": "#cross"},
				"down": {"uv": [6.5, 9, 10.5, 13], "texture": "#cross"}
			}
		},
		{
			"from": [6, 2.5, 5.5],
			"to": [10, 5, 6],
			"faces": {
				"north": {"uv": [6, 10.5, 10, 13], "texture": "#cross"},
				"east": {"uv": [9, 9.5, 9.5, 12], "texture": "#cross"},
				"south": {"uv": [6, 10, 10, 12.5], "texture": "#cross"},
				"west": {"uv": [6, 10, 6.5, 12.5], "texture": "#cross"},
				"up": {"uv": [6, 10, 10, 10.5], "texture": "#cross"},
				"down": {"uv": [6, 11.5, 10, 12], "texture": "#cross"}
			}
		},
		{
			"from": [6, 2.5, 10],
			"to": [10, 5, 10.5],
			"faces": {
				"north": {"uv": [6, 10.5, 10, 13], "texture": "#cross"},
				"east": {"uv": [9, 9.5, 9.5, 12], "texture": "#cross"},
				"south": {"uv": [6, 10, 10, 12.5], "texture": "#cross"},
				"west": {"uv": [6, 10, 6.5, 12.5], "texture": "#cross"},
				"up": {"uv": [6, 10, 10, 10.5], "texture": "#cross"},
				"down": {"uv": [6, 11.5, 10, 12], "texture": "#cross"}
			}
		},
		{
			"from": [10, 2.5, 6],
			"to": [10.5, 5, 10],
			"faces": {
				"north": {"uv": [9, 9.5, 9.5, 12], "texture": "#cross"},
				"east": {"uv": [6, 10, 10, 12.5], "texture": "#cross"},
				"south": {"uv": [6, 10, 6.5, 12.5], "texture": "#cross"},
				"west": {"uv": [6, 10.5, 10, 13], "texture": "#cross"},
				"up": {"uv": [6, 10, 10, 10.5], "rotation": 270, "texture": "#cross"},
				"down": {"uv": [6, 11.5, 10, 12], "rotation": 90, "texture": "#cross"}
			}
		},
		{
			"from": [5.5, 2.5, 6],
			"to": [6, 5, 10],
			"faces": {
				"north": {"uv": [9, 9.5, 9.5, 12], "texture": "#cross"},
				"east": {"uv": [6, 10, 10, 12.5], "texture": "#cross"},
				"south": {"uv": [6, 10, 6.5, 12.5], "texture": "#cross"},
				"west": {"uv": [6, 10.5, 10, 13], "texture": "#cross"},
				"up": {"uv": [6, 10, 10, 10.5], "rotation": 270, "texture": "#cross"},
				"down": {"uv": [6, 11.5, 10, 12], "rotation": 90, "texture": "#cross"}
			}
		}
	],
	"display": {
		"thirdperson_righthand": {
			"rotation": [-40, 90, 55],
			"translation": [0, 6.25, 3],
			"scale": [0.85, 0.85, 0.85]
		},
		"thirdperson_lefthand": {
			"rotation": [-40, -90, -55],
			"translation": [0, 6.25, 3],
			"scale": [0.85, 0.85, 0.85]
		},
		"firstperson_righthand": {
			"rotation": [-30, 30, 18],
			"translation": [-0.75, 6.25, 0.8],
			"scale": [0.68, 0.68, 0.68]
		},
		"firstperson_lefthand": {
			"rotation": [-30, 30, 18],
			"translation": [-0.75, 6.25, 0.8],
			"scale": [0.68, 0.68, 0.68]
		},
		"ground": {
			"translation": [0, 2.25, 0],
			"scale": [0.6, 0.6, 0.6]
		},
		"gui": {
			"rotation": [20, -25, 0],
			"translation": [0, 3.5, 0],
			"scale": [1.5, 1.5, 1.5]
		},
		"fixed": {
			"translation": [0, 4, 0],
			"scale": [1.5, 1.5, 1.5]
		}
	}
}