{
	"credit": "by ZiYun",
	"parent": "minecraft:block/cross",
	"textures": {
		"cross": "block/red_tulip"
	},
	"elements": [
		{
			"from": [7.5, 0, 7.5],
			"to": [8.5, 9, 8.5],
			"faces": {
				"north": {"uv": [7, 7, 8, 16], "texture": "#cross"},
				"east": {"uv": [7, 7, 8, 16], "texture": "#cross"},
				"south": {"uv": [7, 7, 8, 16], "texture": "#cross"},
				"west": {"uv": [7, 7, 8, 16], "texture": "#cross"},
				"up": {"uv": [7, 7, 8, 8], "texture": "#cross"},
				"down": {"uv": [7, 15, 8, 16], "texture": "#cross"}
			}
		},
		{
			"from": [7.5, 10, 7.5],
			"to": [8.5, 11, 8.5],
			"faces": {
				"north": {"uv": [7, 6, 8, 7], "texture": "#cross"},
				"east": {"uv": [7, 6, 8, 7], "texture": "#cross"},
				"south": {"uv": [7, 6, 8, 7], "texture": "#cross"},
				"west": {"uv": [7, 6, 8, 7], "texture": "#cross"},
				"up": {"uv": [7, 6, 8, 7], "texture": "#cross"},
				"down": {"uv": [7, 6, 8, 7], "texture": "#cross"}
			}
		},
		{
			"from": [7, 9, 7.5],
			"to": [7.5, 10, 8.5],
			"faces": {
				"north": {"uv": [7, 5, 8, 6], "texture": "#cross"},
				"east": {"uv": [7, 5, 8, 6], "texture": "#cross"},
				"south": {"uv": [7, 5, 8, 6], "texture": "#cross"},
				"west": {"uv": [7, 5, 8, 6], "texture": "#cross"},
				"up": {"uv": [7, 5, 8, 6], "texture": "#cross"},
				"down": {"uv": [7, 5, 8, 6], "texture": "#cross"}
			}
		},
		{
			"from": [8.5, 9, 7.5],
			"to": [9, 10, 8.5],
			"faces": {
				"north": {"uv": [7, 5, 8, 6], "texture": "#cross"},
				"east": {"uv": [7, 5, 8, 6], "texture": "#cross"},
				"south": {"uv": [7, 5, 8, 6], "texture": "#cross"},
				"west": {"uv": [7, 5, 8, 6], "texture": "#cross"},
				"up": {"uv": [7, 5, 8, 6], "texture": "#cross"},
				"down": {"uv": [7, 5, 8, 6], "texture": "#cross"}
			}
		},
		{
			"from": [7.5, 9, 8.5],
			"to": [8.5, 10, 9],
			"faces": {
				"north": {"uv": [7, 5, 8, 6], "texture": "#cross"},
				"east": {"uv": [7, 5, 8, 6], "texture": "#cross"},
				"south": {"uv": [7, 5, 8, 6], "texture": "#cross"},
				"west": {"uv": [7, 5, 8, 6], "texture": "#cross"},
				"up": {"uv": [7, 5, 8, 6], "texture": "#cross"},
				"down": {"uv": [7, 5, 8, 6], "texture": "#cross"}
			}
		},
		{
			"from": [7.5, 9, 7],
			"to": [8.5, 10, 7.5],
			"faces": {
				"north": {"uv": [7, 5, 8, 6], "texture": "#cross"},
				"east": {"uv": [7, 5, 8, 6], "texture": "#cross"},
				"south": {"uv": [7, 5, 8, 6], "texture": "#cross"},
				"west": {"uv": [7, 5, 8, 6], "texture": "#cross"},
				"up": {"uv": [7, 5, 8, 6], "texture": "#cross"},
				"down": {"uv": [7, 5, 8, 6], "texture": "#cross"}
			}
		},
		{
			"from": [7.5, 10, 6.5],
			"to": [8.5, 11, 7],
			"faces": {
				"north": {"uv": [8, 4, 9, 5], "texture": "#cross"},
				"east": {"uv": [8, 4, 9, 5], "texture": "#cross"},
				"south": {"uv": [8, 4, 9, 5], "texture": "#cross"},
				"west": {"uv": [8, 4, 9, 5], "texture": "#cross"},
				"up": {"uv": [8, 4, 9, 5], "texture": "#cross"},
				"down": {"uv": [8, 4, 9, 5], "texture": "#cross"}
			}
		},
		{
			"from": [6.5, 10, 6.5],
			"to": [7.5, 11, 7],
			"faces": {
				"north": {"uv": [8, 4, 9, 5], "texture": "#cross"},
				"east": {"uv": [8, 4, 9, 5], "texture": "#cross"},
				"south": {"uv": [8, 4, 9, 5], "texture": "#cross"},
				"west": {"uv": [8, 4, 9, 5], "texture": "#cross"},
				"up": {"uv": [8, 4, 9, 5], "texture": "#cross"},
				"down": {"uv": [8, 4, 9, 5], "texture": "#cross"}
			}
		},
		{
			"from": [6.5, 11, 6.5],
			"to": [7.5, 12, 7],
			"faces": {
				"north": {"uv": [7, 5, 8, 6], "texture": "#cross"},
				"east": {"uv": [7, 5, 8, 6], "texture": "#cross"},
				"south": {"uv": [7, 5, 8, 6], "texture": "#cross"},
				"west": {"uv": [7, 5, 8, 6], "texture": "#cross"},
				"up": {"uv": [7, 5, 8, 6], "texture": "#cross"},
				"down": {"uv": [7, 5, 8, 6], "texture": "#cross"}
			}
		},
		{
			"from": [6.5, 11, 7],
			"to": [7, 12, 7.5],
			"faces": {
				"north": {"uv": [7, 5, 8, 6], "texture": "#cross"},
				"east": {"uv": [7, 5, 8, 6], "texture": "#cross"},
				"south": {"uv": [7, 5, 8, 6], "texture": "#cross"},
				"west": {"uv": [7, 5, 8, 6], "texture": "#cross"},
				"up": {"uv": [7, 5, 8, 6], "texture": "#cross"},
				"down": {"uv": [7, 5, 8, 6], "texture": "#cross"}
			}
		},
		{
			"from": [6.5, 11, 8.5],
			"to": [7, 12, 9],
			"faces": {
				"north": {"uv": [7, 5, 8, 6], "texture": "#cross"},
				"east": {"uv": [7, 5, 8, 6], "texture": "#cross"},
				"south": {"uv": [7, 5, 8, 6], "texture": "#cross"},
				"west": {"uv": [7, 5, 8, 6], "texture": "#cross"},
				"up": {"uv": [7, 5, 8, 6], "texture": "#cross"},
				"down": {"uv": [7, 5, 8, 6], "texture": "#cross"}
			}
		},
		{
			"from": [9, 11, 8.5],
			"to": [9.5, 12, 9],
			"faces": {
				"north": {"uv": [7, 5, 8, 6], "texture": "#cross"},
				"east": {"uv": [7, 5, 8, 6], "texture": "#cross"},
				"south": {"uv": [7, 5, 8, 6], "texture": "#cross"},
				"west": {"uv": [7, 5, 8, 6], "texture": "#cross"},
				"up": {"uv": [7, 5, 8, 6], "texture": "#cross"},
				"down": {"uv": [7, 5, 8, 6], "texture": "#cross"}
			}
		},
		{
			"from": [9, 11, 7],
			"to": [9.5, 12, 7.5],
			"faces": {
				"north": {"uv": [7, 5, 8, 6], "texture": "#cross"},
				"east": {"uv": [7, 5, 8, 6], "texture": "#cross"},
				"south": {"uv": [7, 5, 8, 6], "texture": "#cross"},
				"west": {"uv": [7, 5, 8, 6], "texture": "#cross"},
				"up": {"uv": [7, 5, 8, 6], "texture": "#cross"},
				"down": {"uv": [7, 5, 8, 6], "texture": "#cross"}
			}
		},
		{
			"from": [8.5, 10, 6.5],
			"to": [9.5, 11, 7],
			"faces": {
				"north": {"uv": [7, 5, 8, 6], "texture": "#cross"},
				"east": {"uv": [7, 5, 8, 6], "texture": "#cross"},
				"south": {"uv": [7, 5, 8, 6], "texture": "#cross"},
				"west": {"uv": [7, 5, 8, 6], "texture": "#cross"},
				"up": {"uv": [7, 5, 8, 6], "texture": "#cross"},
				"down": {"uv": [7, 5, 8, 6], "texture": "#cross"}
			}
		},
		{
			"from": [8.5, 11, 6.5],
			"to": [9.5, 12, 7],
			"faces": {
				"north": {"uv": [7, 5, 8, 6], "texture": "#cross"},
				"east": {"uv": [7, 5, 8, 6], "texture": "#cross"},
				"south": {"uv": [7, 5, 8, 6], "texture": "#cross"},
				"west": {"uv": [7, 5, 8, 6], "texture": "#cross"},
				"up": {"uv": [7, 5, 8, 6], "texture": "#cross"},
				"down": {"uv": [7, 5, 8, 6], "texture": "#cross"}
			}
		},
		{
			"from": [8.5, 10, 9],
			"to": [9.5, 11, 9.5],
			"faces": {
				"north": {"uv": [7, 5, 8, 6], "texture": "#cross"},
				"east": {"uv": [7, 5, 8, 6], "texture": "#cross"},
				"south": {"uv": [7, 5, 8, 6], "texture": "#cross"},
				"west": {"uv": [7, 5, 8, 6], "texture": "#cross"},
				"up": {"uv": [7, 5, 8, 6], "texture": "#cross"},
				"down": {"uv": [7, 5, 8, 6], "texture": "#cross"}
			}
		},
		{
			"from": [8.5, 11, 9],
			"to": [9.5, 12, 9.5],
			"faces": {
				"north": {"uv": [7, 5, 8, 6], "texture": "#cross"},
				"east": {"uv": [7, 5, 8, 6], "texture": "#cross"},
				"south": {"uv": [7, 5, 8, 6], "texture": "#cross"},
				"west": {"uv": [7, 5, 8, 6], "texture": "#cross"},
				"up": {"uv": [7, 5, 8, 6], "texture": "#cross"},
				"down": {"uv": [7, 5, 8, 6], "texture": "#cross"}
			}
		},
		{
			"from": [7.5, 10, 9],
			"to": [8.5, 11, 9.5],
			"faces": {
				"north": {"uv": [8, 4, 9, 5], "texture": "#cross"},
				"east": {"uv": [8, 4, 9, 5], "texture": "#cross"},
				"south": {"uv": [8, 4, 9, 5], "texture": "#cross"},
				"west": {"uv": [8, 4, 9, 5], "texture": "#cross"},
				"up": {"uv": [8, 4, 9, 5], "texture": "#cross"},
				"down": {"uv": [8, 4, 9, 5], "texture": "#cross"}
			}
		},
		{
			"from": [6.5, 10, 9],
			"to": [7.5, 11, 9.5],
			"faces": {
				"north": {"uv": [8, 4, 9, 5], "texture": "#cross"},
				"east": {"uv": [8, 4, 9, 5], "texture": "#cross"},
				"south": {"uv": [8, 4, 9, 5], "texture": "#cross"},
				"west": {"uv": [8, 4, 9, 5], "texture": "#cross"},
				"up": {"uv": [8, 4, 9, 5], "texture": "#cross"},
				"down": {"uv": [8, 4, 9, 5], "texture": "#cross"}
			}
		},
		{
			"from": [6.5, 11, 9],
			"to": [7.5, 12, 9.5],
			"faces": {
				"north": {"uv": [7, 5, 8, 6], "texture": "#cross"},
				"east": {"uv": [7, 5, 8, 6], "texture": "#cross"},
				"south": {"uv": [7, 5, 8, 6], "texture": "#cross"},
				"west": {"uv": [7, 5, 8, 6], "texture": "#cross"},
				"up": {"uv": [7, 5, 8, 6], "texture": "#cross"},
				"down": {"uv": [7, 5, 8, 6], "texture": "#cross"}
			}
		},
		{
			"from": [6.5, 10, 8],
			"to": [7, 11, 9],
			"faces": {
				"north": {"uv": [7, 5, 8, 6], "texture": "#cross"},
				"east": {"uv": [7, 5, 8, 6], "texture": "#cross"},
				"south": {"uv": [7, 5, 8, 6], "texture": "#cross"},
				"west": {"uv": [7, 5, 8, 6], "texture": "#cross"},
				"up": {"uv": [7, 5, 8, 6], "texture": "#cross"},
				"down": {"uv": [7, 5, 8, 6], "texture": "#cross"}
			}
		},
		{
			"from": [6.5, 10, 7],
			"to": [7, 11, 8],
			"faces": {
				"north": {"uv": [7, 5, 8, 6], "texture": "#cross"},
				"east": {"uv": [7, 5, 8, 6], "texture": "#cross"},
				"south": {"uv": [7, 5, 8, 6], "texture": "#cross"},
				"west": {"uv": [7, 5, 8, 6], "texture": "#cross"},
				"up": {"uv": [7, 5, 8, 6], "texture": "#cross"},
				"down": {"uv": [7, 5, 8, 6], "texture": "#cross"}
			}
		},
		{
			"from": [9, 10, 7],
			"to": [9.5, 11, 8],
			"faces": {
				"north": {"uv": [7, 5, 8, 6], "texture": "#cross"},
				"east": {"uv": [7, 5, 8, 6], "texture": "#cross"},
				"south": {"uv": [7, 5, 8, 6], "texture": "#cross"},
				"west": {"uv": [7, 5, 8, 6], "texture": "#cross"},
				"up": {"uv": [7, 5, 8, 6], "texture": "#cross"},
				"down": {"uv": [7, 5, 8, 6], "texture": "#cross"}
			}
		},
		{
			"from": [9, 10, 8],
			"to": [9.5, 11, 9],
			"faces": {
				"north": {"uv": [7, 4, 8, 5], "texture": "#cross"},
				"east": {"uv": [7, 4, 8, 5], "texture": "#cross"},
				"south": {"uv": [7, 4, 8, 5], "texture": "#cross"},
				"west": {"uv": [7, 4, 8, 5], "texture": "#cross"},
				"up": {"uv": [7, 4, 8, 5], "texture": "#cross"},
				"down": {"uv": [7, 4, 8, 5], "texture": "#cross"}
			}
		},
		{
			"from": [8.5, 9.5, 7],
			"to": [9, 10, 7.5],
			"faces": {
				"north": {"uv": [7, 5, 8, 6], "texture": "#cross"},
				"east": {"uv": [7, 5, 8, 6], "texture": "#cross"},
				"south": {"uv": [7, 5, 8, 6], "texture": "#cross"},
				"west": {"uv": [7, 5, 8, 6], "texture": "#cross"},
				"up": {"uv": [7, 5, 8, 6], "texture": "#cross"},
				"down": {"uv": [7, 5, 8, 6], "texture": "#cross"}
			}
		},
		{
			"from": [7, 9.5, 7],
			"to": [7.5, 10, 7.5],
			"faces": {
				"north": {"uv": [7, 5, 8, 6], "texture": "#cross"},
				"east": {"uv": [7, 5, 8, 6], "texture": "#cross"},
				"south": {"uv": [7, 5, 8, 6], "texture": "#cross"},
				"west": {"uv": [7, 5, 8, 6], "texture": "#cross"},
				"up": {"uv": [7, 5, 8, 6], "texture": "#cross"},
				"down": {"uv": [7, 5, 8, 6], "texture": "#cross"}
			}
		},
		{
			"from": [7, 9.5, 8.5],
			"to": [7.5, 10, 9],
			"faces": {
				"north": {"uv": [7, 5, 8, 6], "texture": "#cross"},
				"east": {"uv": [7, 5, 8, 6], "texture": "#cross"},
				"south": {"uv": [7, 5, 8, 6], "texture": "#cross"},
				"west": {"uv": [7, 5, 8, 6], "texture": "#cross"},
				"up": {"uv": [7, 5, 8, 6], "texture": "#cross"},
				"down": {"uv": [7, 5, 8, 6], "texture": "#cross"}
			}
		},
		{
			"from": [8.5, 9.5, 8.5],
			"to": [9, 10, 9],
			"faces": {
				"north": {"uv": [7, 5, 8, 6], "texture": "#cross"},
				"east": {"uv": [7, 5, 8, 6], "texture": "#cross"},
				"south": {"uv": [7, 5, 8, 6], "texture": "#cross"},
				"west": {"uv": [7, 5, 8, 6], "texture": "#cross"},
				"up": {"uv": [7, 5, 8, 6], "texture": "#cross"},
				"down": {"uv": [7, 5, 8, 6], "texture": "#cross"}
			}
		},
		{
			"from": [7.5, 1, 6.5],
			"to": [8.5, 6, 7.5],
			"faces": {
				"north": {"uv": [8, 10, 9, 15], "texture": "#cross"},
				"east": {"uv": [8, 10, 9, 15], "texture": "#cross"},
				"south": {"uv": [8, 10, 9, 15], "texture": "#cross"},
				"west": {"uv": [8, 10, 9, 15], "texture": "#cross"},
				"up": {"uv": [8, 10, 9, 11], "texture": "#cross"},
				"down": {"uv": [8, 14, 9, 15], "texture": "#cross"}
			}
		},
		{
			"from": [8, 3, 5.5],
			"to": [9, 7, 6.5],
			"faces": {
				"north": {"uv": [9, 9, 10, 13], "texture": "#cross"},
				"east": {"uv": [9, 9, 10, 13], "texture": "#cross"},
				"south": {"uv": [9, 9, 10, 13], "texture": "#cross"},
				"west": {"uv": [9, 9, 10, 13], "texture": "#cross"},
				"up": {"uv": [9, 9, 10, 10], "texture": "#cross"},
				"down": {"uv": [9, 12, 10, 13], "texture": "#cross"}
			}
		},
		{
			"from": [7.5, 5, 4.5],
			"to": [8.5, 8, 5.5],
			"faces": {
				"north": {"uv": [10, 8, 11, 11], "texture": "#cross"},
				"east": {"uv": [10, 8, 11, 11], "texture": "#cross"},
				"south": {"uv": [10, 8, 11, 11], "texture": "#cross"},
				"west": {"uv": [10, 8, 11, 11], "texture": "#cross"},
				"up": {"uv": [10, 8, 11, 9], "texture": "#cross"},
				"down": {"uv": [10, 10, 11, 11], "texture": "#cross"}
			}
		},
		{
			"from": [7, 7, 3.5],
			"to": [8, 8, 4.5],
			"faces": {
				"north": {"uv": [11, 8, 12, 9], "texture": "#cross"},
				"east": {"uv": [11, 8, 12, 9], "texture": "#cross"},
				"south": {"uv": [11, 8, 12, 9], "texture": "#cross"},
				"west": {"uv": [11, 8, 12, 9], "texture": "#cross"},
				"up": {"uv": [11, 8, 12, 9], "texture": "#cross"},
				"down": {"uv": [11, 8, 12, 9], "texture": "#cross"}
			}
		},
		{
			"from": [7.5, 1.5, 8.5],
			"to": [8.5, 6.5, 9.5],
			"faces": {
				"north": {"uv": [8, 10, 9, 15], "texture": "#cross"},
				"east": {"uv": [8, 10, 9, 15], "texture": "#cross"},
				"south": {"uv": [8, 10, 9, 15], "texture": "#cross"},
				"west": {"uv": [8, 10, 9, 15], "texture": "#cross"},
				"up": {"uv": [8, 10, 9, 11], "rotation": 180, "texture": "#cross"},
				"down": {"uv": [8, 14, 9, 15], "rotation": 180, "texture": "#cross"}
			}
		},
		{
			"from": [7, 3, 9.5],
			"to": [8, 7, 10.5],
			"faces": {
				"north": {"uv": [9, 9, 10, 13], "texture": "#cross"},
				"east": {"uv": [9, 9, 10, 13], "texture": "#cross"},
				"south": {"uv": [9, 9, 10, 13], "texture": "#cross"},
				"west": {"uv": [9, 9, 10, 13], "texture": "#cross"},
				"up": {"uv": [9, 9, 10, 10], "rotation": 180, "texture": "#cross"},
				"down": {"uv": [9, 12, 10, 13], "rotation": 180, "texture": "#cross"}
			}
		},
		{
			"from": [7.5, 5, 10.5],
			"to": [8.5, 8, 11.5],
			"faces": {
				"north": {"uv": [10, 8, 11, 11], "texture": "#cross"},
				"east": {"uv": [10, 8, 11, 11], "texture": "#cross"},
				"south": {"uv": [10, 8, 11, 11], "texture": "#cross"},
				"west": {"uv": [10, 8, 11, 11], "texture": "#cross"},
				"up": {"uv": [10, 8, 11, 9], "rotation": 180, "texture": "#cross"},
				"down": {"uv": [10, 10, 11, 11], "rotation": 180, "texture": "#cross"}
			}
		},
		{
			"from": [8, 7.5, 11.5],
			"to": [9, 8.5, 12.5],
			"faces": {
				"north": {"uv": [11, 8, 12, 9], "texture": "#cross"},
				"east": {"uv": [11, 8, 12, 9], "texture": "#cross"},
				"south": {"uv": [11, 8, 12, 9], "texture": "#cross"},
				"west": {"uv": [11, 8, 12, 9], "texture": "#cross"},
				"up": {"uv": [11, 8, 12, 9], "rotation": 180, "texture": "#cross"},
				"down": {"uv": [11, 8, 12, 9], "rotation": 180, "texture": "#cross"}
			}
		},
		{
			"from": [6.5, 0, 7.5],
			"to": [7.5, 8, 8.5],
			"faces": {
				"north": {"uv": [6, 7, 7, 15], "texture": "#cross"},
				"east": {"uv": [6, 7, 7, 15], "texture": "#cross"},
				"south": {"uv": [6, 7, 7, 15], "texture": "#cross"},
				"west": {"uv": [6, 7, 7, 15], "texture": "#cross"},
				"up": {"uv": [6, 7, 7, 8], "texture": "#cross"},
				"down": {"uv": [6, 14, 7, 15], "texture": "#cross"}
			}
		},
		{
			"from": [5.5, 2, 7],
			"to": [6.5, 9, 8],
			"faces": {
				"north": {"uv": [5, 6, 6, 13], "texture": "#cross"},
				"east": {"uv": [5, 6, 6, 13], "texture": "#cross"},
				"south": {"uv": [5, 6, 6, 13], "texture": "#cross"},
				"west": {"uv": [5, 6, 6, 13], "texture": "#cross"},
				"up": {"uv": [5, 6, 6, 7], "texture": "#cross"},
				"down": {"uv": [5, 12, 6, 13], "texture": "#cross"}
			}
		},
		{
			"from": [4.5, 7, 7.5],
			"to": [5.5, 10, 8.5],
			"faces": {
				"north": {"uv": [4, 5, 5, 8], "texture": "#cross"},
				"east": {"uv": [4, 5, 5, 8], "texture": "#cross"},
				"south": {"uv": [4, 5, 5, 8], "texture": "#cross"},
				"west": {"uv": [4, 5, 5, 8], "texture": "#cross"},
				"up": {"uv": [4, 5, 5, 6], "texture": "#cross"},
				"down": {"uv": [4, 7, 5, 8], "texture": "#cross"}
			}
		},
		{
			"from": [8.5, 0.5, 7.5],
			"to": [9.5, 8.5, 8.5],
			"faces": {
				"north": {"uv": [6, 7, 7, 15], "texture": "#cross"},
				"east": {"uv": [6, 7, 7, 15], "texture": "#cross"},
				"south": {"uv": [6, 7, 7, 15], "texture": "#cross"},
				"west": {"uv": [6, 7, 7, 15], "texture": "#cross"},
				"up": {"uv": [6, 7, 7, 8], "rotation": 180, "texture": "#cross"},
				"down": {"uv": [6, 14, 7, 15], "rotation": 180, "texture": "#cross"}
			}
		},
		{
			"from": [9.5, 2, 8],
			"to": [10.5, 9, 9],
			"faces": {
				"north": {"uv": [5, 6, 6, 13], "texture": "#cross"},
				"east": {"uv": [5, 6, 6, 13], "texture": "#cross"},
				"south": {"uv": [5, 6, 6, 13], "texture": "#cross"},
				"west": {"uv": [5, 6, 6, 13], "texture": "#cross"},
				"up": {"uv": [5, 6, 6, 7], "rotation": 180, "texture": "#cross"},
				"down": {"uv": [5, 12, 6, 13], "rotation": 180, "texture": "#cross"}
			}
		},
		{
			"from": [10.5, 7, 7.5],
			"to": [11.5, 10, 8.5],
			"faces": {
				"north": {"uv": [4, 5, 5, 8], "texture": "#cross"},
				"east": {"uv": [4, 5, 5, 8], "texture": "#cross"},
				"south": {"uv": [4, 5, 5, 8], "texture": "#cross"},
				"west": {"uv": [4, 5, 5, 8], "texture": "#cross"},
				"up": {"uv": [4, 5, 5, 6], "rotation": 180, "texture": "#cross"},
				"down": {"uv": [4, 7, 5, 8], "rotation": 180, "texture": "#cross"}
			}
		}
	],
	"display": {
		"thirdperson_righthand": {
			"rotation": [25, 0, 0],
			"translation": [0, 3.25, 2],
			"scale": [0.5, 0.5, 0.5]
		},
		"thirdperson_lefthand": {
			"rotation": [25, 0, 0],
			"translation": [0, 3.25, 2],
			"scale": [0.5, 0.5, 0.5]
		},
		"firstperson_righthand": {
			"rotation": [0, 10, 15],
			"translation": [2.75, 4, 0],
			"scale": [0.6, 0.6, 0.6]
		},
		"firstperson_lefthand": {
			"rotation": [0, 10, 15],
			"translation": [2.75, 4, 0],
			"scale": [0.6, 0.6, 0.6]
		},
		"ground": {
			"translation": [0, -0.75, 0],
			"scale": [0.5, 0.5, 0.5]
		},
		"gui": {
			"rotation": [30, 225, 0],
			"translation": [0, -0.75, 0]
		},
		"fixed": {
			"rotation": [-15, 0, 0],
			"translation": [0, -0.5, -2.5]
		}
	},
	"groups": [0,
		{
			"name": "group",
			"origin": [0, 0, 0],
			"color": 0,
			"children": [1, 2, 3, 4, 5, 6, 7, 8, 9, 10, 11, 12, 13, 14, 15, 16, 17, 18, 19, 20, 21, 22, 23, 24, 25, 26, 27]
		},
		{
			"name": "group",
			"origin": [0, 0, 0],
			"color": 0,
			"children": [28, 29, 30, 31]
		},
		{
			"name": "group",
			"origin": [0, 0, 0],
			"color": 0,
			"children": [32, 33, 34, 35]
		},
		{
			"name": "group",
			"origin": [0, 0, 0],
			"color": 0,
			"children": [36, 37, 38]
		},
		{
			"name": "group",
			"origin": [0, 0, 0],
			"color": 0,
			"children": [39, 40, 41]
		}
	]
}