{
	"credit": "by ZiYun",
	"ambientocclusion": false,
	"textures": {
		"particle": "block/repeater_1",
		"top": "block/repeater_1",
		"unlit": "block/redstone_torch_off"
	},
	"elements": [
		{
			"from": [7, 1.75, 6],
			"to": [9, 5, 8],
			"faces": {
				"north": {"uv": [7, 8, 9, 13], "texture": "#unlit"},
				"east": {"uv": [7, 8, 9, 13], "texture": "#unlit"},
				"south": {"uv": [7, 8, 9, 13], "texture": "#unlit"},
				"west": {"uv": [7, 8, 9, 13], "texture": "#unlit"},
				"up": {"uv": [7, 8, 9, 8.5], "texture": "#unlit"},
				"down": {"uv": [7, 13, 9, 15], "texture": "#unlit"}
			}
		},
		{
			"from": [7, 2, 2],
			"to": [9, 5, 4],
			"faces": {
				"north": {"uv": [7, 8, 9, 13], "texture": "#unlit"},
				"east": {"uv": [7, 8, 9, 13], "texture": "#unlit"},
				"south": {"uv": [7, 8, 9, 13], "texture": "#unlit"},
				"west": {"uv": [7, 8, 9, 13], "texture": "#unlit"},
				"up": {"uv": [7, 8, 9, 8.5], "texture": "#unlit"},
				"down": {"uv": [7, 13, 9, 15], "texture": "#unlit"}
			}
		},
		{
			"from": [0, 0, 0],
			"to": [16, 2, 6],
			"faces": {
				"north": {"uv": [0, 14, 16, 16], "texture": "#top"},
				"east": {"uv": [10, 14, 16, 16], "texture": "#top"},
				"south": {"uv": [0, 16, 16, 14], "texture": "#top"},
				"west": {"uv": [0, 14, 6, 16], "texture": "#top"},
				"up": {"uv": [0, 0, 16, 6], "texture": "#top"},
				"down": {"uv": [0, 6, 16, 0], "texture": "#top"}
			}
		},
		{
			"from": [0, 0, 6],
			"to": [7, 2, 14],
			"faces": {
				"north": {"uv": [9, 14, 16, 16], "texture": "#top"},
				"east": {"uv": [4, 16, 12, 14], "texture": "#top"},
				"south": {"uv": [0, 14, 7, 16], "texture": "#top"},
				"west": {"uv": [6, 14, 14, 16], "texture": "#top"},
				"up": {"uv": [0, 6, 7, 14], "texture": "#top"},
				"down": {"uv": [0, 14, 7, 6], "texture": "#top"}
			}
		},
		{
			"from": [9, 0, 6],
			"to": [16, 2, 14],
			"faces": {
				"north": {"uv": [0, 14, 7, 16], "texture": "#top"},
				"east": {"uv": [2, 14, 10, 16], "texture": "#top"},
				"south": {"uv": [9, 14, 16, 16], "texture": "#top"},
				"west": {"uv": [4, 16, 12, 14], "texture": "#top"},
				"up": {"uv": [9, 6, 16, 14], "texture": "#top"},
				"down": {"uv": [9, 14, 16, 6], "texture": "#top"}
			}
		},
		{
			"from": [0, 0, 14],
			"to": [16, 2, 16],
			"faces": {
				"north": {"uv": [0, 16, 16, 14], "texture": "#top"},
				"east": {"uv": [0, 14, 2, 16], "texture": "#top"},
				"south": {"uv": [0, 14, 16, 16], "texture": "#top"},
				"west": {"uv": [14, 14, 16, 16], "texture": "#top"},
				"up": {"uv": [0, 14, 16, 16], "texture": "#top"},
				"down": {"uv": [0, 16, 16, 14], "texture": "#top"}
			}
		},
		{
			"from": [7, 0, 6],
			"to": [9, 1.75, 14],
			"faces": {
				"north": {"uv": [7, 6, 9, 7.75], "texture": "#top"},
				"east": {"uv": [7, 6, 9, 14], "texture": "#top"},
				"south": {"uv": [7, 6, 9, 7.75], "texture": "#top"},
				"west": {"uv": [7, 6, 9, 14], "texture": "#top"},
				"up": {"uv": [7, 6, 9, 14], "texture": "#top"},
				"down": {"uv": [7, 6, 9, 14], "texture": "#top"}
			}
		},
		{
			"from": [5, 2, 6.5],
			"to": [7, 2.35, 7.5],
			"faces": {
				"north": {"uv": [5, 6.5, 7, 6.75], "texture": "#top"},
				"east": {"uv": [5, 6.5, 6, 6.75], "texture": "#top"},
				"south": {"uv": [5, 6.5, 7, 6.75], "texture": "#top"},
				"west": {"uv": [5.5, 6.5, 6.5, 6.75], "texture": "#top"},
				"up": {"uv": [5, 6.5, 7, 7.5], "texture": "#top"},
				"down": {"uv": [5, 6.5, 7, 7.5], "texture": "#top"}
			}
		},
		{
			"from": [12, 2, 4.5],
			"to": [13.5, 2.5, 5],
			"faces": {
				"north": {"uv": [2.5, 4.5, 4, 5], "texture": "#top"},
				"east": {"uv": [3, 1.5, 3.5, 2], "texture": "#top"},
				"south": {"uv": [2.5, 4.5, 4, 5], "texture": "#top"},
				"west": {"uv": [3, 1.5, 3.5, 2], "texture": "#top"},
				"up": {"uv": [2.5, 4.5, 4, 5], "texture": "#top"},
				"down": {"uv": [2.5, 4.5, 4, 5], "texture": "#top"}
			}
		},
		{
			"from": [12, 2, 1.5],
			"to": [13, 2.5, 2],
			"faces": {
				"north": {"uv": [2.5, 4.5, 3.5, 5], "texture": "#top"},
				"east": {"uv": [3, 1.5, 3.5, 2], "texture": "#top"},
				"south": {"uv": [2.5, 4.5, 3.5, 5], "texture": "#top"},
				"west": {"uv": [3, 1.5, 3.5, 2], "texture": "#top"},
				"up": {"uv": [2.5, 4.5, 3.5, 5], "texture": "#top"},
				"down": {"uv": [2.5, 4.5, 3.5, 5], "texture": "#top"}
			}
		},
		{
			"from": [12.5, 2, 2],
			"to": [13, 2.5, 4.5],
			"faces": {
				"north": {"uv": [2.5, 4.5, 3, 5], "texture": "#top"},
				"east": {"uv": [3, 1.5, 3.5, 4.5], "texture": "#top"},
				"south": {"uv": [2.5, 4.5, 3, 5], "texture": "#top"},
				"west": {"uv": [3, 1.5, 3.5, 4.5], "texture": "#top"},
				"up": {"uv": [3, 2, 3.5, 4.5], "texture": "#top"},
				"down": {"uv": [3, 2, 3.5, 4.5], "texture": "#top"}
			}
		},
		{
			"from": [2.5, 2, 4.5],
			"to": [4, 2.5, 5],
			"faces": {
				"north": {"uv": [2.5, 4.5, 4, 5], "texture": "#top"},
				"east": {"uv": [3, 1.5, 3.5, 2], "texture": "#top"},
				"south": {"uv": [2.5, 4.5, 4, 5], "texture": "#top"},
				"west": {"uv": [3, 1.5, 3.5, 2], "texture": "#top"},
				"up": {"uv": [2.5, 4.5, 4, 5], "texture": "#top"},
				"down": {"uv": [2.5, 4.5, 4, 5], "texture": "#top"}
			}
		},
		{
			"from": [2.5, 2, 1.5],
			"to": [3.5, 2.5, 2],
			"faces": {
				"north": {"uv": [2.5, 4.5, 3.5, 5], "texture": "#top"},
				"east": {"uv": [3, 1.5, 3.5, 2], "texture": "#top"},
				"south": {"uv": [2.5, 4.5, 3.5, 5], "texture": "#top"},
				"west": {"uv": [3, 1.5, 3.5, 2], "texture": "#top"},
				"up": {"uv": [2.5, 4.5, 3.5, 5], "texture": "#top"},
				"down": {"uv": [2.5, 4.5, 3.5, 5], "texture": "#top"}
			}
		},
		{
			"from": [3, 2, 2],
			"to": [3.5, 2.5, 4.5],
			"faces": {
				"north": {"uv": [2.5, 4.5, 3, 5], "texture": "#top"},
				"east": {"uv": [3, 1.5, 3.5, 4.5], "texture": "#top"},
				"south": {"uv": [2.5, 4.5, 3, 5], "texture": "#top"},
				"west": {"uv": [3, 1.5, 3.5, 4.5], "texture": "#top"},
				"up": {"uv": [3, 2, 3.5, 4.5], "texture": "#top"},
				"down": {"uv": [3, 2, 3.5, 4.5], "texture": "#top"}
			}
		},
		{
			"from": [9, 2, 6.5],
			"to": [11, 2.35, 7.5],
			"faces": {
				"north": {"uv": [5, 6.5, 7, 6.75], "texture": "#top"},
				"east": {"uv": [5, 6.5, 6, 6.75], "texture": "#top"},
				"south": {"uv": [5, 6.5, 7, 6.75], "texture": "#top"},
				"west": {"uv": [5.5, 6.5, 6.5, 6.75], "texture": "#top"},
				"up": {"uv": [5, 6.5, 7, 7.5], "texture": "#top"},
				"down": {"uv": [5, 6.5, 7, 7.5], "texture": "#top"}
			}
		},
		{
			"from": [7.25, 5.5, 2],
			"to": [8.75, 7, 2.25],
			"faces": {
				"north": {"uv": [7.5, 6, 8.25, 6.75], "texture": "#unlit"},
				"east": {"uv": [8, 6.5, 8.25, 7.25], "texture": "#unlit"},
				"south": {"uv": [7.5, 6, 8.25, 6.75], "texture": "#unlit"},
				"west": {"uv": [8, 6.5, 8.25, 7.25], "texture": "#unlit"},
				"up": {"uv": [8, 6.5, 8.75, 6.75], "texture": "#unlit"},
				"down": {"uv": [7.5, 6.5, 8.25, 6.75], "texture": "#unlit"}
			}
		},
		{
			"from": [7.25, 5.5, 3.75],
			"to": [8.75, 7, 4],
			"faces": {
				"north": {"uv": [7.5, 6, 8.25, 6.75], "texture": "#unlit"},
				"east": {"uv": [8, 6.5, 8.25, 7.25], "texture": "#unlit"},
				"south": {"uv": [7.5, 6, 8.25, 6.75], "texture": "#unlit"},
				"west": {"uv": [8, 6.5, 8.25, 7.25], "texture": "#unlit"},
				"up": {"uv": [8, 6.5, 8.75, 6.75], "texture": "#unlit"},
				"down": {"uv": [7.5, 6.5, 8.25, 6.75], "texture": "#unlit"}
			}
		},
		{
			"from": [7, 5.5, 2.25],
			"to": [7.25, 7, 3.75],
			"faces": {
				"north": {"uv": [7.5, 6, 8.25, 6.75], "texture": "#unlit"},
				"east": {"uv": [8, 6.5, 8.25, 7.25], "texture": "#unlit"},
				"south": {"uv": [7.5, 6, 8.25, 6.75], "texture": "#unlit"},
				"west": {"uv": [8, 6.5, 8.25, 7.25], "texture": "#unlit"},
				"up": {"uv": [8, 6.5, 8.75, 6.75], "texture": "#unlit"},
				"down": {"uv": [7.5, 6.5, 8.25, 6.75], "texture": "#unlit"}
			}
		},
		{
			"from": [8.75, 5.5, 2.25],
			"to": [9, 7, 3.75],
			"faces": {
				"north": {"uv": [7.5, 6, 8.25, 6.75], "texture": "#unlit"},
				"east": {"uv": [8, 6.5, 8.25, 7.25], "texture": "#unlit"},
				"south": {"uv": [7.5, 6, 8.25, 6.75], "texture": "#unlit"},
				"west": {"uv": [8, 6.5, 8.25, 7.25], "texture": "#unlit"},
				"up": {"uv": [8, 6.5, 8.75, 6.75], "texture": "#unlit"},
				"down": {"uv": [7.5, 6.5, 8.25, 6.75], "texture": "#unlit"}
			}
		},
		{
			"from": [7.25, 7, 2.25],
			"to": [8.75, 7.25, 3.75],
			"faces": {
				"north": {"uv": [7.5, 6, 8.25, 6.75], "texture": "#unlit"},
				"east": {"uv": [8, 6.5, 8.25, 7.25], "texture": "#unlit"},
				"south": {"uv": [7.5, 6, 8.25, 6.75], "texture": "#unlit"},
				"west": {"uv": [8, 6.5, 8.25, 7.25], "texture": "#unlit"},
				"up": {"uv": [8, 6.5, 8.75, 6.75], "texture": "#unlit"},
				"down": {"uv": [7.5, 6.5, 8.25, 6.75], "texture": "#unlit"}
			}
		},
		{
			"from": [7.25, 5.25, 2.25],
			"to": [8.75, 5.5, 3.75],
			"faces": {
				"north": {"uv": [7.5, 6, 8.25, 6.75], "texture": "#unlit"},
				"east": {"uv": [8, 6.5, 8.25, 7.25], "texture": "#unlit"},
				"south": {"uv": [7.5, 6, 8.25, 6.75], "texture": "#unlit"},
				"west": {"uv": [8, 6.5, 8.25, 7.25], "texture": "#unlit"},
				"up": {"uv": [8, 6.5, 8.75, 6.75], "texture": "#unlit"},
				"down": {"uv": [7.5, 6.5, 8.25, 6.75], "texture": "#unlit"}
			}
		},
		{
			"from": [7.25, 5.5, 6],
			"to": [8.75, 7, 6.25],
			"faces": {
				"north": {"uv": [7.5, 6, 8.25, 6.75], "texture": "#unlit"},
				"east": {"uv": [8, 6.5, 8.25, 7.25], "texture": "#unlit"},
				"south": {"uv": [7.5, 6, 8.25, 6.75], "texture": "#unlit"},
				"west": {"uv": [8, 6.5, 8.25, 7.25], "texture": "#unlit"},
				"up": {"uv": [8, 6.5, 8.75, 6.75], "texture": "#unlit"},
				"down": {"uv": [7.5, 6.5, 8.25, 6.75], "texture": "#unlit"}
			}
		},
		{
			"from": [7.25, 5.5, 7.75],
			"to": [8.75, 7, 8],
			"faces": {
				"north": {"uv": [7.5, 6, 8.25, 6.75], "texture": "#unlit"},
				"east": {"uv": [8, 6.5, 8.25, 7.25], "texture": "#unlit"},
				"south": {"uv": [7.5, 6, 8.25, 6.75], "texture": "#unlit"},
				"west": {"uv": [8, 6.5, 8.25, 7.25], "texture": "#unlit"},
				"up": {"uv": [8, 6.5, 8.75, 6.75], "texture": "#unlit"},
				"down": {"uv": [7.5, 6.5, 8.25, 6.75], "texture": "#unlit"}
			}
		},
		{
			"from": [7, 5.5, 6.25],
			"to": [7.25, 7, 7.75],
			"faces": {
				"north": {"uv": [7.5, 6, 8.25, 6.75], "texture": "#unlit"},
				"east": {"uv": [8, 6.5, 8.25, 7.25], "texture": "#unlit"},
				"south": {"uv": [7.5, 6, 8.25, 6.75], "texture": "#unlit"},
				"west": {"uv": [8, 6.5, 8.25, 7.25], "texture": "#unlit"},
				"up": {"uv": [8, 6.5, 8.75, 6.75], "texture": "#unlit"},
				"down": {"uv": [7.5, 6.5, 8.25, 6.75], "texture": "#unlit"}
			}
		},
		{
			"from": [8.75, 5.5, 6.25],
			"to": [9, 7, 7.75],
			"faces": {
				"north": {"uv": [7.5, 6, 8.25, 6.75], "texture": "#unlit"},
				"east": {"uv": [8, 6.5, 8.25, 7.25], "texture": "#unlit"},
				"south": {"uv": [7.5, 6, 8.25, 6.75], "texture": "#unlit"},
				"west": {"uv": [8, 6.5, 8.25, 7.25], "texture": "#unlit"},
				"up": {"uv": [8, 6.5, 8.75, 6.75], "texture": "#unlit"},
				"down": {"uv": [7.5, 6.5, 8.25, 6.75], "texture": "#unlit"}
			}
		},
		{
			"from": [7.25, 7, 6.25],
			"to": [8.75, 7.25, 7.75],
			"faces": {
				"north": {"uv": [7.5, 6, 8.25, 6.75], "texture": "#unlit"},
				"east": {"uv": [8, 6.5, 8.25, 7.25], "texture": "#unlit"},
				"south": {"uv": [7.5, 6, 8.25, 6.75], "texture": "#unlit"},
				"west": {"uv": [8, 6.5, 8.25, 7.25], "texture": "#unlit"},
				"up": {"uv": [8, 6.5, 8.75, 6.75], "texture": "#unlit"},
				"down": {"uv": [7.5, 6.5, 8.25, 6.75], "texture": "#unlit"}
			}
		},
		{
			"from": [7.25, 5.25, 6.25],
			"to": [8.75, 5.5, 7.75],
			"faces": {
				"north": {"uv": [7.5, 6, 8.25, 6.75], "texture": "#unlit"},
				"east": {"uv": [8, 6.5, 8.25, 7.25], "texture": "#unlit"},
				"south": {"uv": [7.5, 6, 8.25, 6.75], "texture": "#unlit"},
				"west": {"uv": [8, 6.5, 8.25, 7.25], "texture": "#unlit"},
				"up": {"uv": [8, 6.5, 8.75, 6.75], "texture": "#unlit"},
				"down": {"uv": [7.5, 6.5, 8.25, 6.75], "texture": "#unlit"}
			}
		}
	],
	"display": {
		"thirdperson_righthand": {
			"rotation": [53, 0, 0],
			"translation": [0, 3, 1.25],
			"scale": [0.4, 0.4, 0.4]
		},
		"thirdperson_lefthand": {
			"rotation": [53, 0, 0],
			"translation": [0, 3, 1.25],
			"scale": [0.4, 0.4, 0.4]
		},
		"firstperson_righthand": {
			"rotation": [50, 10, 10],
			"translation": [3.5, 1.5, 0],
			"scale": [0.4, 0.4, 0.4]
		},
		"firstperson_lefthand": {
			"rotation": [50, 10, 10],
			"translation": [3.5, 1.5, 0],
			"scale": [0.4, 0.4, 0.4]
		},
		"ground": {
			"translation": [0, 2.5, 0],
			"scale": [0.6, 0.6, 0.6]
		},
		"gui": {
			"rotation": [30, -144, 0],
			"scale": [0.6, 0.6, 0.6]
		},
		"fixed": {
			"rotation": [-90, -180, 0],
			"translation": [0, 0, -7.5]
		}
	},
	"groups": [0, 1, 2, 3, 4, 5, 6, 7,
		{
			"name": "group",
			"origin": [0, 0, 0],
			"color": 0,
			"children": [8, 9, 10]
		},
		{
			"name": "group",
			"origin": [0, 0, 0],
			"color": 0,
			"children": [11, 12, 13]
		}, 14,
		{
			"name": "group",
			"origin": [0, 0, 0],
			"color": 0,
			"children": [15, 16, 17, 18, 19, 20]
		},
		{
			"name": "group",
			"origin": [0, 0, 0],
			"color": 0,
			"children": [21, 22, 23, 24, 25, 26]
		}
	]
}