{
	"credit": "by ZiYun",
	"parent": "minecraft:block/template_torch",
	"textures": {
		"torch": "block/soul_torch"
	},
	"elements": [
		{
			"from": [7, 0, 7],
			"to": [9, 8, 9],
			"faces": {
				"north": {"uv": [7, 8, 9, 16], "texture": "#torch"},
				"east": {"uv": [7, 8, 9, 16], "texture": "#torch"},
				"south": {"uv": [7, 8, 9, 16], "texture": "#torch"},
				"west": {"uv": [7, 8, 9, 16], "texture": "#torch"},
				"up": {"uv": [7, 8, 9, 8.5], "texture": "#torch"},
				"down": {"uv": [7, 12, 9, 14], "texture": "#torch"}
			}
		},
		{
			"from": [7.25, 8.5, 7],
			"to": [8.75, 10, 7.25],
			"faces": {
				"north": {"uv": [7, 6, 9, 8], "texture": "#torch"},
				"east": {"uv": [8, 6, 8.25, 8], "texture": "#torch"},
				"south": {"uv": [7, 6, 9, 8], "texture": "#torch"},
				"west": {"uv": [8, 6, 8.25, 8], "texture": "#torch"},
				"up": {"uv": [7, 6.5, 9, 6.75], "texture": "#torch"},
				"down": {"uv": [7, 6.5, 9, 6.75], "texture": "#torch"}
			}
		},
		{
			"from": [7.25, 8.5, 8.75],
			"to": [8.75, 10, 9],
			"faces": {
				"north": {"uv": [7, 6, 9, 8], "texture": "#torch"},
				"east": {"uv": [8, 6, 8.25, 8], "texture": "#torch"},
				"south": {"uv": [7, 6, 9, 8], "texture": "#torch"},
				"west": {"uv": [8, 6, 8.25, 8], "texture": "#torch"},
				"up": {"uv": [7, 6.5, 9, 6.75], "texture": "#torch"},
				"down": {"uv": [7, 6.5, 9, 6.75], "texture": "#torch"}
			}
		},
		{
			"from": [8.75, 8.5, 7.25],
			"to": [9, 10, 8.75],
			"faces": {
				"north": {"uv": [8, 6, 8.25, 8], "texture": "#torch"},
				"east": {"uv": [7, 6, 9, 8], "texture": "#torch"},
				"south": {"uv": [8, 6, 8.25, 8], "texture": "#torch"},
				"west": {"uv": [7, 6, 9, 8], "texture": "#torch"},
				"up": {"uv": [7, 6.5, 9, 6.75], "rotation": 270, "texture": "#torch"},
				"down": {"uv": [7, 6.5, 9, 6.75], "rotation": 90, "texture": "#torch"}
			}
		},
		{
			"from": [7, 8.5, 7.25],
			"to": [7.25, 10, 8.75],
			"faces": {
				"north": {"uv": [8, 6, 8.25, 8], "texture": "#torch"},
				"east": {"uv": [7, 6, 9, 8], "texture": "#torch"},
				"south": {"uv": [8, 6, 8.25, 8], "texture": "#torch"},
				"west": {"uv": [7, 6, 9, 8], "texture": "#torch"},
				"up": {"uv": [7, 6.5, 9, 6.75], "rotation": 270, "texture": "#torch"},
				"down": {"uv": [7, 6.5, 9, 6.75], "rotation": 90, "texture": "#torch"}
			}
		},
		{
			"from": [7.25, 10, 7.25],
			"to": [8.75, 10.25, 8.75],
			"faces": {
				"north": {"uv": [8, 6, 8.25, 8], "rotation": 90, "texture": "#torch"},
				"east": {"uv": [7, 6.5, 9, 6.75], "texture": "#torch"},
				"south": {"uv": [8, 6, 8.25, 8], "rotation": 270, "texture": "#torch"},
				"west": {"uv": [7, 6.5, 9, 6.75], "rotation": 180, "texture": "#torch"},
				"up": {"uv": [7, 6, 9, 8], "rotation": 270, "texture": "#torch"},
				"down": {"uv": [7, 6, 9, 8], "rotation": 270, "texture": "#torch"}
			}
		},
		{
			"from": [7.25, 8.25, 7.25],
			"to": [8.75, 8.5, 8.75],
			"faces": {
				"north": {"uv": [8, 6, 8.25, 8], "rotation": 90, "texture": "#torch"},
				"east": {"uv": [7, 6.5, 9, 6.75], "texture": "#torch"},
				"south": {"uv": [8, 6, 8.25, 8], "rotation": 270, "texture": "#torch"},
				"west": {"uv": [7, 6.5, 9, 6.75], "rotation": 180, "texture": "#torch"},
				"up": {"uv": [7, 6, 9, 8], "rotation": 270, "texture": "#torch"},
				"down": {"uv": [7, 6, 9, 8], "rotation": 270, "texture": "#torch"}
			}
		}
	],
	"display": {
		"thirdperson_righthand": {
			"rotation": [23, 0, 0],
			"translation": [0, 2.75, 1]
		},
		"thirdperson_lefthand": {
			"rotation": [23, 0, 0],
			"translation": [0, 2.75, 1]
		},
		"firstperson_righthand": {
			"rotation": [0, 0, 5],
			"translation": [1.5, 4.25, 0]
		},
		"firstperson_lefthand": {
			"rotation": [0, 0, 5],
			"translation": [1.5, 4.25, 0]
		},
		"fixed": {
			"translation": [0, 0, -0.5]
		}
	}
}