{
	"credit": "by ZiYun",
	"parent": "minecraft:block/cross",
	"textures": {
		"cross": "block/warped_fungus"
	},
	"elements": [
		{
			"from": [7, 0, 7],
			"to": [9, 5, 9],
			"faces": {
				"north": {"uv": [7.5, 13.5, 8.5, 16], "texture": "#cross"},
				"east": {"uv": [7.5, 13.5, 8.5, 16], "texture": "#cross"},
				"south": {"uv": [7.5, 13.5, 8.5, 16], "texture": "#cross"},
				"west": {"uv": [7.5, 13.5, 8.5, 16], "texture": "#cross"},
				"down": {"uv": [7.5, 15, 8.5, 16], "texture": "#cross", "cullface": "down"}
			}
		},
		{
			"from": [4, 5, 4],
			"to": [12, 9, 12],
			"faces": {
				"north": {"uv": [6, 11.5, 10, 13.5], "texture": "#cross"},
				"east": {"uv": [6, 9.5, 10, 11.5], "texture": "#cross"},
				"south": {"uv": [6, 11.5, 10, 13.5], "texture": "#cross"},
				"west": {"uv": [6, 9.5, 10, 12], "texture": "#cross"},
				"up": {"uv": [6, 9.5, 10, 13.5], "texture": "#cross"},
				"down": {"uv": [6, 9.5, 10, 13.5], "texture": "#cross"}
			}
		}
	],
	"display": {
		"thirdperson_righthand": {
			"rotation": [15, 0, 0],
			"translation": [0, 3.75, 2],
			"scale": [0.5, 0.5, 0.5]
		},
		"thirdperson_lefthand": {
			"rotation": [15, 0, 0],
			"translation": [0, 3.75, 2],
			"scale": [0.5, 0.5, 0.5]
		},
		"firstperson_righthand": {
			"rotation": [-10, 5, 10],
			"translation": [-0.5, 4.25, 0.8],
			"scale": [0.5, 0.5, 0.5]
		},
		"firstperson_lefthand": {
			"rotation": [-10, 5, 10],
			"translation": [-0.5, 4.25, 0.8],
			"scale": [0.5, 0.5, 0.5]
		},
		"ground": {
			"translation": [0, 0.5, 0],
			"scale": [0.5, 0.5, 0.5]
		},
		"gui": {
			"rotation": [20, -25, 0]
		}
	}
}